match_id,season,date,venue,city,team1,team2,toss_winner,toss_decision,winner,win_by_runs,win_by_wickets,player_of_match,umpire1,umpire2,match_stage
1082591,2017,05-04-2017,"Rajiv Gandhi International Stadium, Uppal",Hyderabad,Sunrisers Hyderabad,Royal Challengers Bangalore,Royal Challengers Bangalore,field,Sunrisers Hyderabad,35,,Yuvraj Singh,AY Dandekar,NJ Llong,
1082592,2017,06-04-2017,Maharashtra Cricket Association Stadium,Pune,Rising Pune Supergiant,Mumbai Indians,Rising Pune Supergiant,field,Rising Pune Supergiant,,7,SPD Smith,A Nand Kishore,S Ravi,
1082593,2017,07-04-2017,Saurashtra Cricket Association Stadium,Rajkot,Gujarat Lions,Kolkata Knight Riders,Kolkata Knight Riders,field,Kolkata Knight Riders,,10,CA Lynn,Nitin Menon,CK Nandan,
1082594,2017,08-04-2017,Holkar Cricket Stadium,Indore,Kings XI Punjab,Rising Pune Supergiant,Kings XI Punjab,field,Kings XI Punjab,,6,GJ Maxwell,AK Chaudhary,C Shamshuddin,
1082595,2017,08-04-2017,M.Chinnaswamy Stadium,Bengaluru,Royal Challengers Bangalore,Delhi Daredevils,Royal Challengers Bangalore,bat,Royal Challengers Bangalore,15,,KM Jadhav,S Ravi,VK Sharma,
1082596,2017,09-04-2017,"Rajiv Gandhi International Stadium, Uppal",Hyderabad,Sunrisers Hyderabad,Gujarat Lions,Sunrisers Hyderabad,field,Sunrisers Hyderabad,,9,Rashid Khan,A Deshmukh,NJ Llong,
1082597,2017,09-04-2017,Wankhede Stadium,Mumbai,Mumbai Indians,Kolkata Knight Riders,Mumbai Indians,field,Mumbai Indians,,4,N Rana,Nitin Menon,CK Nandan,
1082598,2017,10-04-2017,Holkar Cricket Stadium,Indore,Kings XI Punjab,Royal Challengers Bangalore,Royal Challengers Bangalore,bat,Kings XI Punjab,,8,AR Patel,AK Chaudhary,C Shamshuddin,
1082599,2017,11-04-2017,Maharashtra Cricket Association Stadium,Pune,Rising Pune Supergiant,Delhi Daredevils,Rising Pune Supergiant,field,Delhi Daredevils,97,,SV Samson,AY Dandekar,S Ravi,
1082600,2017,12-04-2017,Wankhede Stadium,Mumbai,Mumbai Indians,Sunrisers Hyderabad,Mumbai Indians,field,Mumbai Indians,,4,JJ Bumrah,Nitin Menon,CK Nandan,
1082601,2017,13-04-2017,Eden Gardens,Kolkata,Kolkata Knight Riders,Kings XI Punjab,Kolkata Knight Riders,field,Kolkata Knight Riders,,8,SP Narine,A Deshmukh,NJ Llong,
1082602,2017,14-04-2017,M Chinnaswamy Stadium,Bangalore,Royal Challengers Bangalore,Mumbai Indians,Mumbai Indians,field,Mumbai Indians,,4,KA Pollard,KN Ananthapadmanabhan,AK Chaudhary,
1082603,2017,14-04-2017,Saurashtra Cricket Association Stadium,Rajkot,Gujarat Lions,Rising Pune Supergiant,Gujarat Lions,field,Gujarat Lions,,7,AJ Tye,A Nand Kishore,S Ravi,
1082604,2017,15-04-2017,Eden Gardens,Kolkata,Kolkata Knight Riders,Sunrisers Hyderabad,Sunrisers Hyderabad,field,Kolkata Knight Riders,17,,RV Uthappa,AY Dandekar,NJ Llong,
1082605,2017,15-04-2017,Feroz Shah Kotla,Delhi,Delhi Daredevils,Kings XI Punjab,Delhi Daredevils,bat,Delhi Daredevils,51,,CJ Anderson,YC Barde,Nitin Menon,
1082606,2017,16-04-2017,Wankhede Stadium,Mumbai,Mumbai Indians,Gujarat Lions,Mumbai Indians,field,Mumbai Indians,,6,N Rana,A Nand Kishore,S Ravi,
1082607,2017,16-04-2017,M Chinnaswamy Stadium,Bangalore,Royal Challengers Bangalore,Rising Pune Supergiant,Royal Challengers Bangalore,field,Rising Pune Supergiant,27,,BA Stokes,KN Ananthapadmanabhan,C Shamshuddin,
1082608,2017,17-04-2017,Feroz Shah Kotla,Delhi,Delhi Daredevils,Kolkata Knight Riders,Delhi Daredevils,bat,Kolkata Knight Riders,,4,NM Coulter-Nile,Nitin Menon,CK Nandan,
1082609,2017,17-04-2017,"Rajiv Gandhi International Stadium, Uppal",Hyderabad,Sunrisers Hyderabad,Kings XI Punjab,Kings XI Punjab,field,Sunrisers Hyderabad,5,,B Kumar,AY Dandekar,A Deshmukh,
1082610,2017,18-04-2017,Saurashtra Cricket Association Stadium,Rajkot,Gujarat Lions,Royal Challengers Bangalore,Gujarat Lions,field,Royal Challengers Bangalore,21,,CH Gayle,S Ravi,VK Sharma,
1082611,2017,19-04-2017,"Rajiv Gandhi International Stadium, Uppal",Hyderabad,Sunrisers Hyderabad,Delhi Daredevils,Sunrisers Hyderabad,bat,Sunrisers Hyderabad,15,,KS Williamson,CB Gaffaney,NJ Llong,
1082612,2017,20-04-2017,Holkar Cricket Stadium,Indore,Kings XI Punjab,Mumbai Indians,Mumbai Indians,field,Mumbai Indians,,8,JC Buttler,M Erasmus,C Shamshuddin,
1082613,2017,21-04-2017,Eden Gardens,Kolkata,Kolkata Knight Riders,Gujarat Lions,Gujarat Lions,field,Gujarat Lions,,4,SK Raina,CB Gaffaney,Nitin Menon,
1082614,2017,22-04-2017,Wankhede Stadium,Mumbai,Mumbai Indians,Delhi Daredevils,Delhi Daredevils,field,Mumbai Indians,14,,MJ McClenaghan,A Nand Kishore,S Ravi,
1082615,2017,22-04-2017,Maharashtra Cricket Association Stadium,Pune,Rising Pune Supergiant,Sunrisers Hyderabad,Rising Pune Supergiant,field,Rising Pune Supergiant,,6,MS Dhoni,AY Dandekar,A Deshmukh,
1082616,2017,23-04-2017,Saurashtra Cricket Association Stadium,Rajkot,Gujarat Lions,Kings XI Punjab,Gujarat Lions,field,Kings XI Punjab,26,,HM Amla,AK Chaudhary,M Erasmus,
1082617,2017,23-04-2017,Eden Gardens,Kolkata,Kolkata Knight Riders,Royal Challengers Bangalore,Royal Challengers Bangalore,field,Kolkata Knight Riders,82,,NM Coulter-Nile,CB Gaffaney,CK Nandan,
1082618,2017,24-04-2017,Wankhede Stadium,Mumbai,Mumbai Indians,Rising Pune Supergiant,Mumbai Indians,field,Rising Pune Supergiant,3,,BA Stokes,A Nand Kishore,S Ravi,
1082620,2017,26-04-2017,Maharashtra Cricket Association Stadium,Pune,Rising Pune Supergiant,Kolkata Knight Riders,Kolkata Knight Riders,field,Kolkata Knight Riders,,7,RV Uthappa,AY Dandekar,NJ Llong,
1082621,2017,27-04-2017,M Chinnaswamy Stadium,Bangalore,Royal Challengers Bangalore,Gujarat Lions,Gujarat Lions,field,Gujarat Lions,,7,AJ Tye,AK Chaudhary,C Shamshuddin,
1082622,2017,28-04-2017,Eden Gardens,Kolkata,Kolkata Knight Riders,Delhi Daredevils,Kolkata Knight Riders,field,Kolkata Knight Riders,,7,G Gambhir,NJ Llong,S Ravi,
1082623,2017,28-04-2017,"Punjab Cricket Association IS Bindra Stadium, Mohali",Chandigarh,Kings XI Punjab,Sunrisers Hyderabad,Kings XI Punjab,field,Sunrisers Hyderabad,26,,Rashid Khan,Nitin Menon,CK Nandan,
1082624,2017,29-04-2017,Maharashtra Cricket Association Stadium,Pune,Rising Pune Supergiant,Royal Challengers Bangalore,Royal Challengers Bangalore,field,Rising Pune Supergiant,61,,LH Ferguson,KN Ananthapadmanabhan,M Erasmus,
1082625,2017,29-04-2017,Saurashtra Cricket Association Stadium,Rajkot,Gujarat Lions,Mumbai Indians,Gujarat Lions,bat,,,,KH Pandya,AK Chaudhary,CB Gaffaney,
1082626,2017,30-04-2017,"Punjab Cricket Association IS Bindra Stadium, Mohali",Chandigarh,Kings XI Punjab,Delhi Daredevils,Kings XI Punjab,field,Kings XI Punjab,,10,Sandeep Sharma,YC Barde,CK Nandan,
1082627,2017,30-04-2017,"Rajiv Gandhi International Stadium, Uppal",Hyderabad,Sunrisers Hyderabad,Kolkata Knight Riders,Kolkata Knight Riders,field,Sunrisers Hyderabad,48,,DA Warner,AY Dandekar,S Ravi,
1082628,2017,01-05-2017,Wankhede Stadium,Mumbai,Mumbai Indians,Royal Challengers Bangalore,Royal Challengers Bangalore,bat,Mumbai Indians,,5,RG Sharma,AK Chaudhary,CB Gaffaney,
1082629,2017,01-05-2017,Maharashtra Cricket Association Stadium,Pune,Rising Pune Supergiant,Gujarat Lions,Rising Pune Supergiant,field,Rising Pune Supergiant,,5,BA Stokes,M Erasmus,C Shamshuddin,
1082630,2017,02-05-2017,Feroz Shah Kotla,Delhi,Delhi Daredevils,Sunrisers Hyderabad,Delhi Daredevils,field,Delhi Daredevils,,6,Mohammed Shami,YC Barde,Nitin Menon,
1082631,2017,03-05-2017,Eden Gardens,Kolkata,Kolkata Knight Riders,Rising Pune Supergiant,Rising Pune Supergiant,field,Rising Pune Supergiant,,4,RA Tripathi,KN Ananthapadmanabhan,A Nand Kishore,
1082632,2017,04-05-2017,Feroz Shah Kotla,Delhi,Delhi Daredevils,Gujarat Lions,Delhi Daredevils,field,Delhi Daredevils,,7,RR Pant,M Erasmus,Nitin Menon,
1082633,2017,05-05-2017,M Chinnaswamy Stadium,Bangalore,Royal Challengers Bangalore,Kings XI Punjab,Royal Challengers Bangalore,field,Kings XI Punjab,19,,Sandeep Sharma,CB Gaffaney,C Shamshuddin,
1082634,2017,06-05-2017,"Rajiv Gandhi International Stadium, Uppal",Hyderabad,Sunrisers Hyderabad,Rising Pune Supergiant,Sunrisers Hyderabad,field,Rising Pune Supergiant,12,,JD Unadkat,KN Ananthapadmanabhan,AK Chaudhary,
1082635,2017,06-05-2017,Feroz Shah Kotla,Delhi,Delhi Daredevils,Mumbai Indians,Delhi Daredevils,field,Mumbai Indians,146,,LMP Simmons,Nitin Menon,CK Nandan,
1082636,2017,07-05-2017,M Chinnaswamy Stadium,Bangalore,Royal Challengers Bangalore,Kolkata Knight Riders,Kolkata Knight Riders,field,Kolkata Knight Riders,,6,SP Narine,AY Dandekar,C Shamshuddin,
1082637,2017,07-05-2017,"Punjab Cricket Association IS Bindra Stadium, Mohali",Chandigarh,Kings XI Punjab,Gujarat Lions,Gujarat Lions,field,Gujarat Lions,,6,DR Smith,A Nand Kishore,VK Sharma,
1082638,2017,08-05-2017,"Rajiv Gandhi International Stadium, Uppal",Hyderabad,Sunrisers Hyderabad,Mumbai Indians,Mumbai Indians,bat,Sunrisers Hyderabad,,7,S Dhawan,KN Ananthapadmanabhan,M Erasmus,
1082639,2017,09-05-2017,"Punjab Cricket Association IS Bindra Stadium, Mohali",Chandigarh,Kings XI Punjab,Kolkata Knight Riders,Kolkata Knight Riders,field,Kings XI Punjab,14,,MM Sharma,A Nand Kishore,S Ravi,
1082640,2017,10-05-2017,Green Park,Kanpur,Gujarat Lions,Delhi Daredevils,Delhi Daredevils,field,Delhi Daredevils,,2,SS Iyer,YC Barde,AK Chaudhary,
1082641,2017,11-05-2017,Wankhede Stadium,Mumbai,Mumbai Indians,Kings XI Punjab,Mumbai Indians,field,Kings XI Punjab,7,,WP Saha,A Deshmukh,A Nand Kishore,
1082642,2017,12-05-2017,Feroz Shah Kotla,Delhi,Delhi Daredevils,Rising Pune Supergiant,Delhi Daredevils,bat,Delhi Daredevils,7,,KK Nair,KN Ananthapadmanabhan,CK Nandan,
1082643,2017,13-05-2017,Green Park,Kanpur,Gujarat Lions,Sunrisers Hyderabad,Sunrisers Hyderabad,field,Sunrisers Hyderabad,,8,Mohammed Siraj,AK Chaudhary,Nitin Menon,
1082644,2017,13-05-2017,Eden Gardens,Kolkata,Kolkata Knight Riders,Mumbai Indians,Kolkata Knight Riders,field,Mumbai Indians,9,,AT Rayudu,A Nand Kishore,S Ravi,
1082645,2017,14-05-2017,Maharashtra Cricket Association Stadium,Pune,Rising Pune Supergiant,Kings XI Punjab,Rising Pune Supergiant,field,Rising Pune Supergiant,,9,JD Unadkat,AY Dandekar,A Deshmukh,
1082646,2017,14-05-2017,Feroz Shah Kotla,Delhi,Delhi Daredevils,Royal Challengers Bangalore,Royal Challengers Bangalore,bat,Royal Challengers Bangalore,10,,HV Patel,CK Nandan,C Shamshuddin,
1082647,2017,16-05-2017,Wankhede Stadium,Mumbai,Mumbai Indians,Rising Pune Supergiant,Mumbai Indians,field,Rising Pune Supergiant,20,,Washington Sundar,S Ravi,C Shamshuddin,Qualifier 1
1082648,2017,17-05-2017,M Chinnaswamy Stadium,Bangalore,Sunrisers Hyderabad,Kolkata Knight Riders,Kolkata Knight Riders,field,Kolkata Knight Riders,,7,NM Coulter-Nile,AK Chaudhary,Nitin Menon,Eliminator
1082649,2017,19-05-2017,M Chinnaswamy Stadium,Bangalore,Mumbai Indians,Kolkata Knight Riders,Mumbai Indians,field,Mumbai Indians,,6,KV Sharma,NJ Llong,Nitin Menon,Qualifier 2
1082650,2017,21-05-2017,"Rajiv Gandhi International Stadium, Uppal",Hyderabad,Mumbai Indians,Rising Pune Supergiant,Mumbai Indians,bat,Mumbai Indians,1,,KH Pandya,NJ Llong,S Ravi,Final
1136561,2018,07-04-2018,Wankhede Stadium,Mumbai,Mumbai Indians,Chennai Super Kings,Chennai Super Kings,field,Chennai Super Kings,,1,DJ Bravo,CB Gaffaney,A Nand Kishore,
1136562,2018,08-04-2018,Punjab Cricket Association IS Bindra Stadium,Chandigarh,Delhi Daredevils,Kings XI Punjab,Kings XI Punjab,field,Kings XI Punjab,,6,KL Rahul,KN Ananthapadmanabhan,RJ Tucker,
1136563,2018,08-04-2018,Eden Gardens,Kolkata,Royal Challengers Bangalore,Kolkata Knight Riders,Kolkata Knight Riders,field,Kolkata Knight Riders,,4,SP Narine,A Deshmukh,C Shamshuddin,
1136564,2018,09-04-2018,Rajiv Gandhi International Stadium,Hyderabad,Rajasthan Royals,Sunrisers Hyderabad,Sunrisers Hyderabad,field,Sunrisers Hyderabad,,9,S Dhawan,NJ Llong,VA Kulkarni,
1136565,2018,10-04-2018,MA Chidambaram Stadium,Chennai,Kolkata Knight Riders,Chennai Super Kings,Chennai Super Kings,field,Chennai Super Kings,,5,SW Billings,AK Chaudhary,CB Gaffaney,
1136566,2018,11-04-2018,Sawai Mansingh Stadium,Jaipur,Rajasthan Royals,Delhi Daredevils,Delhi Daredevils,field,Rajasthan Royals,10,,SV Samson,KN Ananthapadmanabhan,Nitin Menon,
1136567,2018,12-04-2018,Rajiv Gandhi International Stadium,Hyderabad,Mumbai Indians,Sunrisers Hyderabad,Sunrisers Hyderabad,field,Sunrisers Hyderabad,,1,Rashid Khan,CK Nandan,NJ Llong,
1136568,2018,13-04-2018,M.Chinnaswamy Stadium,Bengaluru,Kings XI Punjab,Royal Challengers Bangalore,Royal Challengers Bangalore,field,Royal Challengers Bangalore,,4,UT Yadav,A Deshmukh,S Ravi,
1136569,2018,14-04-2018,Wankhede Stadium,Mumbai,Mumbai Indians,Delhi Daredevils,Delhi Daredevils,field,Delhi Daredevils,,7,JJ Roy,KN Ananthapadmanabhan,Nitin Menon,
1136570,2018,14-04-2018,Eden Gardens,Kolkata,Kolkata Knight Riders,Sunrisers Hyderabad,Sunrisers Hyderabad,field,Sunrisers Hyderabad,,5,B Stanlake,AK Chaudhary,A Nand Kishore,
1136571,2018,15-04-2018,M.Chinnaswamy Stadium,Bengaluru,Rajasthan Royals,Royal Challengers Bangalore,Royal Challengers Bangalore,field,Rajasthan Royals,19,,SV Samson,C Shamshuddin,S Ravi,
1136572,2018,15-04-2018,Punjab Cricket Association IS Bindra Stadium,Chandigarh,Kings XI Punjab,Chennai Super Kings,Chennai Super Kings,field,Kings XI Punjab,4,,CH Gayle,CK Nandan,VA Kulkarni,
1136573,2018,16-04-2018,Eden Gardens,Kolkata,Kolkata Knight Riders,Delhi Daredevils,Delhi Daredevils,field,Kolkata Knight Riders,71,,N Rana,AK Chaudhary,A Nand Kishore,
1136574,2018,17-04-2018,Wankhede Stadium,Mumbai,Mumbai Indians,Royal Challengers Bangalore,Royal Challengers Bangalore,field,Mumbai Indians,46,,RG Sharma,Nitin Menon,RJ Tucker,
1136575,2018,18-04-2018,Sawai Mansingh Stadium,Jaipur,Rajasthan Royals,Kolkata Knight Riders,Kolkata Knight Riders,field,Kolkata Knight Riders,,7,N Rana,A Deshmukh,S Ravi,
1136576,2018,19-04-2018,Punjab Cricket Association IS Bindra Stadium,Chandigarh,Kings XI Punjab,Sunrisers Hyderabad,Kings XI Punjab,bat,Kings XI Punjab,15,,CH Gayle,AK Chaudhary,NJ Llong,
1136577,2018,20-04-2018,Maharashtra Cricket Association Stadium,Pune,Chennai Super Kings,Rajasthan Royals,Rajasthan Royals,field,Chennai Super Kings,64,,SR Watson,KN Ananthapadmanabhan,Nitin Menon,
1136578,2018,21-04-2018,Eden Gardens,Kolkata,Kolkata Knight Riders,Kings XI Punjab,Kings XI Punjab,field,Kings XI Punjab,,9,KL Rahul,A Deshmukh,C Shamshuddin,
1136579,2018,21-04-2018,M.Chinnaswamy Stadium,Bengaluru,Delhi Daredevils,Royal Challengers Bangalore,Royal Challengers Bangalore,field,Royal Challengers Bangalore,,6,AB de Villiers,CB Gaffaney,CK Nandan,
1136580,2018,22-04-2018,Rajiv Gandhi International Stadium,Hyderabad,Chennai Super Kings,Sunrisers Hyderabad,Sunrisers Hyderabad,field,Chennai Super Kings,4,,AT Rayudu,AK Chaudhary,VA Kulkarni,
1136581,2018,22-04-2018,Sawai Mansingh Stadium,Jaipur,Mumbai Indians,Rajasthan Royals,Mumbai Indians,bat,Rajasthan Royals,,3,JC Archer,KN Ananthapadmanabhan,RJ Tucker,
1136582,2018,23-04-2018,Arun Jaitley Stadium,Delhi,Kings XI Punjab,Delhi Daredevils,Delhi Daredevils,field,Kings XI Punjab,4,,AS Rajpoot,A Nand Kishore,CK Nandan,
1136583,2018,24-04-2018,Wankhede Stadium,Mumbai,Sunrisers Hyderabad,Mumbai Indians,Mumbai Indians,field,Sunrisers Hyderabad,31,,Rashid Khan,C Shamshuddin,S Ravi,
1136584,2018,25-04-2018,M.Chinnaswamy Stadium,Bengaluru,Royal Challengers Bangalore,Chennai Super Kings,Chennai Super Kings,field,Chennai Super Kings,,5,MS Dhoni,NJ Llong,VK Sharma,
1136585,2018,26-04-2018,Rajiv Gandhi International Stadium,Hyderabad,Sunrisers Hyderabad,Kings XI Punjab,Kings XI Punjab,field,Sunrisers Hyderabad,13,,AS Rajpoot,CK Nandan,YC Barde,
1136586,2018,27-04-2018,Arun Jaitley Stadium,Delhi,Delhi Daredevils,Kolkata Knight Riders,Kolkata Knight Riders,field,Delhi Daredevils,55,,SS Iyer,C Shamshuddin,S Ravi,
1136587,2018,28-04-2018,Maharashtra Cricket Association Stadium,Pune,Chennai Super Kings,Mumbai Indians,Mumbai Indians,field,Mumbai Indians,,8,RG Sharma,CB Gaffaney,Nitin Menon,
1136588,2018,29-04-2018,Sawai Mansingh Stadium,Jaipur,Sunrisers Hyderabad,Rajasthan Royals,Sunrisers Hyderabad,bat,Sunrisers Hyderabad,11,,KS Williamson,BNJ Oxenford,A Nand Kishore,
1136589,2018,29-04-2018,M.Chinnaswamy Stadium,Bengaluru,Royal Challengers Bangalore,Kolkata Knight Riders,Kolkata Knight Riders,field,Kolkata Knight Riders,,6,CA Lynn,AK Chaudhary,NJ Llong,
1136590,2018,30-04-2018,Maharashtra Cricket Association Stadium,Pune,Chennai Super Kings,Delhi Daredevils,Delhi Daredevils,field,Chennai Super Kings,13,,SR Watson,AY Dandekar,C Shamshuddin,
1136591,2018,01-05-2018,M.Chinnaswamy Stadium,Bengaluru,Royal Challengers Bangalore,Mumbai Indians,Mumbai Indians,field,Royal Challengers Bangalore,14,,TG Southee,M Erasmus,Nitin Menon,
1136592,2018,02-05-2018,Arun Jaitley Stadium,Delhi,Delhi Daredevils,Rajasthan Royals,Rajasthan Royals,field,Delhi Daredevils,4,,RR Pant,CK Nandan,VK Sharma,
1136593,2018,03-05-2018,Eden Gardens,Kolkata,Chennai Super Kings,Kolkata Knight Riders,Kolkata Knight Riders,field,Kolkata Knight Riders,,6,SP Narine,A Deshmukh,HDPK Dharmasena,
1136594,2018,04-05-2018,Holkar Cricket Stadium,Indore,Kings XI Punjab,Mumbai Indians,Mumbai Indians,field,Mumbai Indians,,6,SA Yadav,AY Dandekar,S Ravi,
1136595,2018,05-05-2018,Maharashtra Cricket Association Stadium,Pune,Royal Challengers Bangalore,Chennai Super Kings,Chennai Super Kings,field,Chennai Super Kings,,6,RA Jadeja,Nitin Menon,YC Barde,
1136596,2018,05-05-2018,Rajiv Gandhi International Stadium,Hyderabad,Delhi Daredevils,Sunrisers Hyderabad,Delhi Daredevils,bat,Sunrisers Hyderabad,,7,Rashid Khan,BNJ Oxenford,CK Nandan,
1136597,2018,06-05-2018,Wankhede Stadium,Mumbai,Mumbai Indians,Kolkata Knight Riders,Kolkata Knight Riders,field,Mumbai Indians,13,,HH Pandya,A Deshmukh,HDPK Dharmasena,
1136598,2018,06-05-2018,Holkar Cricket Stadium,Indore,Rajasthan Royals,Kings XI Punjab,Kings XI Punjab,field,Kings XI Punjab,,6,Mujeeb Ur Rahman,C Shamshuddin,S Ravi,
1136599,2018,07-05-2018,Rajiv Gandhi International Stadium,Hyderabad,Sunrisers Hyderabad,Royal Challengers Bangalore,Royal Challengers Bangalore,field,Sunrisers Hyderabad,5,,KS Williamson,BNJ Oxenford,VK Sharma,
1136600,2018,08-05-2018,Sawai Mansingh Stadium,Jaipur,Rajasthan Royals,Kings XI Punjab,Rajasthan Royals,bat,Rajasthan Royals,15,,JC Buttler,M Erasmus,Nitin Menon,
1136601,2018,09-05-2018,Eden Gardens,Kolkata,Mumbai Indians,Kolkata Knight Riders,Kolkata Knight Riders,field,Mumbai Indians,102,,Ishan Kishan,KN Ananthapadmanabhan,AK Chaudhary,
1136602,2018,10-05-2018,Arun Jaitley Stadium,Delhi,Delhi Daredevils,Sunrisers Hyderabad,Delhi Daredevils,bat,Sunrisers Hyderabad,,9,S Dhawan,AY Dandekar,C Shamshuddin,
1136603,2018,11-05-2018,Sawai Mansingh Stadium,Jaipur,Chennai Super Kings,Rajasthan Royals,Chennai Super Kings,bat,Rajasthan Royals,,4,JC Buttler,M Erasmus,YC Barde,
1136604,2018,12-05-2018,Holkar Cricket Stadium,Indore,Kolkata Knight Riders,Kings XI Punjab,Kings XI Punjab,field,Kolkata Knight Riders,31,,SP Narine,CK Nandan,VK Sharma,
1136605,2018,12-05-2018,Arun Jaitley Stadium,Delhi,Delhi Daredevils,Royal Challengers Bangalore,Royal Challengers Bangalore,field,Royal Challengers Bangalore,,5,AB de Villiers,KN Ananthapadmanabhan,HDPK Dharmasena,
1136606,2018,13-05-2018,Maharashtra Cricket Association Stadium,Pune,Sunrisers Hyderabad,Chennai Super Kings,Chennai Super Kings,field,Chennai Super Kings,,8,AT Rayudu,M Erasmus,YC Barde,
1136607,2018,13-05-2018,Wankhede Stadium,Mumbai,Mumbai Indians,Rajasthan Royals,Rajasthan Royals,field,Rajasthan Royals,,7,JC Buttler,Nitin Menon,S Ravi,
1136608,2018,14-05-2018,Holkar Cricket Stadium,Indore,Kings XI Punjab,Royal Challengers Bangalore,Royal Challengers Bangalore,field,Royal Challengers Bangalore,,10,UT Yadav,BNJ Oxenford,VK Sharma,
1136609,2018,15-05-2018,Eden Gardens,Kolkata,Rajasthan Royals,Kolkata Knight Riders,Kolkata Knight Riders,field,Kolkata Knight Riders,,6,Kuldeep Yadav,AK Chaudhary,HDPK Dharmasena,
1136610,2018,16-05-2018,Wankhede Stadium,Mumbai,Mumbai Indians,Kings XI Punjab,Kings XI Punjab,field,Mumbai Indians,3,,JJ Bumrah,M Erasmus,Nitin Menon,
1136611,2018,17-05-2018,M.Chinnaswamy Stadium,Bengaluru,Royal Challengers Bangalore,Sunrisers Hyderabad,Sunrisers Hyderabad,field,Royal Challengers Bangalore,14,,AB de Villiers,AY Dandekar,S Ravi,
1136612,2018,18-05-2018,Arun Jaitley Stadium,Delhi,Delhi Daredevils,Chennai Super Kings,Chennai Super Kings,field,Delhi Daredevils,34,,HV Patel,HDPK Dharmasena,VA Kulkarni,
1136613,2018,19-05-2018,Sawai Mansingh Stadium,Jaipur,Rajasthan Royals,Royal Challengers Bangalore,Rajasthan Royals,bat,Rajasthan Royals,30,,S Gopal,BNJ Oxenford,VK Sharma,
1136614,2018,19-05-2018,Rajiv Gandhi International Stadium,Hyderabad,Sunrisers Hyderabad,Kolkata Knight Riders,Sunrisers Hyderabad,bat,Kolkata Knight Riders,,5,CA Lynn,AK Chaudhary,S Ravi,
1136615,2018,20-05-2018,Arun Jaitley Stadium,Delhi,Delhi Daredevils,Mumbai Indians,Delhi Daredevils,bat,Delhi Daredevils,11,,A Mishra,HDPK Dharmasena,CK Nandan,
1136616,2018,20-05-2018,Maharashtra Cricket Association Stadium,Pune,Kings XI Punjab,Chennai Super Kings,Chennai Super Kings,field,Chennai Super Kings,,5,L Ngidi,Nitin Menon,YC Barde,
1136617,2018,22-05-2018,Wankhede Stadium,Mumbai,Sunrisers Hyderabad,Chennai Super Kings,Chennai Super Kings,field,Chennai Super Kings,,2,F du Plessis,C Shamshuddin,M Erasmus,Qualifier 1
1136618,2018,23-05-2018,Eden Gardens,Kolkata,Kolkata Knight Riders,Rajasthan Royals,Rajasthan Royals,field,Kolkata Knight Riders,25,,AD Russell,AK Chaudhary,Nitin Menon,Eliminator
1136619,2018,25-05-2018,Eden Gardens,Kolkata,Sunrisers Hyderabad,Kolkata Knight Riders,Kolkata Knight Riders,field,Sunrisers Hyderabad,14,,Rashid Khan,HDPK Dharmasena,Nitin Menon,Qualifier 2
1136620,2018,27-05-2018,Wankhede Stadium,Mumbai,Sunrisers Hyderabad,Chennai Super Kings,Chennai Super Kings,field,Chennai Super Kings,,8,SR Watson,M Erasmus,S Ravi,Final
1175356,2019,23-03-2019,MA Chidambaram Stadium,Chennai,Royal Challengers Bangalore,Chennai Super Kings,Chennai Super Kings,field,Chennai Super Kings,,7,Harbhajan Singh,AY Dandekar,BNJ Oxenford,
1175357,2019,24-03-2019,Eden Gardens,Kolkata,Sunrisers Hyderabad,Kolkata Knight Riders,Kolkata Knight Riders,field,Kolkata Knight Riders,,6,AD Russell,AK Chaudhary,CB Gaffaney,
1175358,2019,24-03-2019,Wankhede Stadium,Mumbai,Delhi Capitals,Mumbai Indians,Mumbai Indians,field,Delhi Capitals,37,,RR Pant,S Ravi,YC Barde,
1175359,2019,25-03-2019,Sawai Mansingh Stadium,Jaipur,Kings XI Punjab,Rajasthan Royals,Rajasthan Royals,field,Kings XI Punjab,14,,CH Gayle,C Shamshuddin,KN Ananthapadmanabhan,
1175360,2019,26-03-2019,Arun Jaitley Stadium,Delhi,Delhi Capitals,Chennai Super Kings,Delhi Capitals,bat,Chennai Super Kings,,6,SR Watson,M Erasmus,Nitin Menon,
1175361,2019,27-03-2019,Eden Gardens,Kolkata,Kolkata Knight Riders,Kings XI Punjab,Kings XI Punjab,field,Kolkata Knight Riders,28,,AD Russell,AK Chaudhary,VA Kulkarni,
1175362,2019,28-03-2019,M.Chinnaswamy Stadium,Bengaluru,Mumbai Indians,Royal Challengers Bangalore,Royal Challengers Bangalore,field,Mumbai Indians,6,,JJ Bumrah,CK Nandan,S Ravi,
1175363,2019,29-03-2019,Rajiv Gandhi International Stadium,Hyderabad,Rajasthan Royals,Sunrisers Hyderabad,Rajasthan Royals,bat,Sunrisers Hyderabad,,5,Rashid Khan,BNJ Oxenford,C Shamshuddin,
1175364,2019,30-03-2019,Punjab Cricket Association IS Bindra Stadium,Chandigarh,Mumbai Indians,Kings XI Punjab,Kings XI Punjab,field,Kings XI Punjab,,8,MA Agarwal,CB Gaffaney,VA Kulkarni,
1175365,2019,30-03-2019,Arun Jaitley Stadium,Delhi,Kolkata Knight Riders,Delhi Capitals,Delhi Capitals,field,,,,PP Shaw,AY Dandekar,Nitin Menon,
1175366,2019,31-03-2019,Rajiv Gandhi International Stadium,Hyderabad,Sunrisers Hyderabad,Royal Challengers Bangalore,Royal Challengers Bangalore,field,Sunrisers Hyderabad,118,,JM Bairstow,KN Ananthapadmanabhan,S Ravi,
1175367,2019,31-03-2019,MA Chidambaram Stadium,Chennai,Chennai Super Kings,Rajasthan Royals,Rajasthan Royals,field,Chennai Super Kings,8,,MS Dhoni,CK Nandan,YC Barde,
1175368,2019,01-04-2019,Punjab Cricket Association IS Bindra Stadium,Chandigarh,Kings XI Punjab,Delhi Capitals,Delhi Capitals,field,Kings XI Punjab,14,,SM Curran,AK Chaudhary,CB Gaffaney,
1175369,2019,02-04-2019,Sawai Mansingh Stadium,Jaipur,Royal Challengers Bangalore,Rajasthan Royals,Rajasthan Royals,field,Rajasthan Royals,,7,S Gopal,AY Dandekar,M Erasmus,
1175370,2019,03-04-2019,Wankhede Stadium,Mumbai,Mumbai Indians,Chennai Super Kings,Chennai Super Kings,field,Mumbai Indians,37,,HH Pandya,BNJ Oxenford,RJ Tucker,
1175371,2019,04-04-2019,Arun Jaitley Stadium,Delhi,Delhi Capitals,Sunrisers Hyderabad,Sunrisers Hyderabad,field,Sunrisers Hyderabad,,5,JM Bairstow,C Shamshuddin,KN Ananthapadmanabhan,
1175372,2019,05-04-2019,M.Chinnaswamy Stadium,Bengaluru,Royal Challengers Bangalore,Kolkata Knight Riders,Kolkata Knight Riders,field,Kolkata Knight Riders,,5,AD Russell,AK Chaudhary,CB Gaffaney,
1178393,2019,06-04-2019,MA Chidambaram Stadium,Chennai,Chennai Super Kings,Kings XI Punjab,Chennai Super Kings,bat,Chennai Super Kings,22,,Harbhajan Singh,KN Ananthapadmanabhan,RJ Tucker,
1178394,2019,06-04-2019,Rajiv Gandhi International Stadium,Hyderabad,Mumbai Indians,Sunrisers Hyderabad,Sunrisers Hyderabad,field,Mumbai Indians,40,,AS Joseph,AY Dandekar,Nitin Menon,
1178395,2019,07-04-2019,M.Chinnaswamy Stadium,Bengaluru,Royal Challengers Bangalore,Delhi Capitals,Delhi Capitals,field,Delhi Capitals,,4,K Rabada,S Ravi,YC Barde,
1178396,2019,07-04-2019,Sawai Mansingh Stadium,Jaipur,Rajasthan Royals,Kolkata Knight Riders,Kolkata Knight Riders,field,Kolkata Knight Riders,,8,HF Gurney,AK Chaudhary,CB Gaffaney,
1178397,2019,08-04-2019,Punjab Cricket Association IS Bindra Stadium,Chandigarh,Sunrisers Hyderabad,Kings XI Punjab,Kings XI Punjab,field,Kings XI Punjab,,6,KL Rahul,AY Dandekar,M Erasmus,
1178398,2019,09-04-2019,MA Chidambaram Stadium,Chennai,Kolkata Knight Riders,Chennai Super Kings,Chennai Super Kings,field,Chennai Super Kings,,7,DL Chahar,C Shamshuddin,RJ Tucker,
1178399,2019,10-04-2019,Wankhede Stadium,Mumbai,Kings XI Punjab,Mumbai Indians,Mumbai Indians,field,Mumbai Indians,,3,KA Pollard,S Ravi,YC Barde,
1178400,2019,11-04-2019,Sawai Mansingh Stadium,Jaipur,Rajasthan Royals,Chennai Super Kings,Chennai Super Kings,field,Chennai Super Kings,,4,MS Dhoni,BNJ Oxenford,UV Gandhe,
1178401,2019,12-04-2019,Eden Gardens,Kolkata,Kolkata Knight Riders,Delhi Capitals,Delhi Capitals,field,Delhi Capitals,,7,S Dhawan,CK Nandan,YC Barde,
1178402,2019,13-04-2019,Wankhede Stadium,Mumbai,Mumbai Indians,Rajasthan Royals,Rajasthan Royals,field,Rajasthan Royals,,4,JC Buttler,A Nand Kishore,Nitin Menon,
1178403,2019,13-04-2019,Punjab Cricket Association IS Bindra Stadium,Chandigarh,Kings XI Punjab,Royal Challengers Bangalore,Royal Challengers Bangalore,field,Royal Challengers Bangalore,,8,AB de Villiers,S Ravi,UV Gandhe,
1178404,2019,14-04-2019,Eden Gardens,Kolkata,Kolkata Knight Riders,Chennai Super Kings,Chennai Super Kings,field,Chennai Super Kings,,5,Imran Tahir,CK Nandan,RJ Tucker,
1178405,2019,14-04-2019,Rajiv Gandhi International Stadium,Hyderabad,Delhi Capitals,Sunrisers Hyderabad,Sunrisers Hyderabad,field,Delhi Capitals,39,,KMA Paul,AK Chaudhary,BNJ Oxenford,
1178406,2019,15-04-2019,Wankhede Stadium,Mumbai,Royal Challengers Bangalore,Mumbai Indians,Mumbai Indians,field,Mumbai Indians,,5,SL Malinga,M Erasmus,Nitin Menon,
1178407,2019,16-04-2019,Punjab Cricket Association IS Bindra Stadium,Chandigarh,Kings XI Punjab,Rajasthan Royals,Rajasthan Royals,field,Kings XI Punjab,12,,R Ashwin,AK Chaudhary,VA Kulkarni,
1178408,2019,17-04-2019,Rajiv Gandhi International Stadium,Hyderabad,Chennai Super Kings,Sunrisers Hyderabad,Chennai Super Kings,bat,Sunrisers Hyderabad,,6,DA Warner,IJ Gould,UV Gandhe,
1178409,2019,18-04-2019,Arun Jaitley Stadium,Delhi,Mumbai Indians,Delhi Capitals,Mumbai Indians,bat,Mumbai Indians,40,,HH Pandya,BNJ Oxenford,NJ Llong,
1178410,2019,19-04-2019,Eden Gardens,Kolkata,Royal Challengers Bangalore,Kolkata Knight Riders,Kolkata Knight Riders,field,Royal Challengers Bangalore,10,,V Kohli,IJ Gould,Nitin Menon,
1178411,2019,20-04-2019,Sawai Mansingh Stadium,Jaipur,Mumbai Indians,Rajasthan Royals,Rajasthan Royals,field,Rajasthan Royals,,5,SPD Smith,S Ravi,YC Barde,
1178412,2019,20-04-2019,Arun Jaitley Stadium,Delhi,Kings XI Punjab,Delhi Capitals,Delhi Capitals,field,Delhi Capitals,,5,SS Iyer,C Shamshuddin,UV Gandhe,
1178413,2019,21-04-2019,Rajiv Gandhi International Stadium,Hyderabad,Kolkata Knight Riders,Sunrisers Hyderabad,Sunrisers Hyderabad,field,Sunrisers Hyderabad,,9,KK Ahmed,NJ Llong,Nitin Menon,
1178414,2019,21-04-2019,M.Chinnaswamy Stadium,Bengaluru,Royal Challengers Bangalore,Chennai Super Kings,Chennai Super Kings,field,Royal Challengers Bangalore,1,,PA Patel,RJ Tucker,VA Kulkarni,
1178415,2019,22-04-2019,Sawai Mansingh Stadium,Jaipur,Rajasthan Royals,Delhi Capitals,Delhi Capitals,field,Delhi Capitals,,6,RR Pant,A Nand Kishore,S Ravi,
1178416,2019,23-04-2019,MA Chidambaram Stadium,Chennai,Sunrisers Hyderabad,Chennai Super Kings,Chennai Super Kings,field,Chennai Super Kings,,6,SR Watson,AK Chaudhary,NJ Llong,
1178417,2019,24-04-2019,M.Chinnaswamy Stadium,Bengaluru,Royal Challengers Bangalore,Kings XI Punjab,Kings XI Punjab,field,Royal Challengers Bangalore,17,,AB de Villiers,BNJ Oxenford,C Shamshuddin,
1178418,2019,25-04-2019,Eden Gardens,Kolkata,Kolkata Knight Riders,Rajasthan Royals,Rajasthan Royals,field,Rajasthan Royals,,3,VR Aaron,AY Dandekar,IJ Gould,
1178419,2019,26-04-2019,MA Chidambaram Stadium,Chennai,Mumbai Indians,Chennai Super Kings,Chennai Super Kings,field,Mumbai Indians,46,,RG Sharma,AK Chaudhary,NJ Llong,
1178420,2019,27-04-2019,Sawai Mansingh Stadium,Jaipur,Sunrisers Hyderabad,Rajasthan Royals,Rajasthan Royals,field,Rajasthan Royals,,7,JD Unadkat,A Nand Kishore,YC Barde,
1178421,2019,28-04-2019,Arun Jaitley Stadium,Delhi,Delhi Capitals,Royal Challengers Bangalore,Delhi Capitals,bat,Delhi Capitals,16,,S Dhawan,BNJ Oxenford,KN Ananthapadmanabhan,
1178422,2019,28-04-2019,Eden Gardens,Kolkata,Kolkata Knight Riders,Mumbai Indians,Mumbai Indians,field,Kolkata Knight Riders,34,,AD Russell,IJ Gould,Nitin Menon,
1178423,2019,29-04-2019,Rajiv Gandhi International Stadium,Hyderabad,Sunrisers Hyderabad,Kings XI Punjab,Kings XI Punjab,field,Sunrisers Hyderabad,45,,DA Warner,CK Nandan,S Ravi,
1178424,2019,30-04-2019,M.Chinnaswamy Stadium,Bengaluru,Royal Challengers Bangalore,Rajasthan Royals,Rajasthan Royals,field,,,,,NJ Llong,UV Gandhe,
1178425,2019,01-05-2019,MA Chidambaram Stadium,Chennai,Chennai Super Kings,Delhi Capitals,Delhi Capitals,field,Chennai Super Kings,80,,MS Dhoni,AY Dandekar,Nitin Menon,
1178426,2019,02-05-2019,Wankhede Stadium,Mumbai,Mumbai Indians,Sunrisers Hyderabad,Mumbai Indians,bat,,,,JJ Bumrah,CK Nandan,S Ravi,
1178427,2019,03-05-2019,Punjab Cricket Association IS Bindra Stadium,Chandigarh,Kings XI Punjab,Kolkata Knight Riders,Kolkata Knight Riders,field,Kolkata Knight Riders,,7,Shubman Gill,BNJ Oxenford,C Shamshuddin,
1178428,2019,04-05-2019,Arun Jaitley Stadium,Delhi,Rajasthan Royals,Delhi Capitals,Rajasthan Royals,bat,Delhi Capitals,,5,A Mishra,AY Dandekar,IJ Gould,
1178429,2019,04-05-2019,M.Chinnaswamy Stadium,Bengaluru,Sunrisers Hyderabad,Royal Challengers Bangalore,Royal Challengers Bangalore,field,Royal Challengers Bangalore,,4,SO Hetmyer,AK Chaudhary,NJ Llong,
1178430,2019,05-05-2019,Punjab Cricket Association IS Bindra Stadium,Chandigarh,Chennai Super Kings,Kings XI Punjab,Kings XI Punjab,field,Kings XI Punjab,,6,KL Rahul,C Shamshuddin,KN Ananthapadmanabhan,
1178431,2019,05-05-2019,Wankhede Stadium,Mumbai,Kolkata Knight Riders,Mumbai Indians,Mumbai Indians,field,Mumbai Indians,,9,HH Pandya,A Nand Kishore,CK Nandan,
1181764,2019,07-05-2019,MA Chidambaram Stadium,Chennai,Chennai Super Kings,Mumbai Indians,Chennai Super Kings,bat,Mumbai Indians,,6,SA Yadav,NJ Llong,Nitin Menon,Qualifier 1
1181766,2019,08-05-2019,Dr. Y.S. Rajasekhara Reddy ACA-VDCA Cricket Stadium,Visakhapatnam,Sunrisers Hyderabad,Delhi Capitals,Delhi Capitals,field,Delhi Capitals,,2,RR Pant,BNJ Oxenford,S Ravi,Eliminator
1181767,2019,10-05-2019,Dr. Y.S. Rajasekhara Reddy ACA-VDCA Cricket Stadium,Visakhapatnam,Delhi Capitals,Chennai Super Kings,Chennai Super Kings,field,Chennai Super Kings,,6,F du Plessis,BNJ Oxenford,S Ravi,Qualifier 2
1181768,2019,12-05-2019,Rajiv Gandhi International Stadium,Hyderabad,Mumbai Indians,Chennai Super Kings,Mumbai Indians,bat,Mumbai Indians,1,,JJ Bumrah,IJ Gould,Nitin Menon,Final
1216492,2020/21,19-09-2020,Sheikh Zayed Stadium,Abu Dhabi,Mumbai Indians,Chennai Super Kings,Chennai Super Kings,field,Chennai Super Kings,,5,AT Rayudu,CB Gaffaney,VK Sharma,
1216493,2020/21,20-09-2020,Dubai International Cricket Stadium,,Delhi Capitals,Kings XI Punjab,Kings XI Punjab,field,,,,MP Stoinis,AK Chaudhary,Nitin Menon,
1216494,2020/21,21-10-2020,Sheikh Zayed Stadium,Abu Dhabi,Kolkata Knight Riders,Royal Challengers Bangalore,Kolkata Knight Riders,bat,Royal Challengers Bangalore,,8,Mohammed Siraj,VK Sharma,S Ravi,
1216495,2020/21,03-11-2020,Sharjah Cricket Stadium,,Mumbai Indians,Sunrisers Hyderabad,Sunrisers Hyderabad,field,Sunrisers Hyderabad,,10,S Nadeem,C Shamshuddin,RK Illingworth,
1216496,2020/21,22-09-2020,Sharjah Cricket Stadium,,Rajasthan Royals,Chennai Super Kings,Chennai Super Kings,field,Rajasthan Royals,16,,SV Samson,C Shamshuddin,VA Kulkarni,
1216497,2020/21,24-10-2020,Sheikh Zayed Stadium,Abu Dhabi,Kolkata Knight Riders,Delhi Capitals,Delhi Capitals,field,Kolkata Knight Riders,59,,CV Varun,CB Gaffaney,PG Pathak,
1216498,2020/21,24-10-2020,Dubai International Cricket Stadium,,Kings XI Punjab,Sunrisers Hyderabad,Sunrisers Hyderabad,field,Kings XI Punjab,12,,CJ Jordan,AY Dandekar,PR Reiffel,
1216499,2020/21,28-10-2020,Sheikh Zayed Stadium,Abu Dhabi,Royal Challengers Bangalore,Mumbai Indians,Mumbai Indians,field,Mumbai Indians,,5,SA Yadav,UV Gandhe,CB Gaffaney,
1216500,2020/21,09-10-2020,Sharjah Cricket Stadium,,Delhi Capitals,Rajasthan Royals,Rajasthan Royals,field,Delhi Capitals,46,,R Ashwin,KN Ananthapadmanabhan,C Shamshuddin,
1216501,2020/21,07-10-2020,Sheikh Zayed Stadium,Abu Dhabi,Kolkata Knight Riders,Chennai Super Kings,Kolkata Knight Riders,bat,Kolkata Knight Riders,10,,RA Tripathi,KN Ananthapadmanabhan,RK Illingworth,
1216502,2020/21,31-10-2020,Sharjah Cricket Stadium,,Royal Challengers Bangalore,Sunrisers Hyderabad,Sunrisers Hyderabad,field,Sunrisers Hyderabad,,5,Sandeep Sharma,KN Ananthapadmanabhan,K Srinivasan,
1216503,2020/21,01-10-2020,Sheikh Zayed Stadium,Abu Dhabi,Mumbai Indians,Kings XI Punjab,Kings XI Punjab,field,Mumbai Indians,48,,KA Pollard,VK Sharma,S Ravi,
1216504,2020/21,30-09-2020,Dubai International Cricket Stadium,,Kolkata Knight Riders,Rajasthan Royals,Rajasthan Royals,field,Kolkata Knight Riders,37,,Shivam Mavi,KN Ananthapadmanabhan,C Shamshuddin,
1216505,2020/21,02-11-2020,Sheikh Zayed Stadium,Abu Dhabi,Royal Challengers Bangalore,Delhi Capitals,Delhi Capitals,field,Delhi Capitals,,6,A Nortje,CB Gaffaney,S Ravi,
1216506,2020/21,01-11-2020,Sheikh Zayed Stadium,Abu Dhabi,Kings XI Punjab,Chennai Super Kings,Chennai Super Kings,field,Chennai Super Kings,,9,RD Gaikwad,PG Pathak,VK Sharma,
1216507,2020/21,11-10-2020,Dubai International Cricket Stadium,,Sunrisers Hyderabad,Rajasthan Royals,Sunrisers Hyderabad,bat,Rajasthan Royals,,5,R Tewatia,YC Barde,PR Reiffel,
1216508,2020/21,23-09-2020,Sheikh Zayed Stadium,Abu Dhabi,Mumbai Indians,Kolkata Knight Riders,Kolkata Knight Riders,field,Mumbai Indians,49,,RG Sharma,CB Gaffaney,S Ravi,
1216509,2020/21,17-10-2020,Sharjah Cricket Stadium,,Chennai Super Kings,Delhi Capitals,Chennai Super Kings,bat,Delhi Capitals,,5,S Dhawan,KN Ananthapadmanabhan,RK Illingworth,
1216510,2020/21,24-09-2020,Dubai International Cricket Stadium,,Kings XI Punjab,Royal Challengers Bangalore,Royal Challengers Bangalore,field,Kings XI Punjab,97,,KL Rahul,AK Chaudhary,PR Reiffel,
1216511,2020/21,06-10-2020,Sheikh Zayed Stadium,Abu Dhabi,Mumbai Indians,Rajasthan Royals,Mumbai Indians,bat,Mumbai Indians,57,,SA Yadav,VK Sharma,S Ravi,
1216512,2020/21,18-10-2020,Sheikh Zayed Stadium,Abu Dhabi,Kolkata Knight Riders,Sunrisers Hyderabad,Sunrisers Hyderabad,field,,,,LH Ferguson,PG Pathak,S Ravi,
1216513,2020/21,04-10-2020,Dubai International Cricket Stadium,,Kings XI Punjab,Chennai Super Kings,Kings XI Punjab,bat,Chennai Super Kings,,10,SR Watson,AY Dandekar,Nitin Menon,
1216514,2020/21,03-10-2020,Sheikh Zayed Stadium,Abu Dhabi,Rajasthan Royals,Royal Challengers Bangalore,Rajasthan Royals,bat,Royal Challengers Bangalore,,8,YS Chahal,CB Gaffaney,S Ravi,
1216515,2020/21,03-10-2020,Sharjah Cricket Stadium,,Delhi Capitals,Kolkata Knight Riders,Kolkata Knight Riders,field,Delhi Capitals,18,,SS Iyer,VA Kulkarni,RK Illingworth,
1216516,2020/21,02-10-2020,Dubai International Cricket Stadium,,Sunrisers Hyderabad,Chennai Super Kings,Sunrisers Hyderabad,bat,Sunrisers Hyderabad,7,,PK Garg,AK Chaudhary,PR Reiffel,
1216517,2020/21,18-10-2020,Dubai International Cricket Stadium,,Mumbai Indians,Kings XI Punjab,Mumbai Indians,bat,,,,KL Rahul,Nitin Menon,PR Reiffel,
1216518,2020/21,22-10-2020,Dubai International Cricket Stadium,,Rajasthan Royals,Sunrisers Hyderabad,Sunrisers Hyderabad,field,Sunrisers Hyderabad,,8,MK Pandey,Nitin Menon,PR Reiffel,
1216519,2020/21,05-10-2020,Dubai International Cricket Stadium,,Delhi Capitals,Royal Challengers Bangalore,Royal Challengers Bangalore,field,Delhi Capitals,59,,AR Patel,Nitin Menon,YC Barde,
1216520,2020/21,26-10-2020,Sharjah Cricket Stadium,,Kolkata Knight Riders,Kings XI Punjab,Kings XI Punjab,field,Kings XI Punjab,,8,CH Gayle,KN Ananthapadmanabhan,RK Illingworth,
1216521,2020/21,23-10-2020,Sharjah Cricket Stadium,,Chennai Super Kings,Mumbai Indians,Mumbai Indians,field,Mumbai Indians,,10,TA Boult,C Shamshuddin,VA Kulkarni,
1216522,2020/21,17-10-2020,Dubai International Cricket Stadium,,Rajasthan Royals,Royal Challengers Bangalore,Rajasthan Royals,bat,Royal Challengers Bangalore,,7,AB de Villiers,AK Chaudhary,Nitin Menon,
1216523,2020/21,10-10-2020,Sheikh Zayed Stadium,Abu Dhabi,Kolkata Knight Riders,Kings XI Punjab,Kolkata Knight Riders,bat,Kolkata Knight Riders,2,,KD Karthik,UV Gandhe,CB Gaffaney,
1216524,2020/21,27-10-2020,Dubai International Cricket Stadium,,Sunrisers Hyderabad,Delhi Capitals,Delhi Capitals,field,Sunrisers Hyderabad,88,,WP Saha,AK Chaudhary,Nitin Menon,
1216525,2020/21,10-10-2020,Dubai International Cricket Stadium,,Royal Challengers Bangalore,Chennai Super Kings,Royal Challengers Bangalore,bat,Royal Challengers Bangalore,37,,V Kohli,AK Chaudhary,PR Reiffel,
1216526,2020/21,16-10-2020,Sheikh Zayed Stadium,Abu Dhabi,Kolkata Knight Riders,Mumbai Indians,Kolkata Knight Riders,bat,Mumbai Indians,,8,Q de Kock,CB Gaffaney,VK Sharma,
1216527,2020/21,27-09-2020,Sharjah Cricket Stadium,,Kings XI Punjab,Rajasthan Royals,Rajasthan Royals,field,Rajasthan Royals,,4,SV Samson,RK Illingworth,K Srinivasan,
1216528,2020/21,13-10-2020,Dubai International Cricket Stadium,,Chennai Super Kings,Sunrisers Hyderabad,Chennai Super Kings,bat,Chennai Super Kings,20,,RA Jadeja,AK Chaudhary,PR Reiffel,
1216529,2020/21,11-10-2020,Sheikh Zayed Stadium,Abu Dhabi,Delhi Capitals,Mumbai Indians,Delhi Capitals,bat,Mumbai Indians,,5,Q de Kock,CB Gaffaney,S Ravi,
1216530,2020/21,01-11-2020,Dubai International Cricket Stadium,,Kolkata Knight Riders,Rajasthan Royals,Rajasthan Royals,field,Kolkata Knight Riders,60,,PJ Cummins,Nitin Menon,PR Reiffel,
1216531,2020/21,15-10-2020,Sharjah Cricket Stadium,,Royal Challengers Bangalore,Kings XI Punjab,Royal Challengers Bangalore,bat,Kings XI Punjab,,8,KL Rahul,KN Ananthapadmanabhan,C Shamshuddin,
1216532,2020/21,29-09-2020,Sheikh Zayed Stadium,Abu Dhabi,Sunrisers Hyderabad,Delhi Capitals,Delhi Capitals,field,Sunrisers Hyderabad,15,,Rashid Khan,VK Sharma,S Ravi,
1216533,2020/21,19-10-2020,Sheikh Zayed Stadium,Abu Dhabi,Chennai Super Kings,Rajasthan Royals,Chennai Super Kings,bat,Rajasthan Royals,,7,JC Buttler,CB Gaffaney,VK Sharma,
1216534,2020/21,21-09-2020,Dubai International Cricket Stadium,,Royal Challengers Bangalore,Sunrisers Hyderabad,Sunrisers Hyderabad,field,Royal Challengers Bangalore,10,,YS Chahal,AY Dandekar,Nitin Menon,
1216535,2020/21,31-10-2020,Dubai International Cricket Stadium,,Delhi Capitals,Mumbai Indians,Mumbai Indians,field,Mumbai Indians,,9,Ishan Kishan,YC Barde,PR Reiffel,
1216536,2020/21,29-10-2020,Dubai International Cricket Stadium,,Kolkata Knight Riders,Chennai Super Kings,Chennai Super Kings,field,Chennai Super Kings,,6,RD Gaikwad,C Shamshuddin,RK Illingworth,
1216537,2020/21,30-10-2020,Sheikh Zayed Stadium,Abu Dhabi,Kings XI Punjab,Rajasthan Royals,Rajasthan Royals,field,Rajasthan Royals,,7,BA Stokes,CB Gaffaney,S Ravi,
1216538,2020/21,04-10-2020,Sharjah Cricket Stadium,,Mumbai Indians,Sunrisers Hyderabad,Mumbai Indians,bat,Mumbai Indians,34,,TA Boult,KN Ananthapadmanabhan,RK Illingworth,
1216539,2020/21,25-09-2020,Dubai International Cricket Stadium,,Delhi Capitals,Chennai Super Kings,Chennai Super Kings,field,Delhi Capitals,44,,PP Shaw,KN Ananthapadmanabhan,RK Illingworth,
1216540,2020/21,12-10-2020,Sharjah Cricket Stadium,,Royal Challengers Bangalore,Kolkata Knight Riders,Royal Challengers Bangalore,bat,Royal Challengers Bangalore,82,,AB de Villiers,RK Illingworth,K Srinivasan,
1216541,2020/21,25-10-2020,Sheikh Zayed Stadium,Abu Dhabi,Mumbai Indians,Rajasthan Royals,Mumbai Indians,bat,Rajasthan Royals,,8,BA Stokes,UV Gandhe,VK Sharma,
1216542,2020/21,08-10-2020,Dubai International Cricket Stadium,,Sunrisers Hyderabad,Kings XI Punjab,Sunrisers Hyderabad,bat,Sunrisers Hyderabad,69,,JM Bairstow,AK Chaudhary,Nitin Menon,
1216543,2020/21,14-10-2020,Dubai International Cricket Stadium,,Delhi Capitals,Rajasthan Royals,Delhi Capitals,bat,Delhi Capitals,13,,A Nortje,AK Chaudhary,Nitin Menon,
1216544,2020/21,25-10-2020,Dubai International Cricket Stadium,,Royal Challengers Bangalore,Chennai Super Kings,Royal Challengers Bangalore,bat,Chennai Super Kings,,8,RD Gaikwad,C Shamshuddin,RK Illingworth,
1216545,2020/21,26-09-2020,Sheikh Zayed Stadium,Abu Dhabi,Sunrisers Hyderabad,Kolkata Knight Riders,Sunrisers Hyderabad,bat,Kolkata Knight Riders,,7,Shubman Gill,CB Gaffaney,VK Sharma,
1216546,2020/21,20-10-2020,Dubai International Cricket Stadium,,Delhi Capitals,Kings XI Punjab,Delhi Capitals,bat,Kings XI Punjab,,5,S Dhawan,C Shamshuddin,RK Illingworth,
1216547,2020/21,28-09-2020,Dubai International Cricket Stadium,,Royal Challengers Bangalore,Mumbai Indians,Mumbai Indians,field,,,,AB de Villiers,Nitin Menon,PR Reiffel,
1237177,2020/21,05-11-2020,Dubai International Cricket Stadium,,Mumbai Indians,Delhi Capitals,Delhi Capitals,field,Mumbai Indians,57,,JJ Bumrah,CB Gaffaney,Nitin Menon,Qualifier 1
1237178,2020/21,06-11-2020,Sheikh Zayed Stadium,Abu Dhabi,Royal Challengers Bangalore,Sunrisers Hyderabad,Sunrisers Hyderabad,field,Sunrisers Hyderabad,,6,KS Williamson,PR Reiffel,S Ravi,Eliminator
1237180,2020/21,08-11-2020,Sheikh Zayed Stadium,Abu Dhabi,Delhi Capitals,Sunrisers Hyderabad,Delhi Capitals,bat,Delhi Capitals,17,,MP Stoinis,PR Reiffel,S Ravi,Qualifier 2
1237181,2020/21,10-11-2020,Dubai International Cricket Stadium,,Delhi Capitals,Mumbai Indians,Delhi Capitals,bat,Mumbai Indians,,5,TA Boult,CB Gaffaney,Nitin Menon,Final
1254058,2021,09-04-2021,"MA Chidambaram Stadium, Chepauk, Chennai",Chennai,Mumbai Indians,Royal Challengers Bangalore,Royal Challengers Bangalore,field,Royal Challengers Bangalore,,2,HV Patel,KN Ananthapadmanabhan,Nitin Menon,
1254059,2021,10-04-2021,"Wankhede Stadium, Mumbai",Mumbai,Chennai Super Kings,Delhi Capitals,Delhi Capitals,field,Delhi Capitals,,7,S Dhawan,AK Chaudhary,VK Sharma,
1254060,2021,11-04-2021,"MA Chidambaram Stadium, Chepauk, Chennai",Chennai,Kolkata Knight Riders,Sunrisers Hyderabad,Sunrisers Hyderabad,field,Kolkata Knight Riders,10,,N Rana,KN Ananthapadmanabhan,Nitin Menon,
1254061,2021,12-04-2021,"Wankhede Stadium, Mumbai",Mumbai,Punjab Kings,Rajasthan Royals,Rajasthan Royals,field,Punjab Kings,4,,SV Samson,AK Chaudhary,S Ravi,
1254062,2021,13-04-2021,"MA Chidambaram Stadium, Chepauk, Chennai",Chennai,Mumbai Indians,Kolkata Knight Riders,Kolkata Knight Riders,field,Mumbai Indians,10,,RD Chahar,C Shamshuddin,CB Gaffaney,
1254063,2021,14-04-2021,"MA Chidambaram Stadium, Chepauk, Chennai",Chennai,Royal Challengers Bangalore,Sunrisers Hyderabad,Sunrisers Hyderabad,field,Royal Challengers Bangalore,6,,GJ Maxwell,Nitin Menon,UV Gandhe,
1254064,2021,15-04-2021,"Wankhede Stadium, Mumbai",Mumbai,Delhi Capitals,Rajasthan Royals,Rajasthan Royals,field,Rajasthan Royals,,3,JD Unadkat,S Ravi,VK Sharma,
1254065,2021,16-04-2021,"Wankhede Stadium, Mumbai",Mumbai,Punjab Kings,Chennai Super Kings,Chennai Super Kings,field,Chennai Super Kings,,6,DL Chahar,AK Chaudhary,AY Dandekar,
1254066,2021,17-04-2021,"MA Chidambaram Stadium, Chepauk, Chennai",Chennai,Mumbai Indians,Sunrisers Hyderabad,Mumbai Indians,bat,Mumbai Indians,13,,KA Pollard,CB Gaffaney,K Srinivasan,
1254067,2021,18-04-2021,"MA Chidambaram Stadium, Chepauk, Chennai",Chennai,Royal Challengers Bangalore,Kolkata Knight Riders,Royal Challengers Bangalore,bat,Royal Challengers Bangalore,38,,AB de Villiers,C Shamshuddin,Nitin Menon,
1254068,2021,18-04-2021,"Wankhede Stadium, Mumbai",Mumbai,Punjab Kings,Delhi Capitals,Delhi Capitals,field,Delhi Capitals,,6,S Dhawan,AK Chaudhary,PR Reiffel,
1254069,2021,19-04-2021,"Wankhede Stadium, Mumbai",Mumbai,Chennai Super Kings,Rajasthan Royals,Rajasthan Royals,field,Chennai Super Kings,45,,MM Ali,PR Reiffel,VK Sharma,
1254070,2021,20-04-2021,"MA Chidambaram Stadium, Chepauk, Chennai",Chennai,Mumbai Indians,Delhi Capitals,Mumbai Indians,bat,Delhi Capitals,,6,A Mishra,C Shamshuddin,CB Gaffaney,
1254071,2021,21-04-2021,"MA Chidambaram Stadium, Chepauk, Chennai",Chennai,Punjab Kings,Sunrisers Hyderabad,Punjab Kings,bat,Sunrisers Hyderabad,,9,JM Bairstow,K Srinivasan,Nitin Menon,
1254072,2021,21-04-2021,"Wankhede Stadium, Mumbai",Mumbai,Chennai Super Kings,Kolkata Knight Riders,Kolkata Knight Riders,field,Chennai Super Kings,18,,F du Plessis,AY Dandekar,PR Reiffel,
1254073,2021,22-04-2021,"Wankhede Stadium, Mumbai",Mumbai,Rajasthan Royals,Royal Challengers Bangalore,Royal Challengers Bangalore,field,Royal Challengers Bangalore,,10,D Padikkal,J Madanagopal,S Ravi,
1254074,2021,23-04-2021,"MA Chidambaram Stadium, Chepauk, Chennai",Chennai,Mumbai Indians,Punjab Kings,Punjab Kings,field,Punjab Kings,,9,KL Rahul,C Shamshuddin,Nitin Menon,
1254075,2021,24-04-2021,"Wankhede Stadium, Mumbai",Mumbai,Kolkata Knight Riders,Rajasthan Royals,Rajasthan Royals,field,Rajasthan Royals,,6,CH Morris,Navdeep Singh,S Ravi,
1254076,2021,25-04-2021,"Wankhede Stadium, Mumbai",Mumbai,Chennai Super Kings,Royal Challengers Bangalore,Chennai Super Kings,bat,Chennai Super Kings,69,,RA Jadeja,AK Chaudhary,VK Sharma,
1254077,2021,25-04-2021,"MA Chidambaram Stadium, Chepauk, Chennai",Chennai,Delhi Capitals,Sunrisers Hyderabad,Delhi Capitals,bat,,,,PP Shaw,CB Gaffaney,KN Ananthapadmanabhan,
1254078,2021,26-04-2021,"Narendra Modi Stadium, Ahmedabad",Ahmedabad,Punjab Kings,Kolkata Knight Riders,Kolkata Knight Riders,field,Kolkata Knight Riders,,5,EJG Morgan,PR Reiffel,YC Barde,
1254079,2021,27-04-2021,"Narendra Modi Stadium, Ahmedabad",Ahmedabad,Royal Challengers Bangalore,Delhi Capitals,Delhi Capitals,field,Royal Challengers Bangalore,1,,AB de Villiers,S Ravi,VK Sharma,
1254080,2021,28-04-2021,"Arun Jaitley Stadium, Delhi",Delhi,Sunrisers Hyderabad,Chennai Super Kings,Sunrisers Hyderabad,bat,Chennai Super Kings,,7,RD Gaikwad,C Shamshuddin,CK Nandan,
1254081,2021,29-04-2021,"Arun Jaitley Stadium, Delhi",Delhi,Rajasthan Royals,Mumbai Indians,Mumbai Indians,field,Mumbai Indians,,7,Q de Kock,CB Gaffaney,KN Ananthapadmanabhan,
1254082,2021,29-04-2021,"Narendra Modi Stadium, Ahmedabad",Ahmedabad,Kolkata Knight Riders,Delhi Capitals,Delhi Capitals,field,Delhi Capitals,,7,PP Shaw,AK Chaudhary,YC Barde,
1254083,2021,30-04-2021,"Narendra Modi Stadium, Ahmedabad",Ahmedabad,Punjab Kings,Royal Challengers Bangalore,Royal Challengers Bangalore,field,Punjab Kings,34,,Harpreet Brar,S Ravi,VK Sharma,
1254084,2021,01-05-2021,"Arun Jaitley Stadium, Delhi",Delhi,Chennai Super Kings,Mumbai Indians,Mumbai Indians,field,Mumbai Indians,,4,KA Pollard,KN Ananthapadmanabhan,CK Nandan,
1254085,2021,02-05-2021,"Arun Jaitley Stadium, Delhi",Delhi,Rajasthan Royals,Sunrisers Hyderabad,Sunrisers Hyderabad,field,Rajasthan Royals,55,,JC Buttler,C Shamshuddin,CB Gaffaney,
1254086,2021,02-05-2021,"Narendra Modi Stadium, Ahmedabad",Ahmedabad,Punjab Kings,Delhi Capitals,Delhi Capitals,field,Delhi Capitals,,7,MA Agarwal,AK Chaudhary,AY Dandekar,
1254087,2021,20-09-2021,"Zayed Cricket Stadium, Abu Dhabi",Abu Dhabi,Royal Challengers Bangalore,Kolkata Knight Riders,Royal Challengers Bangalore,bat,Kolkata Knight Riders,,9,CV Varun,CB Gaffaney,S Ravi,
1254088,2021,08-10-2021,"Zayed Cricket Stadium, Abu Dhabi",Abu Dhabi,Mumbai Indians,Sunrisers Hyderabad,Mumbai Indians,bat,Mumbai Indians,42,,Ishan Kishan,Tapan Sharma,VK Sharma,
1254089,2021,02-10-2021,"Zayed Cricket Stadium, Abu Dhabi",Abu Dhabi,Chennai Super Kings,Rajasthan Royals,Rajasthan Royals,field,Rajasthan Royals,,7,RD Gaikwad,CB Gaffaney,VK Sharma,
1254090,2021,03-10-2021,Sharjah Cricket Stadium,Sharjah,Royal Challengers Bangalore,Punjab Kings,Royal Challengers Bangalore,bat,Royal Challengers Bangalore,6,,GJ Maxwell,KN Ananthapadmanabhan,RK Illingworth,
1254091,2021,30-09-2021,Sharjah Cricket Stadium,Sharjah,Sunrisers Hyderabad,Chennai Super Kings,Chennai Super Kings,field,Chennai Super Kings,,6,JR Hazlewood,Nitin Menon,YC Barde,
1254092,2021,28-09-2021,Sharjah Cricket Stadium,Sharjah,Delhi Capitals,Kolkata Knight Riders,Kolkata Knight Riders,field,Kolkata Knight Riders,,3,SP Narine,Nitin Menon,HAS Khalid,
1254093,2021,05-10-2021,Sharjah Cricket Stadium,Sharjah,Rajasthan Royals,Mumbai Indians,Mumbai Indians,field,Mumbai Indians,,8,NM Coulter-Nile,AK Chaudhary,MA Gough,
1254094,2021,07-10-2021,Dubai International Cricket Stadium,Dubai,Chennai Super Kings,Punjab Kings,Punjab Kings,field,Punjab Kings,,6,KL Rahul,K Srinivasan,RK Illingworth,
1254095,2021,06-10-2021,"Zayed Cricket Stadium, Abu Dhabi",Abu Dhabi,Sunrisers Hyderabad,Royal Challengers Bangalore,Royal Challengers Bangalore,field,Sunrisers Hyderabad,4,,KS Williamson,S Ravi,UV Gandhe,
1254096,2021,23-09-2021,"Zayed Cricket Stadium, Abu Dhabi",Abu Dhabi,Mumbai Indians,Kolkata Knight Riders,Kolkata Knight Riders,field,Kolkata Knight Riders,,7,SP Narine,S Ravi,VK Sharma,
1254097,2021,25-09-2021,"Zayed Cricket Stadium, Abu Dhabi",Abu Dhabi,Delhi Capitals,Rajasthan Royals,Rajasthan Royals,field,Delhi Capitals,33,,SS Iyer,CB Gaffaney,UV Gandhe,
1254098,2021,26-09-2021,"Zayed Cricket Stadium, Abu Dhabi",Abu Dhabi,Kolkata Knight Riders,Chennai Super Kings,Kolkata Knight Riders,bat,Chennai Super Kings,,2,RA Jadeja,CB Gaffaney,Tapan Sharma,
1254099,2021,28-09-2021,"Zayed Cricket Stadium, Abu Dhabi",Abu Dhabi,Punjab Kings,Mumbai Indians,Mumbai Indians,field,Mumbai Indians,,6,KA Pollard,S Ravi,VK Sharma,
1254100,2021,27-09-2021,Dubai International Cricket Stadium,Dubai,Rajasthan Royals,Sunrisers Hyderabad,Rajasthan Royals,bat,Sunrisers Hyderabad,,7,JJ Roy,KN Ananthapadmanabhan,Navdeep Singh,
1254101,2021,08-10-2021,Dubai International Cricket Stadium,Dubai,Delhi Capitals,Royal Challengers Bangalore,Royal Challengers Bangalore,field,Royal Challengers Bangalore,,7,KS Bharat,KN Ananthapadmanabhan,Nitin Menon,
1254102,2021,01-10-2021,Dubai International Cricket Stadium,Dubai,Kolkata Knight Riders,Punjab Kings,Punjab Kings,field,Punjab Kings,,5,KL Rahul,KN Ananthapadmanabhan,RK Illingworth,
1254103,2021,29-09-2021,Dubai International Cricket Stadium,Dubai,Rajasthan Royals,Royal Challengers Bangalore,Royal Challengers Bangalore,field,Royal Challengers Bangalore,,7,YS Chahal,AY Dandekar,KN Ananthapadmanabhan,
1254104,2021,19-09-2021,Dubai International Cricket Stadium,Dubai,Chennai Super Kings,Mumbai Indians,Chennai Super Kings,bat,Chennai Super Kings,20,,RD Gaikwad,Nitin Menon,RK Illingworth,
1254105,2021,22-09-2021,Dubai International Cricket Stadium,Dubai,Sunrisers Hyderabad,Delhi Capitals,Sunrisers Hyderabad,bat,Delhi Capitals,,8,A Nortje,KN Ananthapadmanabhan,RK Illingworth,
1254106,2021,07-10-2021,Sharjah Cricket Stadium,Sharjah,Kolkata Knight Riders,Rajasthan Royals,Rajasthan Royals,field,Kolkata Knight Riders,86,,Shivam Mavi,MA Gough,HAS Khalid,
1254107,2021,25-09-2021,Sharjah Cricket Stadium,Sharjah,Punjab Kings,Sunrisers Hyderabad,Sunrisers Hyderabad,field,Punjab Kings,5,,JO Holder,RK Illingworth,YC Barde,
1254108,2021,26-09-2021,Dubai International Cricket Stadium,Dubai,Royal Challengers Bangalore,Mumbai Indians,Mumbai Indians,field,Royal Challengers Bangalore,54,,GJ Maxwell,AK Chaudhary,MA Gough,
1254109,2021,03-10-2021,Dubai International Cricket Stadium,Dubai,Sunrisers Hyderabad,Kolkata Knight Riders,Sunrisers Hyderabad,bat,Kolkata Knight Riders,,6,Shubman Gill,J Madanagopal,MA Gough,
1254110,2021,04-10-2021,Dubai International Cricket Stadium,Dubai,Chennai Super Kings,Delhi Capitals,Delhi Capitals,field,Delhi Capitals,,3,AR Patel,AK Chaudhary,Nitin Menon,
1254111,2021,21-09-2021,Dubai International Cricket Stadium,Dubai,Rajasthan Royals,Punjab Kings,Punjab Kings,field,Rajasthan Royals,2,,Kartik Tyagi,AK Chaudhary,MA Gough,
1254112,2021,02-10-2021,Sharjah Cricket Stadium,Sharjah,Mumbai Indians,Delhi Capitals,Delhi Capitals,field,Delhi Capitals,,4,AR Patel,AK Chaudhary,MA Gough,
1254113,2021,24-09-2021,Sharjah Cricket Stadium,Sharjah,Royal Challengers Bangalore,Chennai Super Kings,Chennai Super Kings,field,Chennai Super Kings,,6,DJ Bravo,AK Chaudhary,Nitin Menon,
1254114,2021,10-10-2021,Dubai International Cricket Stadium,Dubai,Delhi Capitals,Chennai Super Kings,Chennai Super Kings,field,Chennai Super Kings,,4,RD Gaikwad,Nitin Menon,RK Illingworth,Qualifier 1
1254115,2021,11-10-2021,Sharjah Cricket Stadium,Sharjah,Royal Challengers Bangalore,Kolkata Knight Riders,Royal Challengers Bangalore,bat,Kolkata Knight Riders,,4,SP Narine,CB Gaffaney,VK Sharma,Eliminator
1254116,2021,13-10-2021,Sharjah Cricket Stadium,Sharjah,Delhi Capitals,Kolkata Knight Riders,Kolkata Knight Riders,field,Kolkata Knight Riders,,3,VR Iyer,KN Ananthapadmanabhan,MA Gough,Qualifier 2
1254117,2021,15-10-2021,Dubai International Cricket Stadium,Dubai,Chennai Super Kings,Kolkata Knight Riders,Kolkata Knight Riders,field,Chennai Super Kings,27,,F du Plessis,Nitin Menon,RK Illingworth,Final
1304047,2022,26-03-2022,"Wankhede Stadium, Mumbai",Mumbai,Chennai Super Kings,Kolkata Knight Riders,Kolkata Knight Riders,field,Kolkata Knight Riders,,6,UT Yadav,AK Chaudhary,Nitin Menon,
1304048,2022,27-03-2022,"Brabourne Stadium, Mumbai",Mumbai,Mumbai Indians,Delhi Capitals,Delhi Capitals,field,Delhi Capitals,,4,Kuldeep Yadav,RJ Tucker,HAS Khalid,
1304049,2022,27-03-2022,"Dr DY Patil Sports Academy, Mumbai",Mumbai,Royal Challengers Bangalore,Punjab Kings,Punjab Kings,field,Punjab Kings,,5,OF Smith,Nitin Menon,YC Barde,
1304050,2022,28-03-2022,"Wankhede Stadium, Mumbai",Mumbai,Lucknow Super Giants,Gujarat Titans,Gujarat Titans,field,Gujarat Titans,,5,Mohammed Shami,PG Pathak,VK Sharma,
1304051,2022,29-03-2022,"Maharashtra Cricket Association Stadium, Pune",Pune,Rajasthan Royals,Sunrisers Hyderabad,Sunrisers Hyderabad,field,Rajasthan Royals,61,,SV Samson,BNJ Oxenford,UV Gandhe,
1304052,2022,30-03-2022,"Dr DY Patil Sports Academy, Mumbai",Mumbai,Kolkata Knight Riders,Royal Challengers Bangalore,Royal Challengers Bangalore,field,Royal Challengers Bangalore,,3,PWH de Silva,J Madanagopal,Navdeep Singh,
1304053,2022,31-03-2022,"Brabourne Stadium, Mumbai",Mumbai,Chennai Super Kings,Lucknow Super Giants,Lucknow Super Giants,field,Lucknow Super Giants,,6,E Lewis,RJ Tucker,VK Sharma,
1304054,2022,01-04-2022,"Wankhede Stadium, Mumbai",Mumbai,Punjab Kings,Kolkata Knight Riders,Kolkata Knight Riders,field,Kolkata Knight Riders,,6,UT Yadav,AK Chaudhary,HAS Khalid,
1304055,2022,02-04-2022,"Dr DY Patil Sports Academy, Mumbai",Mumbai,Rajasthan Royals,Mumbai Indians,Mumbai Indians,field,Rajasthan Royals,23,,JC Buttler,Nitin Menon,PG Pathak,
1304056,2022,02-04-2022,"Maharashtra Cricket Association Stadium, Pune",Pune,Gujarat Titans,Delhi Capitals,Delhi Capitals,field,Gujarat Titans,14,,LH Ferguson,KN Ananthapadmanabhan,UV Gandhe,
1304057,2022,03-04-2022,"Brabourne Stadium, Mumbai",Mumbai,Punjab Kings,Chennai Super Kings,Chennai Super Kings,field,Punjab Kings,54,,LS Livingstone,RJ Tucker,YC Barde,
1304058,2022,04-04-2022,"Dr DY Patil Sports Academy, Mumbai",Mumbai,Lucknow Super Giants,Sunrisers Hyderabad,Sunrisers Hyderabad,field,Lucknow Super Giants,12,,Avesh Khan,J Madanagopal,Navdeep Singh,
1304059,2022,05-04-2022,"Wankhede Stadium, Mumbai",Mumbai,Rajasthan Royals,Royal Challengers Bangalore,Royal Challengers Bangalore,field,Royal Challengers Bangalore,,4,KD Karthik,AK Chaudhary,HAS Khalid,
1304060,2022,06-04-2022,"Maharashtra Cricket Association Stadium, Pune",Pune,Mumbai Indians,Kolkata Knight Riders,Kolkata Knight Riders,field,Kolkata Knight Riders,,5,PJ Cummins,BNJ Oxenford,KN Ananthapadmanabhan,
1304061,2022,07-04-2022,"Dr DY Patil Sports Academy, Mumbai",Mumbai,Delhi Capitals,Lucknow Super Giants,Lucknow Super Giants,field,Lucknow Super Giants,,6,Q de Kock,RJ Tucker,Tapan Sharma,
1304062,2022,08-04-2022,"Brabourne Stadium, Mumbai",Mumbai,Punjab Kings,Gujarat Titans,Gujarat Titans,field,Gujarat Titans,,6,Shubman Gill,AK Chaudhary,VK Sharma,
1304063,2022,09-04-2022,"Dr DY Patil Sports Academy, Mumbai",Mumbai,Chennai Super Kings,Sunrisers Hyderabad,Sunrisers Hyderabad,field,Sunrisers Hyderabad,,8,Abhishek Sharma,Navdeep Singh,Nitin Menon,
1304064,2022,09-04-2022,"Maharashtra Cricket Association Stadium, Pune",Pune,Mumbai Indians,Royal Challengers Bangalore,Royal Challengers Bangalore,field,Royal Challengers Bangalore,,7,Anuj Rawat,BNJ Oxenford,KN Ananthapadmanabhan,
1304065,2022,10-04-2022,"Brabourne Stadium, Mumbai",Mumbai,Delhi Capitals,Kolkata Knight Riders,Kolkata Knight Riders,field,Delhi Capitals,44,,Kuldeep Yadav,CB Gaffaney,J Madanagopal,
1304066,2022,10-04-2022,"Wankhede Stadium, Mumbai",Mumbai,Rajasthan Royals,Lucknow Super Giants,Lucknow Super Giants,field,Rajasthan Royals,3,,YS Chahal,AK Chaudhary,Tapan Sharma,
1304067,2022,11-04-2022,"Dr DY Patil Sports Academy, Mumbai",Mumbai,Gujarat Titans,Sunrisers Hyderabad,Sunrisers Hyderabad,field,Sunrisers Hyderabad,,8,KS Williamson,Chirra Ravikanthreddy,RJ Tucker,
1304068,2022,12-04-2022,"Dr DY Patil Sports Academy, Mumbai",Mumbai,Chennai Super Kings,Royal Challengers Bangalore,Royal Challengers Bangalore,field,Chennai Super Kings,23,,S Dube,Nitin Menon,N Pandit,
1304069,2022,13-04-2022,"Maharashtra Cricket Association Stadium, Pune",Pune,Punjab Kings,Mumbai Indians,Mumbai Indians,field,Punjab Kings,12,,MA Agarwal,BNJ Oxenford,UV Gandhe,
1304070,2022,14-04-2022,"Dr DY Patil Sports Academy, Mumbai",Mumbai,Gujarat Titans,Rajasthan Royals,Rajasthan Royals,field,Gujarat Titans,37,,HH Pandya,CB Gaffaney,R Pandit,
1304071,2022,15-04-2022,"Brabourne Stadium, Mumbai",Mumbai,Kolkata Knight Riders,Sunrisers Hyderabad,Sunrisers Hyderabad,field,Sunrisers Hyderabad,,7,RA Tripathi,GR Sadashiv Iyer,VK Sharma,
1304072,2022,16-04-2022,"Brabourne Stadium, Mumbai",Mumbai,Lucknow Super Giants,Mumbai Indians,Mumbai Indians,field,Lucknow Super Giants,18,,KL Rahul,AK Chaudhary,NA Patwardhan,
1304073,2022,16-04-2022,"Wankhede Stadium, Mumbai",Mumbai,Royal Challengers Bangalore,Delhi Capitals,Delhi Capitals,field,Royal Challengers Bangalore,16,,KD Karthik,Chirra Ravikanthreddy,J Madanagopal,
1304074,2022,17-04-2022,"Dr DY Patil Sports Academy, Mumbai",Mumbai,Punjab Kings,Sunrisers Hyderabad,Sunrisers Hyderabad,field,Sunrisers Hyderabad,,7,Umran Malik,PG Pathak,R Pandit,
1304075,2022,17-04-2022,"Maharashtra Cricket Association Stadium, Pune",Pune,Chennai Super Kings,Gujarat Titans,Gujarat Titans,field,Gujarat Titans,,3,DA Miller,KN Ananthapadmanabhan,UV Gandhe,
1304076,2022,18-04-2022,"Brabourne Stadium, Mumbai",Mumbai,Rajasthan Royals,Kolkata Knight Riders,Kolkata Knight Riders,field,Rajasthan Royals,7,,YS Chahal,GR Sadashiv Iyer,VK Sharma,
1304077,2022,19-04-2022,"Dr DY Patil Sports Academy, Mumbai",Mumbai,Royal Challengers Bangalore,Lucknow Super Giants,Lucknow Super Giants,field,Royal Challengers Bangalore,18,,F du Plessis,CB Gaffaney,N Pandit,
1304078,2022,20-04-2022,"Brabourne Stadium, Mumbai",Mumbai,Punjab Kings,Delhi Capitals,Delhi Capitals,field,Delhi Capitals,,9,Kuldeep Yadav,RJ Tucker,Tapan Sharma,
1304079,2022,21-04-2022,"Dr DY Patil Sports Academy, Mumbai",Navi Mumbai,Mumbai Indians,Chennai Super Kings,Chennai Super Kings,field,Chennai Super Kings,,3,Mukesh Choudhary,BNJ Oxenford,UV Gandhe,
1304080,2022,22-04-2022,"Wankhede Stadium, Mumbai",Mumbai,Rajasthan Royals,Delhi Capitals,Delhi Capitals,field,Rajasthan Royals,15,,JC Buttler,NA Patwardhan,Nitin Menon,
1304081,2022,23-04-2022,"Dr DY Patil Sports Academy, Mumbai",Navi Mumbai,Gujarat Titans,Kolkata Knight Riders,Gujarat Titans,bat,Gujarat Titans,8,,Rashid Khan,KN Ananthapadmanabhan,UV Gandhe,
1304082,2022,23-04-2022,"Brabourne Stadium, Mumbai",Mumbai,Royal Challengers Bangalore,Sunrisers Hyderabad,Sunrisers Hyderabad,field,Sunrisers Hyderabad,,9,M Jansen,Chirra Ravikanthreddy,J Madanagopal,
1304083,2022,24-04-2022,"Wankhede Stadium, Mumbai",Mumbai,Lucknow Super Giants,Mumbai Indians,Mumbai Indians,field,Lucknow Super Giants,36,,KL Rahul,M Erasmus,HAS Khalid,
1304084,2022,25-04-2022,"Wankhede Stadium, Mumbai",Mumbai,Punjab Kings,Chennai Super Kings,Chennai Super Kings,field,Punjab Kings,11,,S Dhawan,M Erasmus,Tapan Sharma,
1304085,2022,26-04-2022,"Maharashtra Cricket Association Stadium, Pune",Pune,Rajasthan Royals,Royal Challengers Bangalore,Royal Challengers Bangalore,field,Rajasthan Royals,29,,R Parag,BNJ Oxenford,KN Ananthapadmanabhan,
1304086,2022,27-04-2022,"Wankhede Stadium, Mumbai",Mumbai,Sunrisers Hyderabad,Gujarat Titans,Gujarat Titans,field,Gujarat Titans,,5,Umran Malik,CB Gaffaney,Navdeep Singh,
1304087,2022,28-04-2022,"Wankhede Stadium, Mumbai",Mumbai,Kolkata Knight Riders,Delhi Capitals,Delhi Capitals,field,Delhi Capitals,,4,Kuldeep Yadav,AK Chaudhary,PG Pathak,
1304088,2022,29-04-2022,"Maharashtra Cricket Association Stadium, Pune",Pune,Lucknow Super Giants,Punjab Kings,Punjab Kings,field,Lucknow Super Giants,20,,KH Pandya,MA Gough,UV Gandhe,
1304089,2022,30-04-2022,"Brabourne Stadium, Mumbai",Mumbai,Royal Challengers Bangalore,Gujarat Titans,Royal Challengers Bangalore,bat,Gujarat Titans,,6,R Tewatia,HAS Khalid,VK Sharma,
1304090,2022,30-04-2022,"Dr DY Patil Sports Academy, Mumbai",Navi Mumbai,Rajasthan Royals,Mumbai Indians,Mumbai Indians,field,Mumbai Indians,,5,SA Yadav,BNJ Oxenford,YC Barde,
1304091,2022,01-05-2022,"Wankhede Stadium, Mumbai",Mumbai,Lucknow Super Giants,Delhi Capitals,Lucknow Super Giants,bat,Lucknow Super Giants,6,,Mohsin Khan,Chirra Ravikanthreddy,CB Gaffaney,
1304092,2022,01-05-2022,"Maharashtra Cricket Association Stadium, Pune",Pune,Chennai Super Kings,Sunrisers Hyderabad,Sunrisers Hyderabad,field,Chennai Super Kings,13,,RD Gaikwad,AK Chaudhary,KN Ananthapadmanabhan,
1304093,2022,02-05-2022,"Wankhede Stadium, Mumbai",Mumbai,Rajasthan Royals,Kolkata Knight Riders,Kolkata Knight Riders,field,Kolkata Knight Riders,,7,RK Singh,J Madanagopal,N Pandit,
1304094,2022,03-05-2022,"Dr DY Patil Sports Academy, Mumbai",Navi Mumbai,Gujarat Titans,Punjab Kings,Gujarat Titans,bat,Punjab Kings,,8,K Rabada,R Pandit,VK Sharma,
1304095,2022,04-05-2022,"Maharashtra Cricket Association Stadium, Pune",Pune,Royal Challengers Bangalore,Chennai Super Kings,Chennai Super Kings,field,Royal Challengers Bangalore,13,,HV Patel,KN Ananthapadmanabhan,MA Gough,
1304096,2022,05-05-2022,"Brabourne Stadium, Mumbai",Mumbai,Delhi Capitals,Sunrisers Hyderabad,Sunrisers Hyderabad,field,Delhi Capitals,21,,DA Warner,Navdeep Singh,NA Patwardhan,
1304097,2022,06-05-2022,"Brabourne Stadium, Mumbai",Mumbai,Mumbai Indians,Gujarat Titans,Gujarat Titans,field,Mumbai Indians,5,,TH David,J Madanagopal,GR Sadashiv Iyer,
1304098,2022,07-05-2022,"Wankhede Stadium, Mumbai",Mumbai,Punjab Kings,Rajasthan Royals,Punjab Kings,bat,Rajasthan Royals,,6,YBK Jaiswal,Chirra Ravikanthreddy,YC Barde,
1304099,2022,07-05-2022,"Maharashtra Cricket Association Stadium, Pune",Pune,Lucknow Super Giants,Kolkata Knight Riders,Kolkata Knight Riders,field,Lucknow Super Giants,75,,Avesh Khan,AK Chaudhary,MA Gough,
1304100,2022,08-05-2022,"Wankhede Stadium, Mumbai",Mumbai,Royal Challengers Bangalore,Sunrisers Hyderabad,Royal Challengers Bangalore,bat,Royal Challengers Bangalore,67,,PWH de Silva,BNJ Oxenford,N Pandit,
1304101,2022,08-05-2022,"Dr DY Patil Sports Academy, Mumbai",Navi Mumbai,Chennai Super Kings,Delhi Capitals,Delhi Capitals,field,Chennai Super Kings,91,,DP Conway,Nitin Menon,R Pandit,
1304102,2022,09-05-2022,"Dr DY Patil Sports Academy, Mumbai",Navi Mumbai,Kolkata Knight Riders,Mumbai Indians,Mumbai Indians,field,Kolkata Knight Riders,52,,JJ Bumrah,CB Gaffaney,GR Sadashiv Iyer,
1304103,2022,10-05-2022,"Maharashtra Cricket Association Stadium, Pune",Pune,Gujarat Titans,Lucknow Super Giants,Gujarat Titans,bat,Gujarat Titans,62,,Shubman Gill,KN Ananthapadmanabhan,MA Gough,
1304104,2022,11-05-2022,"Dr DY Patil Sports Academy, Mumbai",Navi Mumbai,Rajasthan Royals,Delhi Capitals,Delhi Capitals,field,Delhi Capitals,,8,MR Marsh,NA Patwardhan,Nitin Menon,
1304105,2022,12-05-2022,"Wankhede Stadium, Mumbai",Mumbai,Chennai Super Kings,Mumbai Indians,Mumbai Indians,field,Mumbai Indians,,5,DR Sams,Chirra Ravikanthreddy,CB Gaffaney,
1304106,2022,13-05-2022,"Brabourne Stadium, Mumbai",Mumbai,Punjab Kings,Royal Challengers Bangalore,Royal Challengers Bangalore,field,Punjab Kings,54,,JM Bairstow,J Madanagopal,N Pandit,
1304107,2022,14-05-2022,"Maharashtra Cricket Association Stadium, Pune",Pune,Kolkata Knight Riders,Sunrisers Hyderabad,Kolkata Knight Riders,bat,Kolkata Knight Riders,54,,AD Russell,AK Chaudhary,KN Ananthapadmanabhan,
1304108,2022,15-05-2022,"Wankhede Stadium, Mumbai",Mumbai,Chennai Super Kings,Gujarat Titans,Chennai Super Kings,bat,Gujarat Titans,,7,WP Saha,R Pandit,VK Sharma,
1304109,2022,15-05-2022,"Brabourne Stadium, Mumbai",Mumbai,Rajasthan Royals,Lucknow Super Giants,Rajasthan Royals,bat,Rajasthan Royals,24,,TA Boult,PG Pathak,Tapan Sharma,
1304110,2022,16-05-2022,"Dr DY Patil Sports Academy, Mumbai",Navi Mumbai,Delhi Capitals,Punjab Kings,Punjab Kings,field,Delhi Capitals,17,,SN Thakur,GR Sadashiv Iyer,Nitin Menon,
1304111,2022,17-05-2022,"Wankhede Stadium, Mumbai",Mumbai,Sunrisers Hyderabad,Mumbai Indians,Mumbai Indians,field,Sunrisers Hyderabad,3,,RA Tripathi,CB Gaffaney,N Pandit,
1304112,2022,18-05-2022,"Dr DY Patil Sports Academy, Mumbai",Navi Mumbai,Lucknow Super Giants,Kolkata Knight Riders,Lucknow Super Giants,bat,Lucknow Super Giants,2,,Q de Kock,R Pandit,YC Barde,
1304113,2022,19-05-2022,"Wankhede Stadium, Mumbai",Mumbai,Gujarat Titans,Royal Challengers Bangalore,Gujarat Titans,bat,Royal Challengers Bangalore,,8,V Kohli,KN Ananthapadmanabhan,GR Sadashiv Iyer,
1304114,2022,20-05-2022,"Brabourne Stadium, Mumbai",Mumbai,Chennai Super Kings,Rajasthan Royals,Chennai Super Kings,bat,Rajasthan Royals,,5,R Ashwin,CB Gaffaney,NA Patwardhan,
1304115,2022,21-05-2022,"Wankhede Stadium, Mumbai",Mumbai,Delhi Capitals,Mumbai Indians,Mumbai Indians,field,Mumbai Indians,,5,JJ Bumrah,Nitin Menon,Tapan Sharma,
1304116,2022,22-05-2022,"Wankhede Stadium, Mumbai",Mumbai,Sunrisers Hyderabad,Punjab Kings,Sunrisers Hyderabad,bat,Punjab Kings,,5,Harpreet Brar,AK Chaudhary,NA Patwardhan,
1312197,2022,24-05-2022,"Eden Gardens, Kolkata",Kolkata,Rajasthan Royals,Gujarat Titans,Gujarat Titans,field,Gujarat Titans,,7,DA Miller,BNJ Oxenford,VK Sharma,Qualifier 1
1312198,2022,25-05-2022,"Eden Gardens, Kolkata",Kolkata,Royal Challengers Bangalore,Lucknow Super Giants,Lucknow Super Giants,field,Royal Challengers Bangalore,14,,RM Patidar,J Madanagopal,MA Gough,Eliminator
1312199,2022,27-05-2022,"Narendra Modi Stadium, Ahmedabad",Ahmedabad,Royal Challengers Bangalore,Rajasthan Royals,Rajasthan Royals,field,Rajasthan Royals,,7,JC Buttler,CB Gaffaney,Nitin Menon,Qualifier 2
1312200,2022,29-05-2022,"Narendra Modi Stadium, Ahmedabad",Ahmedabad,Rajasthan Royals,Gujarat Titans,Rajasthan Royals,bat,Gujarat Titans,,7,HH Pandya,CB Gaffaney,Nitin Menon,Final
1359475,2023,31-03-2023,"Narendra Modi Stadium, Ahmedabad",Ahmedabad,Chennai Super Kings,Gujarat Titans,Gujarat Titans,field,Gujarat Titans,,5,Rashid Khan,Nitin Menon,HAS Khalid,
1359476,2023,01-04-2023,"Punjab Cricket Association IS Bindra Stadium, Mohali, Chandigarh",Chandigarh,Punjab Kings,Kolkata Knight Riders,Kolkata Knight Riders,field,Punjab Kings,7,,Arshdeep Singh,BNJ Oxenford,YC Barde,
1359477,2023,01-04-2023,"Bharat Ratna Shri Atal Bihari Vajpayee Ekana Cricket Stadium, Lucknow",Lucknow,Lucknow Super Giants,Delhi Capitals,Delhi Capitals,field,Lucknow Super Giants,50,,MA Wood,AK Chaudhary,NA Patwardhan,
1359478,2023,02-04-2023,"Rajiv Gandhi International Stadium, Uppal, Hyderabad",Hyderabad,Rajasthan Royals,Sunrisers Hyderabad,Sunrisers Hyderabad,field,Rajasthan Royals,72,,JC Buttler,KN Ananthapadmanabhan,R Pandit,
1359479,2023,02-04-2023,"M Chinnaswamy Stadium, Bengaluru",Bengaluru,Mumbai Indians,Royal Challengers Bangalore,Royal Challengers Bangalore,field,Royal Challengers Bangalore,,8,F du Plessis,Nitin Menon,Tapan Sharma,
1359480,2023,03-04-2023,"MA Chidambaram Stadium, Chepauk, Chennai",Chennai,Chennai Super Kings,Lucknow Super Giants,Lucknow Super Giants,field,Chennai Super Kings,12,,MM Ali,A Totre,BNJ Oxenford,
1359481,2023,04-04-2023,"Arun Jaitley Stadium, Delhi",Delhi,Delhi Capitals,Gujarat Titans,Gujarat Titans,field,Gujarat Titans,,6,B Sai Sudharsan,A Nand Kishore,GR Sadashiv Iyer,
1359482,2023,05-04-2023,"Barsapara Cricket Stadium, Guwahati",Guwahati,Punjab Kings,Rajasthan Royals,Rajasthan Royals,field,Punjab Kings,5,,NT Ellis,KN Ananthapadmanabhan,MV Saidharshan Kumar,
1359483,2023,06-04-2023,"Eden Gardens, Kolkata",Kolkata,Kolkata Knight Riders,Royal Challengers Bangalore,Royal Challengers Bangalore,field,Kolkata Knight Riders,81,,SN Thakur,Vinod Seshan,VK Sharma,
1359484,2023,07-04-2023,"Bharat Ratna Shri Atal Bihari Vajpayee Ekana Cricket Stadium, Lucknow",Lucknow,Sunrisers Hyderabad,Lucknow Super Giants,Sunrisers Hyderabad,bat,Lucknow Super Giants,,5,KH Pandya,J Madanagopal,YC Barde,
1359485,2023,08-04-2023,"Barsapara Cricket Stadium, Guwahati",Guwahati,Rajasthan Royals,Delhi Capitals,Delhi Capitals,field,Rajasthan Royals,57,,YBK Jaiswal,Navdeep Singh,MV Saidharshan Kumar,
1359486,2023,08-04-2023,"Wankhede Stadium, Mumbai",Mumbai,Mumbai Indians,Chennai Super Kings,Chennai Super Kings,field,Chennai Super Kings,,7,RA Jadeja,CB Gaffaney,NA Patwardhan,
1359487,2023,09-04-2023,"Narendra Modi Stadium, Ahmedabad",Ahmedabad,Gujarat Titans,Kolkata Knight Riders,Gujarat Titans,bat,Kolkata Knight Riders,,3,RK Singh,Nitin Menon,Tapan Sharma,
1359488,2023,09-04-2023,"Rajiv Gandhi International Stadium, Uppal, Hyderabad",Hyderabad,Punjab Kings,Sunrisers Hyderabad,Sunrisers Hyderabad,field,Sunrisers Hyderabad,,8,S Dhawan,BNJ Oxenford,UV Gandhe,
1359489,2023,10-04-2023,"M Chinnaswamy Stadium, Bengaluru",Bengaluru,Royal Challengers Bangalore,Lucknow Super Giants,Lucknow Super Giants,field,Lucknow Super Giants,,1,N Pooran,AK Chaudhary,A Nand Kishore,
1359490,2023,11-04-2023,"Arun Jaitley Stadium, Delhi",Delhi,Delhi Capitals,Mumbai Indians,Mumbai Indians,field,Mumbai Indians,,6,RG Sharma,MA Gough,R Pandit,
1359491,2023,12-04-2023,"MA Chidambaram Stadium, Chepauk, Chennai",Chennai,Rajasthan Royals,Chennai Super Kings,Chennai Super Kings,field,Rajasthan Royals,3,,R Ashwin,Vinod Seshan,VK Sharma,
1359492,2023,13-04-2023,"Punjab Cricket Association IS Bindra Stadium, Mohali, Chandigarh",Chandigarh,Punjab Kings,Gujarat Titans,Gujarat Titans,field,Gujarat Titans,,6,MM Sharma,A Totre,J Madanagopal,
1359493,2023,14-04-2023,"Eden Gardens, Kolkata",Kolkata,Sunrisers Hyderabad,Kolkata Knight Riders,Kolkata Knight Riders,field,Sunrisers Hyderabad,23,,HC Brook,CB Gaffaney,GR Sadashiv Iyer,
1359494,2023,15-04-2023,"M Chinnaswamy Stadium, Bengaluru",Bengaluru,Royal Challengers Bangalore,Delhi Capitals,Delhi Capitals,field,Royal Challengers Bangalore,23,,V Kohli,KN Ananthapadmanabhan,MV Saidharshan Kumar,
1359495,2023,15-04-2023,"Bharat Ratna Shri Atal Bihari Vajpayee Ekana Cricket Stadium, Lucknow",Lucknow,Lucknow Super Giants,Punjab Kings,Punjab Kings,field,Punjab Kings,,2,Sikandar Raza,HAS Khalid,VK Sharma,
1359496,2023,16-04-2023,"Wankhede Stadium, Mumbai",Mumbai,Kolkata Knight Riders,Mumbai Indians,Mumbai Indians,field,Mumbai Indians,,5,VR Iyer,BNJ Oxenford,UV Gandhe,
1359497,2023,16-04-2023,"Narendra Modi Stadium, Ahmedabad",Ahmedabad,Gujarat Titans,Rajasthan Royals,Rajasthan Royals,field,Rajasthan Royals,,3,SO Hetmyer,AK Chaudhary,CB Gaffaney,
1359498,2023,17-04-2023,"M Chinnaswamy Stadium, Bengaluru",Bengaluru,Chennai Super Kings,Royal Challengers Bangalore,Royal Challengers Bangalore,field,Chennai Super Kings,8,,DP Conway,KN Ananthapadmanabhan,Navdeep Singh,
1359499,2023,18-04-2023,"Rajiv Gandhi International Stadium, Uppal, Hyderabad",Hyderabad,Mumbai Indians,Sunrisers Hyderabad,Sunrisers Hyderabad,field,Mumbai Indians,14,,C Green,Nitin Menon,Vinod Seshan,
1359500,2023,19-04-2023,"Sawai Mansingh Stadium, Jaipur",Jaipur,Lucknow Super Giants,Rajasthan Royals,Rajasthan Royals,field,Lucknow Super Giants,10,,MP Stoinis,J Madanagopal,YC Barde,
1359501,2023,20-04-2023,"Punjab Cricket Association IS Bindra Stadium, Mohali, Chandigarh",Chandigarh,Royal Challengers Bangalore,Punjab Kings,Punjab Kings,field,Royal Challengers Bangalore,24,,Mohammed Siraj,AK Chaudhary,GR Sadashiv Iyer,
1359502,2023,20-04-2023,"Arun Jaitley Stadium, Delhi",Delhi,Kolkata Knight Riders,Delhi Capitals,Delhi Capitals,field,Delhi Capitals,,4,I Sharma,MA Gough,R Pandit,
1359503,2023,21-04-2023,"MA Chidambaram Stadium, Chepauk, Chennai",Chennai,Sunrisers Hyderabad,Chennai Super Kings,Chennai Super Kings,field,Chennai Super Kings,,7,RA Jadeja,HAS Khalid,VK Sharma,
1359504,2023,22-04-2023,"Bharat Ratna Shri Atal Bihari Vajpayee Ekana Cricket Stadium, Lucknow",Lucknow,Gujarat Titans,Lucknow Super Giants,Gujarat Titans,bat,Gujarat Titans,7,,MM Sharma,A Totre,RJ Tucker,
1359505,2023,22-04-2023,"Wankhede Stadium, Mumbai",Mumbai,Punjab Kings,Mumbai Indians,Mumbai Indians,field,Punjab Kings,13,,SM Curran,CB Gaffaney,GR Sadashiv Iyer,
1359506,2023,23-04-2023,"M Chinnaswamy Stadium, Bengaluru",Bengaluru,Royal Challengers Bangalore,Rajasthan Royals,Rajasthan Royals,field,Royal Challengers Bangalore,7,,GJ Maxwell,MA Gough,MV Saidharshan Kumar,
1359507,2023,23-04-2023,"Eden Gardens, Kolkata",Kolkata,Chennai Super Kings,Kolkata Knight Riders,Kolkata Knight Riders,field,Chennai Super Kings,49,,AM Rahane,Nitin Menon,Tapan Sharma,
1359508,2023,24-04-2023,"Rajiv Gandhi International Stadium, Uppal, Hyderabad",Hyderabad,Delhi Capitals,Sunrisers Hyderabad,Delhi Capitals,bat,Delhi Capitals,7,,AR Patel,J Madanagopal,RJ Tucker,
1359509,2023,25-04-2023,"Narendra Modi Stadium, Ahmedabad",Ahmedabad,Gujarat Titans,Mumbai Indians,Mumbai Indians,field,Gujarat Titans,55,,A Manohar,AK Chaudhary,A Nand Kishore,
1359510,2023,26-04-2023,"M Chinnaswamy Stadium, Bengaluru",Bengaluru,Kolkata Knight Riders,Royal Challengers Bangalore,Royal Challengers Bangalore,field,Kolkata Knight Riders,21,,CV Varun,KN Ananthapadmanabhan,R Pandit,
1359511,2023,27-04-2023,"Sawai Mansingh Stadium, Jaipur",Jaipur,Rajasthan Royals,Chennai Super Kings,Rajasthan Royals,bat,Rajasthan Royals,32,,YBK Jaiswal,A Totre,YC Barde,
1359512,2023,28-04-2023,"Punjab Cricket Association IS Bindra Stadium, Mohali, Chandigarh",Chandigarh,Lucknow Super Giants,Punjab Kings,Punjab Kings,field,Lucknow Super Giants,56,,MP Stoinis,Nitin Menon,Vinod Seshan,
1359513,2023,29-04-2023,"Eden Gardens, Kolkata",Kolkata,Kolkata Knight Riders,Gujarat Titans,Gujarat Titans,field,Gujarat Titans,,7,J Little,NA Patwardhan,GR Sadashiv Iyer,
1359514,2023,29-04-2023,"Arun Jaitley Stadium, Delhi",Delhi,Sunrisers Hyderabad,Delhi Capitals,Sunrisers Hyderabad,bat,Sunrisers Hyderabad,9,,MR Marsh,MA Gough,Navdeep Singh,
1359515,2023,30-04-2023,"MA Chidambaram Stadium, Chepauk, Chennai",Chennai,Chennai Super Kings,Punjab Kings,Chennai Super Kings,bat,Punjab Kings,,4,DP Conway,RJ Tucker,UV Gandhe,
1359516,2023,30-04-2023,"Wankhede Stadium, Mumbai",Mumbai,Rajasthan Royals,Mumbai Indians,Rajasthan Royals,bat,Mumbai Indians,,6,YBK Jaiswal,Vinod Seshan,VK Sharma,
1359517,2023,01-05-2023,"Bharat Ratna Shri Atal Bihari Vajpayee Ekana Cricket Stadium, Lucknow",Lucknow,Royal Challengers Bangalore,Lucknow Super Giants,Royal Challengers Bangalore,bat,Royal Challengers Bangalore,18,,F du Plessis,AK Chaudhary,GR Sadashiv Iyer,
1359518,2023,02-05-2023,"Narendra Modi Stadium, Ahmedabad",Ahmedabad,Delhi Capitals,Gujarat Titans,Delhi Capitals,bat,Delhi Capitals,5,,Mohammed Shami,MA Gough,R Pandit,
1359519,2023,03-05-2023,"Bharat Ratna Shri Atal Bihari Vajpayee Ekana Cricket Stadium, Lucknow",Lucknow,Lucknow Super Giants,Chennai Super Kings,Chennai Super Kings,field,,,,,AK Chaudhary,NA Patwardhan,
1359520,2023,03-05-2023,"Punjab Cricket Association IS Bindra Stadium, Mohali, Chandigarh",Chandigarh,Punjab Kings,Mumbai Indians,Mumbai Indians,field,Mumbai Indians,,6,Ishan Kishan,J Madanagopal,RJ Tucker,
1359521,2023,04-05-2023,"Rajiv Gandhi International Stadium, Uppal, Hyderabad",Hyderabad,Kolkata Knight Riders,Sunrisers Hyderabad,Kolkata Knight Riders,bat,Kolkata Knight Riders,5,,CV Varun,KN Ananthapadmanabhan,MA Gough,
1359522,2023,05-05-2023,"Sawai Mansingh Stadium, Jaipur",Jaipur,Rajasthan Royals,Gujarat Titans,Rajasthan Royals,bat,Gujarat Titans,,9,Rashid Khan,HAS Khalid,VK Sharma,
1359523,2023,06-05-2023,"MA Chidambaram Stadium, Chepauk, Chennai",Chennai,Mumbai Indians,Chennai Super Kings,Chennai Super Kings,field,Chennai Super Kings,,6,M Pathirana,BNJ Oxenford,Navdeep Singh,
1359524,2023,06-05-2023,"Arun Jaitley Stadium, Delhi",Delhi,Royal Challengers Bangalore,Delhi Capitals,Royal Challengers Bangalore,bat,Delhi Capitals,,7,PD Salt,RJ Tucker,YC Barde,
1359525,2023,07-05-2023,"Narendra Modi Stadium, Ahmedabad",Ahmedabad,Gujarat Titans,Lucknow Super Giants,Lucknow Super Giants,field,Gujarat Titans,56,,Shubman Gill,AK Chaudhary,A Nand Kishore,
1359526,2023,07-05-2023,"Sawai Mansingh Stadium, Jaipur",Jaipur,Rajasthan Royals,Sunrisers Hyderabad,Rajasthan Royals,bat,Sunrisers Hyderabad,,4,GD Phillips,Nitin Menon,Vinod Seshan,
1359527,2023,08-05-2023,"Eden Gardens, Kolkata",Kolkata,Punjab Kings,Kolkata Knight Riders,Punjab Kings,bat,Kolkata Knight Riders,,5,AD Russell,A Totre,J Madanagopal,
1359528,2023,09-05-2023,"Wankhede Stadium, Mumbai",Mumbai,Royal Challengers Bangalore,Mumbai Indians,Mumbai Indians,field,Mumbai Indians,,6,SA Yadav,HAS Khalid,VK Sharma,
1359529,2023,10-05-2023,"MA Chidambaram Stadium, Chepauk, Chennai",Chennai,Chennai Super Kings,Delhi Capitals,Chennai Super Kings,bat,Chennai Super Kings,27,,RA Jadeja,CB Gaffaney,NA Patwardhan,
1359530,2023,11-05-2023,"Eden Gardens, Kolkata",Kolkata,Kolkata Knight Riders,Rajasthan Royals,Rajasthan Royals,field,Rajasthan Royals,,9,YBK Jaiswal,RJ Tucker,MV Saidharshan Kumar,
1359531,2023,12-05-2023,"Wankhede Stadium, Mumbai",Mumbai,Mumbai Indians,Gujarat Titans,Gujarat Titans,field,Mumbai Indians,27,,SA Yadav,Nitin Menon,Tapan Sharma,
1359532,2023,13-05-2023,"Rajiv Gandhi International Stadium, Uppal, Hyderabad",Hyderabad,Sunrisers Hyderabad,Lucknow Super Giants,Sunrisers Hyderabad,bat,Lucknow Super Giants,,7,PN Mankad,A Totre,J Madanagopal,
1359533,2023,13-05-2023,"Arun Jaitley Stadium, Delhi",Delhi,Punjab Kings,Delhi Capitals,Delhi Capitals,field,Punjab Kings,31,,P Simran Singh,CB Gaffaney,NA Patwardhan,
1359534,2023,14-05-2023,"Sawai Mansingh Stadium, Jaipur",Jaipur,Royal Challengers Bangalore,Rajasthan Royals,Royal Challengers Bangalore,bat,Royal Challengers Bangalore,112,,WD Parnell,KN Ananthapadmanabhan,Navdeep Singh,
1359535,2023,14-05-2023,"MA Chidambaram Stadium, Chepauk, Chennai",Chennai,Chennai Super Kings,Kolkata Knight Riders,Chennai Super Kings,bat,Kolkata Knight Riders,,6,RK Singh,Tapan Sharma,Vinod Seshan,
1359536,2023,15-05-2023,"Narendra Modi Stadium, Ahmedabad",Ahmedabad,Gujarat Titans,Sunrisers Hyderabad,Sunrisers Hyderabad,field,Gujarat Titans,34,,Shubman Gill,J Madanagopal,UV Gandhe,
1359537,2023,16-05-2023,"Bharat Ratna Shri Atal Bihari Vajpayee Ekana Cricket Stadium, Lucknow",Lucknow,Lucknow Super Giants,Mumbai Indians,Mumbai Indians,field,Lucknow Super Giants,5,,MP Stoinis,AK Chaudhary,A Nand Kishore,
1359538,2023,17-05-2023,"Himachal Pradesh Cricket Association Stadium, Dharamsala",Dharamsala,Delhi Capitals,Punjab Kings,Punjab Kings,field,Delhi Capitals,15,,RR Rossouw,KN Ananthapadmanabhan,MV Saidharshan Kumar,
1359539,2023,18-05-2023,"Rajiv Gandhi International Stadium, Uppal, Hyderabad",Hyderabad,Sunrisers Hyderabad,Royal Challengers Bangalore,Royal Challengers Bangalore,field,Royal Challengers Bangalore,,8,V Kohli,BNJ Oxenford,VK Sharma,
1359540,2023,19-05-2023,"Himachal Pradesh Cricket Association Stadium, Dharamsala",Dharamsala,Punjab Kings,Rajasthan Royals,Rajasthan Royals,field,Rajasthan Royals,,4,D Padikkal,A Nand Kishore,RJ Tucker,
1359541,2023,20-05-2023,"Arun Jaitley Stadium, Delhi",Delhi,Chennai Super Kings,Delhi Capitals,Chennai Super Kings,bat,Chennai Super Kings,77,,RD Gaikwad,CB Gaffaney,NA Patwardhan,
1359542,2023,20-05-2023,"Eden Gardens, Kolkata",Kolkata,Lucknow Super Giants,Kolkata Knight Riders,Kolkata Knight Riders,field,Lucknow Super Giants,1,,N Pooran,J Madanagopal,UV Gandhe,
1359543,2023,21-05-2023,"Wankhede Stadium, Mumbai",Mumbai,Sunrisers Hyderabad,Mumbai Indians,Mumbai Indians,field,Mumbai Indians,,8,C Green,KN Ananthapadmanabhan,RJ Tucker,
1359544,2023,21-05-2023,"M Chinnaswamy Stadium, Bengaluru",Bengaluru,Royal Challengers Bangalore,Gujarat Titans,Gujarat Titans,field,Gujarat Titans,,6,Shubman Gill,Nitin Menon,VK Sharma,
1370350,2023,23-05-2023,"MA Chidambaram Stadium, Chepauk, Chennai",Chennai,Chennai Super Kings,Gujarat Titans,Gujarat Titans,field,Chennai Super Kings,15,,RD Gaikwad,AK Chaudhary,CB Gaffaney,Qualifier 1
1370351,2023,24-05-2023,"MA Chidambaram Stadium, Chepauk, Chennai",Chennai,Mumbai Indians,Lucknow Super Giants,Mumbai Indians,bat,Mumbai Indians,81,,Akash Madhwal,BNJ Oxenford,VK Sharma,Eliminator
1370352,2023,26-05-2023,"Narendra Modi Stadium, Ahmedabad",Ahmedabad,Gujarat Titans,Mumbai Indians,Mumbai Indians,field,Gujarat Titans,62,,Shubman Gill,Nitin Menon,RJ Tucker,Qualifier 2
1370353,2023,29-05-2023,"Narendra Modi Stadium, Ahmedabad",Ahmedabad,Gujarat Titans,Chennai Super Kings,Chennai Super Kings,field,Chennai Super Kings,,5,DP Conway,Nitin Menon,RJ Tucker,Final
1422119,2024,22-03-2024,"MA Chidambaram Stadium, Chepauk, Chennai",Chennai,Royal Challengers Bengaluru,Chennai Super Kings,Royal Challengers Bengaluru,bat,Chennai Super Kings,,6,Mustafizur Rahman,HAS Khalid,VK Sharma,
1422120,2024,23-03-2024,"Maharaja Yadavindra Singh International Cricket Stadium, Mullanpur",Mohali,Delhi Capitals,Punjab Kings,Punjab Kings,field,Punjab Kings,,4,SM Curran,J Madanagopal,NA Patwardhan,
1422121,2024,23-03-2024,"Eden Gardens, Kolkata",Kolkata,Kolkata Knight Riders,Sunrisers Hyderabad,Sunrisers Hyderabad,field,Kolkata Knight Riders,4,,AD Russell,R Pandit,YC Barde,
1422122,2024,24-03-2024,"Sawai Mansingh Stadium, Jaipur",Jaipur,Rajasthan Royals,Lucknow Super Giants,Rajasthan Royals,bat,Rajasthan Royals,20,,SV Samson,A Totre,HDPK Dharmasena,
1422123,2024,24-03-2024,"Narendra Modi Stadium, Ahmedabad",Ahmedabad,Gujarat Titans,Mumbai Indians,Mumbai Indians,field,Gujarat Titans,6,,B Sai Sudharsan,VA Kulkarni,VK Sharma,
1422124,2024,25-03-2024,"M Chinnaswamy Stadium, Bengaluru",Bengaluru,Punjab Kings,Royal Challengers Bengaluru,Royal Challengers Bengaluru,field,Royal Challengers Bengaluru,,4,V Kohli,AK Chaudhary,MV Saidharshan Kumar,
1422125,2024,26-03-2024,"MA Chidambaram Stadium, Chepauk, Chennai",Chennai,Chennai Super Kings,Gujarat Titans,Gujarat Titans,field,Chennai Super Kings,63,,S Dube,AG Wharf,Tapan Sharma,
1422126,2024,27-03-2024,"Rajiv Gandhi International Stadium, Uppal, Hyderabad",Hyderabad,Sunrisers Hyderabad,Mumbai Indians,Mumbai Indians,field,Sunrisers Hyderabad,31,,Abhishek Sharma,KN Ananthapadmanabhan,UV Gandhe,
1422127,2024,28-03-2024,"Sawai Mansingh Stadium, Jaipur",Jaipur,Rajasthan Royals,Delhi Capitals,Delhi Capitals,field,Rajasthan Royals,12,,R Parag,A Nand Kishore,Nitin Menon,
1422128,2024,29-03-2024,"M Chinnaswamy Stadium, Bengaluru",Bengaluru,Royal Challengers Bengaluru,Kolkata Knight Riders,Kolkata Knight Riders,field,Kolkata Knight Riders,,7,SP Narine,AK Chaudhary,R Pandit,
1422129,2024,30-03-2024,"Bharat Ratna Shri Atal Bihari Vajpayee Ekana Cricket Stadium, Lucknow",Lucknow,Lucknow Super Giants,Punjab Kings,Lucknow Super Giants,bat,Lucknow Super Giants,21,,MP Yadav,J Madanagopal,Navdeep Singh,
1422130,2024,31-03-2024,"Narendra Modi Stadium, Ahmedabad",Ahmedabad,Sunrisers Hyderabad,Gujarat Titans,Sunrisers Hyderabad,bat,Gujarat Titans,,7,MM Sharma,HAS Khalid,VK Sharma,
1422131,2024,31-03-2024,"Dr. Y.S. Rajasekhara Reddy ACA-VDCA Cricket Stadium, Visakhapatnam",Visakhapatnam,Delhi Capitals,Chennai Super Kings,Delhi Capitals,bat,Delhi Capitals,20,,KK Ahmed,HDPK Dharmasena,Vinod Seshan,
1422132,2024,01-04-2024,"Wankhede Stadium, Mumbai",Mumbai,Mumbai Indians,Rajasthan Royals,Rajasthan Royals,field,Rajasthan Royals,,6,TA Boult,MV Saidharshan Kumar,YC Barde,
1422133,2024,02-04-2024,"M Chinnaswamy Stadium, Bengaluru",Bengaluru,Lucknow Super Giants,Royal Challengers Bengaluru,Royal Challengers Bengaluru,field,Lucknow Super Giants,28,,MP Yadav,J Madanagopal,NA Patwardhan,
1422134,2024,03-04-2024,"Dr. Y.S. Rajasekhara Reddy ACA-VDCA Cricket Stadium, Visakhapatnam",Visakhapatnam,Kolkata Knight Riders,Delhi Capitals,Kolkata Knight Riders,bat,Kolkata Knight Riders,106,,SP Narine,A Totre,UV Gandhe,
1422135,2024,04-04-2024,"Narendra Modi Stadium, Ahmedabad",Ahmedabad,Gujarat Titans,Punjab Kings,Punjab Kings,field,Punjab Kings,,3,Shashank Singh,Nitin Menon,VA Kulkarni,
1422136,2024,05-04-2024,"Rajiv Gandhi International Stadium, Uppal, Hyderabad",Hyderabad,Chennai Super Kings,Sunrisers Hyderabad,Sunrisers Hyderabad,field,Sunrisers Hyderabad,,6,Abhishek Sharma,R Pandit,YC Barde,
1422137,2024,06-04-2024,"Sawai Mansingh Stadium, Jaipur",Jaipur,Royal Challengers Bengaluru,Rajasthan Royals,Rajasthan Royals,field,Rajasthan Royals,,6,JC Buttler,AG Wharf,Tapan Sharma,
1422138,2024,07-04-2024,"Wankhede Stadium, Mumbai",Mumbai,Mumbai Indians,Delhi Capitals,Delhi Capitals,field,Mumbai Indians,29,,R Shepherd,HDPK Dharmasena,UV Gandhe,
1422139,2024,07-04-2024,"Bharat Ratna Shri Atal Bihari Vajpayee Ekana Cricket Stadium, Lucknow",Lucknow,Lucknow Super Giants,Gujarat Titans,Lucknow Super Giants,bat,Lucknow Super Giants,33,,Yash Thakur,A Nand Kishore,VK Sharma,
1426260,2024,08-04-2024,"MA Chidambaram Stadium, Chepauk, Chennai",Chennai,Kolkata Knight Riders,Chennai Super Kings,Chennai Super Kings,field,Chennai Super Kings,,7,RA Jadeja,AK Chaudhary,MV Saidharshan Kumar,
1426261,2024,09-04-2024,"Maharaja Yadavindra Singh International Cricket Stadium, Mullanpur",Mohali,Sunrisers Hyderabad,Punjab Kings,Punjab Kings,field,Sunrisers Hyderabad,2,,Nithish Kumar Reddy,Navdeep Singh,NA Patwardhan,
1426262,2024,10-04-2024,"Sawai Mansingh Stadium, Jaipur",Jaipur,Rajasthan Royals,Gujarat Titans,Gujarat Titans,field,Gujarat Titans,,3,Rashid Khan,HDPK Dharmasena,Vinod Seshan,
1426263,2024,11-04-2024,"Wankhede Stadium, Mumbai",Mumbai,Royal Challengers Bengaluru,Mumbai Indians,Mumbai Indians,field,Mumbai Indians,,7,JJ Bumrah,Nitin Menon,VA Kulkarni,
1426264,2024,12-04-2024,"Bharat Ratna Shri Atal Bihari Vajpayee Ekana Cricket Stadium, Lucknow",Lucknow,Lucknow Super Giants,Delhi Capitals,Lucknow Super Giants,bat,Delhi Capitals,,6,Kuldeep Yadav,R Pandit,YC Barde,
1426265,2024,13-04-2024,"Maharaja Yadavindra Singh International Cricket Stadium, Mullanpur",Mohali,Punjab Kings,Rajasthan Royals,Rajasthan Royals,field,Rajasthan Royals,,3,SO Hetmyer,AK Chaudhary,Tapan Sharma,
1426266,2024,14-04-2024,"Eden Gardens, Kolkata",Kolkata,Lucknow Super Giants,Kolkata Knight Riders,Kolkata Knight Riders,field,Kolkata Knight Riders,,8,PD Salt,A Totre,Vinod Seshan,
1426267,2024,14-04-2024,"Wankhede Stadium, Mumbai",Mumbai,Chennai Super Kings,Mumbai Indians,Mumbai Indians,field,Chennai Super Kings,20,,M Pathirana,Nitin Menon,HAS Khalid,
1426268,2024,15-04-2024,"M Chinnaswamy Stadium, Bengaluru",Bengaluru,Sunrisers Hyderabad,Royal Challengers Bengaluru,Royal Challengers Bengaluru,field,Sunrisers Hyderabad,25,,TM Head,AK Chaudhary,R Pandit,
1426269,2024,16-04-2024,"Eden Gardens, Kolkata",Kolkata,Kolkata Knight Riders,Rajasthan Royals,Rajasthan Royals,field,Rajasthan Royals,,2,JC Buttler,MA Gough,UV Gandhe,
1426270,2024,17-04-2024,"Narendra Modi Stadium, Ahmedabad",Ahmedabad,Gujarat Titans,Delhi Capitals,Delhi Capitals,field,Delhi Capitals,,6,RR Pant,NA Patwardhan,VK Sharma,
1426271,2024,18-04-2024,"Maharaja Yadavindra Singh International Cricket Stadium, Mullanpur",Mohali,Mumbai Indians,Punjab Kings,Punjab Kings,field,Mumbai Indians,9,,JJ Bumrah,A Nand Kishore,VA Kulkarni,
1426272,2024,19-04-2024,"Bharat Ratna Shri Atal Bihari Vajpayee Ekana Cricket Stadium, Lucknow",Lucknow,Chennai Super Kings,Lucknow Super Giants,Lucknow Super Giants,field,Lucknow Super Giants,,8,KL Rahul,AK Chaudhary,R Pandit,
1426273,2024,20-04-2024,"Arun Jaitley Stadium, Delhi",Delhi,Sunrisers Hyderabad,Delhi Capitals,Delhi Capitals,field,Sunrisers Hyderabad,67,,TM Head,J Madanagopal,Navdeep Singh,
1426274,2024,21-04-2024,"Eden Gardens, Kolkata",Kolkata,Kolkata Knight Riders,Royal Challengers Bengaluru,Royal Challengers Bengaluru,field,Kolkata Knight Riders,1,,AD Russell,A Totre,Vinod Seshan,
1426275,2024,21-04-2024,"Maharaja Yadavindra Singh International Cricket Stadium, Mullanpur",Mohali,Punjab Kings,Gujarat Titans,Punjab Kings,bat,Gujarat Titans,,3,R Sai Kishore,A Nand Kishore,VA Kulkarni,
1426276,2024,22-04-2024,"Sawai Mansingh Stadium, Jaipur",Jaipur,Mumbai Indians,Rajasthan Royals,Mumbai Indians,bat,Rajasthan Royals,,9,Sandeep Sharma,AK Chaudhary,MV Saidharshan Kumar,
1426277,2024,23-04-2024,"MA Chidambaram Stadium, Chepauk, Chennai",Chennai,Chennai Super Kings,Lucknow Super Giants,Lucknow Super Giants,field,Lucknow Super Giants,,6,MP Stoinis,NA Patwardhan,Tapan Sharma,
1426278,2024,24-04-2024,"Arun Jaitley Stadium, Delhi",Delhi,Delhi Capitals,Gujarat Titans,Gujarat Titans,field,Delhi Capitals,4,,RR Pant,KN Ananthapadmanabhan,UV Gandhe,
1426279,2024,25-04-2024,"Rajiv Gandhi International Stadium, Uppal, Hyderabad",Hyderabad,Royal Challengers Bengaluru,Sunrisers Hyderabad,Royal Challengers Bengaluru,bat,Royal Challengers Bengaluru,35,,RM Patidar,Nitin Menon,HAS Khalid,
1426280,2024,26-04-2024,"Eden Gardens, Kolkata",Kolkata,Kolkata Knight Riders,Punjab Kings,Punjab Kings,field,Punjab Kings,,8,JM Bairstow,AK Chaudhary,YC Barde,
1426281,2024,27-04-2024,"Arun Jaitley Stadium, Delhi",Delhi,Delhi Capitals,Mumbai Indians,Mumbai Indians,field,Delhi Capitals,10,,J Fraser-McGurk,Navdeep Singh,NA Patwardhan,
1426282,2024,27-04-2024,"Bharat Ratna Shri Atal Bihari Vajpayee Ekana Cricket Stadium, Lucknow",Lucknow,Lucknow Super Giants,Rajasthan Royals,Rajasthan Royals,field,Rajasthan Royals,,7,SV Samson,KN Ananthapadmanabhan,MA Gough,
1426283,2024,28-04-2024,"Narendra Modi Stadium, Ahmedabad",Ahmedabad,Gujarat Titans,Royal Challengers Bengaluru,Royal Challengers Bengaluru,field,Royal Challengers Bengaluru,,9,WG Jacks,Nitin Menon,VK Sharma,
1426284,2024,28-04-2024,"MA Chidambaram Stadium, Chepauk, Chennai",Chennai,Chennai Super Kings,Sunrisers Hyderabad,Sunrisers Hyderabad,field,Chennai Super Kings,78,,RD Gaikwad,R Pandit,MV Saidharshan Kumar,
1426285,2024,29-04-2024,"Eden Gardens, Kolkata",Kolkata,Delhi Capitals,Kolkata Knight Riders,Delhi Capitals,bat,Kolkata Knight Riders,,7,CV Varun,Navdeep Singh,Tapan Sharma,
1426286,2024,30-04-2024,"Bharat Ratna Shri Atal Bihari Vajpayee Ekana Cricket Stadium, Lucknow",Lucknow,Mumbai Indians,Lucknow Super Giants,Lucknow Super Giants,field,Lucknow Super Giants,,4,MP Stoinis,MA Gough,UV Gandhe,
1426287,2024,01-05-2024,"MA Chidambaram Stadium, Chepauk, Chennai",Chennai,Chennai Super Kings,Punjab Kings,Punjab Kings,field,Punjab Kings,,7,Harpreet Brar,HAS Khalid,VK Sharma,
1426288,2024,02-05-2024,"Rajiv Gandhi International Stadium, Uppal, Hyderabad",Hyderabad,Sunrisers Hyderabad,Rajasthan Royals,Sunrisers Hyderabad,bat,Sunrisers Hyderabad,1,,B Kumar,AK Chaudhary,YC Barde,
1426289,2024,03-05-2024,"Wankhede Stadium, Mumbai",Mumbai,Kolkata Knight Riders,Mumbai Indians,Mumbai Indians,field,Kolkata Knight Riders,24,,VR Iyer,J Madanagopal,Tapan Sharma,
1426290,2024,04-05-2024,"M Chinnaswamy Stadium, Bengaluru",Bengaluru,Gujarat Titans,Royal Challengers Bengaluru,Royal Challengers Bengaluru,field,Royal Challengers Bengaluru,,4,Mohammed Siraj,A Totre,Vinod Seshan,
1426291,2024,05-05-2024,"Himachal Pradesh Cricket Association Stadium, Dharamsala",Dharamsala,Chennai Super Kings,Punjab Kings,Punjab Kings,field,Chennai Super Kings,28,,RA Jadeja,A Nand Kishore,VA Kulkarni,
1426292,2024,05-05-2024,"Bharat Ratna Shri Atal Bihari Vajpayee Ekana Cricket Stadium, Lucknow",Lucknow,Kolkata Knight Riders,Lucknow Super Giants,Lucknow Super Giants,field,Kolkata Knight Riders,98,,SP Narine,MV Saidharshan Kumar,YC Barde,
1426293,2024,06-05-2024,"Wankhede Stadium, Mumbai",Mumbai,Sunrisers Hyderabad,Mumbai Indians,Mumbai Indians,field,Mumbai Indians,,7,SA Yadav,Navdeep Singh,Tapan Sharma,
1426294,2024,07-05-2024,"Arun Jaitley Stadium, Delhi",Delhi,Delhi Capitals,Rajasthan Royals,Rajasthan Royals,field,Delhi Capitals,20,,Kuldeep Yadav,KN Ananthapadmanabhan,UV Gandhe,
1426295,2024,08-05-2024,"Rajiv Gandhi International Stadium, Uppal, Hyderabad",Hyderabad,Lucknow Super Giants,Sunrisers Hyderabad,Lucknow Super Giants,bat,Sunrisers Hyderabad,,10,TM Head,MV Saidharshan Kumar,YC Barde,
1426296,2024,09-05-2024,"Himachal Pradesh Cricket Association Stadium, Dharamsala",Dharamsala,Royal Challengers Bengaluru,Punjab Kings,Punjab Kings,field,Royal Challengers Bengaluru,60,,V Kohli,Nitin Menon,HAS Khalid,
1426297,2024,10-05-2024,"Narendra Modi Stadium, Ahmedabad",Ahmedabad,Gujarat Titans,Chennai Super Kings,Chennai Super Kings,field,Gujarat Titans,35,,Shubman Gill,KN Ananthapadmanabhan,NA Patwardhan,
1426298,2024,11-05-2024,"Eden Gardens, Kolkata",Kolkata,Kolkata Knight Riders,Mumbai Indians,Mumbai Indians,field,Kolkata Knight Riders,18,,CV Varun,UV Gandhe,Vinod Seshan,
1426299,2024,12-05-2024,"MA Chidambaram Stadium, Chepauk, Chennai",Chennai,Rajasthan Royals,Chennai Super Kings,Rajasthan Royals,bat,Chennai Super Kings,,5,Simarjeet Singh,R Pandit,YC Barde,
1426300,2024,12-05-2024,"M Chinnaswamy Stadium, Bengaluru",Bengaluru,Royal Challengers Bengaluru,Delhi Capitals,Delhi Capitals,field,Royal Challengers Bengaluru,47,,C Green,A Nand Kishore,VA Kulkarni,
1426302,2024,14-05-2024,"Arun Jaitley Stadium, Delhi",Delhi,Delhi Capitals,Lucknow Super Giants,Lucknow Super Giants,field,Delhi Capitals,19,,I Sharma,A Totre,Vinod Seshan,
1426303,2024,15-05-2024,"Barsapara Cricket Stadium, Guwahati",Guwahati,Rajasthan Royals,Punjab Kings,Rajasthan Royals,bat,Punjab Kings,,5,SM Curran,R Pandit,MV Saidharshan Kumar,
1426305,2024,17-05-2024,"Wankhede Stadium, Mumbai",Mumbai,Lucknow Super Giants,Mumbai Indians,Mumbai Indians,field,Lucknow Super Giants,18,,N Pooran,Navdeep Singh,R Pandit,
1426306,2024,18-05-2024,"M Chinnaswamy Stadium, Bengaluru",Bengaluru,Royal Challengers Bengaluru,Chennai Super Kings,Chennai Super Kings,field,Royal Challengers Bengaluru,27,,F du Plessis,A Totre,KN Ananthapadmanabhan,
1426307,2024,19-05-2024,"Rajiv Gandhi International Stadium, Uppal, Hyderabad",Hyderabad,Punjab Kings,Sunrisers Hyderabad,Punjab Kings,bat,Sunrisers Hyderabad,,4,Abhishek Sharma,Nitin Menon,VK Sharma,
1426309,2024,21-05-2024,"Narendra Modi Stadium, Ahmedabad",Ahmedabad,Sunrisers Hyderabad,Kolkata Knight Riders,Sunrisers Hyderabad,bat,Kolkata Knight Riders,,8,MA Starc,AK Chaudhary,R Pandit,Qualifier 1
1426310,2024,22-05-2024,"Narendra Modi Stadium, Ahmedabad",Ahmedabad,Royal Challengers Bengaluru,Rajasthan Royals,Rajasthan Royals,field,Rajasthan Royals,,4,R Ashwin,KN Ananthapadmanabhan,MV Saidharshan Kumar,Eliminator
1426311,2024,24-05-2024,"MA Chidambaram Stadium, Chepauk, Chennai",Chennai,Sunrisers Hyderabad,Rajasthan Royals,Rajasthan Royals,field,Sunrisers Hyderabad,36,,Shahbaz Ahmed,Nitin Menon,VK Sharma,Qualifier 2
1426312,2024,26-05-2024,"MA Chidambaram Stadium, Chepauk, Chennai",Chennai,Sunrisers Hyderabad,Kolkata Knight Riders,Sunrisers Hyderabad,bat,Kolkata Knight Riders,,8,MA Starc,J Madanagopal,Nitin Menon,Final
1473438,2025,22-03-2025,"Eden Gardens, Kolkata",Kolkata,Kolkata Knight Riders,Royal Challengers Bengaluru,Royal Challengers Bengaluru,field,Royal Challengers Bengaluru,,7,KH Pandya,A Bengeri,Vinod Seshan,
1473439,2025,23-03-2025,"Rajiv Gandhi International Stadium, Uppal, Hyderabad",Hyderabad,Sunrisers Hyderabad,Rajasthan Royals,Rajasthan Royals,field,Sunrisers Hyderabad,44,,Ishan Kishan,AT Holdstock,A Totre,
1473440,2025,23-03-2025,"MA Chidambaram Stadium, Chepauk, Chennai",Chennai,Mumbai Indians,Chennai Super Kings,Chennai Super Kings,field,Chennai Super Kings,,4,Noor Ahmad,KN Ananthapadmanabhan,HAS Khalid,
1473441,2025,24-03-2025,"Dr. Y.S. Rajasekhara Reddy ACA-VDCA Cricket Stadium, Visakhapatnam",Visakhapatnam,Lucknow Super Giants,Delhi Capitals,Delhi Capitals,field,Delhi Capitals,,1,Ashutosh Sharma,Abhijit Bhattacharya,UV Gandhe,
1473442,2025,25-03-2025,"Narendra Modi Stadium, Ahmedabad",Ahmedabad,Punjab Kings,Gujarat Titans,Gujarat Titans,field,Punjab Kings,11,,SS Iyer,A Bengeri,Vinod Seshan,
1473443,2025,26-03-2025,"Barsapara Cricket Stadium, Guwahati",Guwahati,Rajasthan Royals,Kolkata Knight Riders,Kolkata Knight Riders,field,Kolkata Knight Riders,,8,Q de Kock,A Totre,R Pandit,
1473444,2025,27-03-2025,"Rajiv Gandhi International Stadium, Uppal, Hyderabad",Hyderabad,Sunrisers Hyderabad,Lucknow Super Giants,Lucknow Super Giants,field,Lucknow Super Giants,,5,SN Thakur,Abhijit Bhattacharya,UV Gandhe,
1473445,2025,28-03-2025,"MA Chidambaram Stadium, Chepauk, Chennai",Chennai,Royal Challengers Bengaluru,Chennai Super Kings,Chennai Super Kings,field,Royal Challengers Bengaluru,50,,RM Patidar,Nitin Menon,HAS Khalid,
1473446,2025,29-03-2025,"Narendra Modi Stadium, Ahmedabad",Ahmedabad,Gujarat Titans,Mumbai Indians,Mumbai Indians,field,Gujarat Titans,36,,M Prasidh Krishna,A Bengeri,Vinod Seshan,
1473447,2025,30-03-2025,"Dr. Y.S. Rajasekhara Reddy ACA-VDCA Cricket Stadium, Visakhapatnam",Visakhapatnam,Sunrisers Hyderabad,Delhi Capitals,Sunrisers Hyderabad,bat,Delhi Capitals,,7,MA Starc,Abhijit Bhattacharya,UV Gandhe,
1473448,2025,30-03-2025,"Barsapara Cricket Stadium, Guwahati",Guwahati,Rajasthan Royals,Chennai Super Kings,Chennai Super Kings,field,Rajasthan Royals,6,,N Rana,AT Holdstock,A Totre,
1473449,2025,31-03-2025,"Wankhede Stadium, Mumbai",Mumbai,Kolkata Knight Riders,Mumbai Indians,Mumbai Indians,field,Mumbai Indians,,8,Ashwani Kumar,MV Saidharshan Kumar,HAS Khalid,
1473450,2025,01-04-2025,"Bharat Ratna Shri Atal Bihari Vajpayee Ekana Cricket Stadium, Lucknow",Lucknow,Lucknow Super Giants,Punjab Kings,Punjab Kings,field,Punjab Kings,,8,P Simran Singh,A Bengeri,Vinod Seshan,
1473451,2025,02-04-2025,"M Chinnaswamy Stadium, Bengaluru",Bengaluru,Royal Challengers Bengaluru,Gujarat Titans,Gujarat Titans,field,Gujarat Titans,,8,Mohammed Siraj,Abhijit Bhattacharya,UV Gandhe,
1473452,2025,03-04-2025,"Eden Gardens, Kolkata",Kolkata,Kolkata Knight Riders,Sunrisers Hyderabad,Sunrisers Hyderabad,field,Kolkata Knight Riders,80,,VG Arora,AT Holdstock,A Totre,
1473453,2025,04-04-2025,"Bharat Ratna Shri Atal Bihari Vajpayee Ekana Cricket Stadium, Lucknow",Lucknow,Lucknow Super Giants,Mumbai Indians,Mumbai Indians,field,Lucknow Super Giants,12,,DS Rathi,Nitin Menon,MV Saidharshan Kumar,
1473454,2025,05-04-2025,"MA Chidambaram Stadium, Chepauk, Chennai",Chennai,Delhi Capitals,Chennai Super Kings,Delhi Capitals,bat,Delhi Capitals,25,,KL Rahul,A Bengeri,P Joshi,
1473455,2025,05-04-2025,"Maharaja Yadavindra Singh International Cricket Stadium, Mullanpur",Mohali,Rajasthan Royals,Punjab Kings,Punjab Kings,field,Rajasthan Royals,50,,JC Archer,K Swaroopanand,UV Gandhe,
1473456,2025,08-04-2025,"Eden Gardens, Kolkata",Kolkata,Lucknow Super Giants,Kolkata Knight Riders,Kolkata Knight Riders,field,Lucknow Super Giants,4,,N Pooran,AT Holdstock,A Totre,
1473457,2025,06-04-2025,"Rajiv Gandhi International Stadium, Uppal, Hyderabad",Hyderabad,Sunrisers Hyderabad,Gujarat Titans,Gujarat Titans,field,Gujarat Titans,,7,Mohammed Siraj,KN Ananthapadmanabhan,MV Saidharshan Kumar,
1473458,2025,07-04-2025,"Wankhede Stadium, Mumbai",Mumbai,Royal Challengers Bengaluru,Mumbai Indians,Mumbai Indians,field,Royal Challengers Bengaluru,12,,RM Patidar,P Joshi,Vinod Seshan,
1473459,2025,08-04-2025,"Maharaja Yadavindra Singh International Cricket Stadium, Mullanpur",Mohali,Punjab Kings,Chennai Super Kings,Punjab Kings,bat,Punjab Kings,18,,Priyansh Arya,Abhijit Bhattacharya,UV Gandhe,
1473460,2025,09-04-2025,"Narendra Modi Stadium, Ahmedabad",Ahmedabad,Gujarat Titans,Rajasthan Royals,Rajasthan Royals,field,Gujarat Titans,58,,B Sai Sudharsan,A Totre,R Pandit,
1473461,2025,10-04-2025,"M Chinnaswamy Stadium, Bengaluru",Bengaluru,Royal Challengers Bengaluru,Delhi Capitals,Delhi Capitals,field,Delhi Capitals,,6,KL Rahul,KN Ananthapadmanabhan,MV Saidharshan Kumar,
1473462,2025,11-04-2025,"MA Chidambaram Stadium, Chepauk, Chennai",Chennai,Chennai Super Kings,Kolkata Knight Riders,Kolkata Knight Riders,field,Kolkata Knight Riders,,8,SP Narine,CB Gaffaney,P Joshi,
1473463,2025,12-04-2025,"Bharat Ratna Shri Atal Bihari Vajpayee Ekana Cricket Stadium, Lucknow",Lucknow,Gujarat Titans,Lucknow Super Giants,Lucknow Super Giants,field,Lucknow Super Giants,,6,AK Markram,K Swaroopanand,UV Gandhe,
1473464,2025,12-04-2025,"Rajiv Gandhi International Stadium, Uppal, Hyderabad",Hyderabad,Punjab Kings,Sunrisers Hyderabad,Punjab Kings,bat,Sunrisers Hyderabad,,8,Abhishek Sharma,A Totre,K Kelkar,
1473465,2025,13-04-2025,"Sawai Mansingh Stadium, Jaipur",Jaipur,Rajasthan Royals,Royal Challengers Bengaluru,Royal Challengers Bengaluru,field,Royal Challengers Bengaluru,,9,PD Salt,Nitin Menon,MV Saidharshan Kumar,
1473466,2025,13-04-2025,"Arun Jaitley Stadium, Delhi",Delhi,Mumbai Indians,Delhi Capitals,Delhi Capitals,field,Mumbai Indians,12,,KV Sharma,CB Gaffaney,Vinod Seshan,
1473467,2025,14-04-2025,"Bharat Ratna Shri Atal Bihari Vajpayee Ekana Cricket Stadium, Lucknow",Lucknow,Lucknow Super Giants,Chennai Super Kings,Chennai Super Kings,field,Chennai Super Kings,,5,MS Dhoni,UV Gandhe,VK Sharma,
1473468,2025,15-04-2025,"Maharaja Yadavindra Singh International Cricket Stadium, Mullanpur",Mohali,Punjab Kings,Kolkata Knight Riders,Punjab Kings,bat,Punjab Kings,16,,YS Chahal,M Krishnadas,MV Saidharshan Kumar,
1473469,2025,16-04-2025,"Arun Jaitley Stadium, Delhi",Delhi,Delhi Capitals,Rajasthan Royals,Rajasthan Royals,field,,,,MA Starc,A Totre,K Kelkar,
1473470,2025,17-04-2025,"Wankhede Stadium, Mumbai",Mumbai,Sunrisers Hyderabad,Mumbai Indians,Mumbai Indians,field,Mumbai Indians,,4,WG Jacks,J Madanagopal,Vinod Seshan,
1473471,2025,18-04-2025,"M Chinnaswamy Stadium, Bengaluru",Bengaluru,Royal Challengers Bengaluru,Punjab Kings,Punjab Kings,field,Punjab Kings,,5,TH David,UV Gandhe,VK Sharma,
1473472,2025,19-04-2025,"Narendra Modi Stadium, Ahmedabad",Ahmedabad,Delhi Capitals,Gujarat Titans,Gujarat Titans,field,Gujarat Titans,,7,JC Buttler,A Totre,K Kelkar,
1473473,2025,19-04-2025,"Sawai Mansingh Stadium, Jaipur",Jaipur,Lucknow Super Giants,Rajasthan Royals,Lucknow Super Giants,bat,Lucknow Super Giants,2,,Avesh Khan,J Madanagopal,Vinod Seshan,
1473474,2025,20-04-2025,"Maharaja Yadavindra Singh International Cricket Stadium, Mullanpur",Mohali,Punjab Kings,Royal Challengers Bengaluru,Royal Challengers Bengaluru,field,Royal Challengers Bengaluru,,7,V Kohli,KM Gandhi,MV Saidharshan Kumar,
1473475,2025,20-04-2025,"Wankhede Stadium, Mumbai",Mumbai,Chennai Super Kings,Mumbai Indians,Mumbai Indians,field,Mumbai Indians,,9,RG Sharma,Abhijit Bhattacharya,VK Sharma,
1473476,2025,21-04-2025,"Eden Gardens, Kolkata",Kolkata,Gujarat Titans,Kolkata Knight Riders,Kolkata Knight Riders,field,Gujarat Titans,39,,Shubman Gill,Anish Sahasrabudhe,R Pandit,
1473477,2025,22-04-2025,"Bharat Ratna Shri Atal Bihari Vajpayee Ekana Cricket Stadium, Lucknow",Lucknow,Lucknow Super Giants,Delhi Capitals,Delhi Capitals,field,Delhi Capitals,,8,Mukesh Kumar,KM Gandhi,MV Saidharshan Kumar,
1473478,2025,23-04-2025,"Rajiv Gandhi International Stadium, Uppal, Hyderabad",Hyderabad,Sunrisers Hyderabad,Mumbai Indians,Mumbai Indians,field,Mumbai Indians,,7,TA Boult,J Madanagopal,Vinod Seshan,
1473479,2025,24-04-2025,"M Chinnaswamy Stadium, Bengaluru",Bengaluru,Royal Challengers Bengaluru,Rajasthan Royals,Rajasthan Royals,field,Royal Challengers Bengaluru,11,,JR Hazlewood,MA Gough,UV Gandhe,
1473480,2025,25-04-2025,"MA Chidambaram Stadium, Chepauk, Chennai",Chennai,Chennai Super Kings,Sunrisers Hyderabad,Sunrisers Hyderabad,field,Sunrisers Hyderabad,,5,HV Patel,M Krishnadas,Nitin Menon,
1473481,2025,26-04-2025,"Eden Gardens, Kolkata",Kolkata,Punjab Kings,Kolkata Knight Riders,Punjab Kings,bat,,,,,AT Holdstock,Anish Sahasrabudhe,
1473482,2025,27-04-2025,"Wankhede Stadium, Mumbai",Mumbai,Mumbai Indians,Lucknow Super Giants,Lucknow Super Giants,field,Mumbai Indians,54,,WG Jacks,CB Gaffaney,J Madanagopal,
1473483,2025,27-04-2025,"Arun Jaitley Stadium, Delhi",Delhi,Delhi Capitals,Royal Challengers Bengaluru,Royal Challengers Bengaluru,field,Royal Challengers Bengaluru,,6,KH Pandya,M Krishnadas,Nitin Menon,
1473484,2025,28-04-2025,"Sawai Mansingh Stadium, Jaipur",Jaipur,Gujarat Titans,Rajasthan Royals,Rajasthan Royals,field,Rajasthan Royals,,8,V Suryavanshi,MA Gough,VK Sharma,
1473485,2025,29-04-2025,"Arun Jaitley Stadium, Delhi",Delhi,Kolkata Knight Riders,Delhi Capitals,Delhi Capitals,field,Kolkata Knight Riders,14,,SP Narine,M Krishnadas,MV Saidharshan Kumar,
1473486,2025,30-04-2025,"MA Chidambaram Stadium, Chepauk, Chennai",Chennai,Chennai Super Kings,Punjab Kings,Punjab Kings,field,Punjab Kings,,4,SS Iyer,A Totre,Anish Sahasrabudhe,
1473487,2025,01-05-2025,"Sawai Mansingh Stadium, Jaipur",Jaipur,Mumbai Indians,Rajasthan Royals,Rajasthan Royals,field,Mumbai Indians,100,,RD Rickelton,P Joshi,Vinod Seshan,
1473488,2025,02-05-2025,"Narendra Modi Stadium, Ahmedabad",Ahmedabad,Gujarat Titans,Sunrisers Hyderabad,Sunrisers Hyderabad,field,Gujarat Titans,38,,M Prasidh Krishna,K Swaroopanand,VK Sharma,
1473489,2025,03-05-2025,"M Chinnaswamy Stadium, Bengaluru",Bengaluru,Royal Challengers Bengaluru,Chennai Super Kings,Chennai Super Kings,field,Royal Challengers Bengaluru,2,,R Shepherd,M Krishnadas,Nitin Menon,
1473490,2025,04-05-2025,"Eden Gardens, Kolkata",Kolkata,Kolkata Knight Riders,Rajasthan Royals,Kolkata Knight Riders,bat,Kolkata Knight Riders,1,,AD Russell,Anish Sahasrabudhe,R Pandit,
1473491,2025,04-05-2025,"Himachal Pradesh Cricket Association Stadium, Dharamsala",Dharamsala,Punjab Kings,Lucknow Super Giants,Lucknow Super Giants,field,Punjab Kings,37,,P Simran Singh,J Madanagopal,P Joshi,
1473492,2025,05-05-2025,"Rajiv Gandhi International Stadium, Uppal, Hyderabad",Hyderabad,Delhi Capitals,Sunrisers Hyderabad,Sunrisers Hyderabad,field,,,,,K Swaroopanand,VK Sharma,
1473493,2025,06-05-2025,"Wankhede Stadium, Mumbai",Mumbai,Mumbai Indians,Gujarat Titans,Gujarat Titans,field,Gujarat Titans,,3,Shubman Gill,KM Gandhi,MV Saidharshan Kumar,
1473494,2025,07-05-2025,"Eden Gardens, Kolkata",Kolkata,Kolkata Knight Riders,Chennai Super Kings,Kolkata Knight Riders,bat,Chennai Super Kings,,2,Noor Ahmad,AT Holdstock,Anish Sahasrabudhe,
1473495,2025,08-05-2025,"Himachal Pradesh Cricket Association Stadium, Dharamsala",Dharamsala,Punjab Kings,Delhi Capitals,Punjab Kings,bat,,,,,CB Gaffaney,P Joshi,
1473497,2025,18-05-2025,"Sawai Mansingh Stadium, Jaipur",Jaipur,Punjab Kings,Rajasthan Royals,Punjab Kings,bat,Punjab Kings,10,,Harpreet Brar,A Bengeri,CB Gaffaney,
1473498,2025,18-05-2025,"Arun Jaitley Stadium, Delhi",Delhi,Delhi Capitals,Gujarat Titans,Gujarat Titans,field,Gujarat Titans,,10,B Sai Sudharsan,AT Holdstock,K Kelkar,
1473499,2025,19-05-2025,"Bharat Ratna Shri Atal Bihari Vajpayee Ekana Cricket Stadium, Lucknow",Lucknow,Lucknow Super Giants,Sunrisers Hyderabad,Sunrisers Hyderabad,field,Sunrisers Hyderabad,,6,Abhishek Sharma,K Swaroopanand,MA Gough,
1473500,2025,20-05-2025,"Arun Jaitley Stadium, Delhi",Delhi,Chennai Super Kings,Rajasthan Royals,Rajasthan Royals,field,Rajasthan Royals,,6,Akash Madhwal,K Kelkar,R Pandit,
1473501,2025,21-05-2025,"Wankhede Stadium, Mumbai",Mumbai,Mumbai Indians,Delhi Capitals,Delhi Capitals,field,Mumbai Indians,59,,SA Yadav,A Bengeri,J Madanagopal,
1473502,2025,22-05-2025,"Narendra Modi Stadium, Ahmedabad",Ahmedabad,Lucknow Super Giants,Gujarat Titans,Gujarat Titans,field,Lucknow Super Giants,33,,MR Marsh,KN Ananthapadmanabhan,M Krishnadas,
1473503,2025,23-05-2025,"Bharat Ratna Shri Atal Bihari Vajpayee Ekana Cricket Stadium, Lucknow",Lucknow,Sunrisers Hyderabad,Royal Challengers Bengaluru,Royal Challengers Bengaluru,field,Sunrisers Hyderabad,42,,Ishan Kishan,K Swaroopanand,MA Gough,
1473504,2025,25-05-2025,"Narendra Modi Stadium, Ahmedabad",Ahmedabad,Chennai Super Kings,Gujarat Titans,Chennai Super Kings,bat,Chennai Super Kings,83,,D Brevis,KM Gandhi,KN Ananthapadmanabhan,
1473505,2025,25-05-2025,"Arun Jaitley Stadium, Delhi",Delhi,Sunrisers Hyderabad,Kolkata Knight Riders,Sunrisers Hyderabad,bat,Sunrisers Hyderabad,110,,H Klaasen,AT Holdstock,K Kelkar,
1473506,2025,26-05-2025,"Sawai Mansingh Stadium, Jaipur",Jaipur,Mumbai Indians,Punjab Kings,Punjab Kings,field,Punjab Kings,,7,JP Inglis,CB Gaffaney,P Joshi,
1473507,2025,27-05-2025,"Bharat Ratna Shri Atal Bihari Vajpayee Ekana Cricket Stadium, Lucknow",Lucknow,Lucknow Super Giants,Royal Challengers Bengaluru,Royal Challengers Bengaluru,field,Royal Challengers Bengaluru,,6,JM Sharma,MA Gough,VK Sharma,
1473508,2025,29-05-2025,"Maharaja Yadavindra Singh International Cricket Stadium, Mullanpur",New Chandigarh,Punjab Kings,Royal Challengers Bengaluru,Royal Challengers Bengaluru,field,Royal Challengers Bengaluru,,8,Suyash Sharma,MA Gough,VK Sharma,Qualifier 1
1473509,2025,30-05-2025,"Maharaja Yadavindra Singh International Cricket Stadium, New Chandigarh",New Chandigarh,Mumbai Indians,Gujarat Titans,Mumbai Indians,bat,Mumbai Indians,20,,RG Sharma,R Pandit,UV Gandhe,Eliminator
1473510,2025,01-06-2025,"Narendra Modi Stadium, Ahmedabad",Ahmedabad,Mumbai Indians,Punjab Kings,Punjab Kings,field,Punjab Kings,,5,SS Iyer,CB Gaffaney,Nitin Menon,Qualifier 2
1473511,2025,03-06-2025,"Narendra Modi Stadium, Ahmedabad",Ahmedabad,Royal Challengers Bengaluru,Punjab Kings,Punjab Kings,field,Royal Challengers Bengaluru,6,,KH Pandya,J Madanagopal,Nitin Menon,Final
1485779,2025,24-05-2025,"Sawai Mansingh Stadium, Jaipur",Jaipur,Punjab Kings,Delhi Capitals,Delhi Capitals,field,Delhi Capitals,,6,Sameer Rizvi,J Madanagopal,P Joshi,
1527674,2026,28-03-2026,"M Chinnaswamy Stadium, Bengaluru",Bengaluru,Sunrisers Hyderabad,Royal Challengers Bengaluru,Royal Challengers Bengaluru,field,Royal Challengers Bengaluru,,6,JA Duffy,J Madanagopal,UV Gandhe,
1527675,2026,29-03-2026,"Wankhede Stadium, Mumbai",Mumbai,Kolkata Knight Riders,Mumbai Indians,Mumbai Indians,field,Mumbai Indians,,6,SN Thakur,Anish Sahasrabudhe,MV Saidharshan Kumar,
1527676,2026,30-03-2026,"Barsapara Cricket Stadium, Guwahati",Guwahati,Chennai Super Kings,Rajasthan Royals,Rajasthan Royals,field,Rajasthan Royals,,8,N Burger,HDPK Dharmasena,M Krishnadas,
1527677,2026,31-03-2026,"Maharaja Yadavindra Singh International Cricket Stadium, New Chandigarh",New Chandigarh,Gujarat Titans,Punjab Kings,Punjab Kings,field,Punjab Kings,,3,C Connolly,Abhijit Bhattacharya,A Totre,
1527678,2026,01-04-2026,"Bharat Ratna Shri Atal Bihari Vajpayee Ekana Cricket Stadium, Lucknow",Lucknow,Lucknow Super Giants,Delhi Capitals,Delhi Capitals,field,Delhi Capitals,,6,Sameer Rizvi,R Pandit,UV Gandhe,
1527679,2026,02-04-2026,"Eden Gardens, Kolkata",Kolkata,Sunrisers Hyderabad,Kolkata Knight Riders,Kolkata Knight Riders,field,Sunrisers Hyderabad,65,,Nithish Kumar Reddy,MV Saidharshan Kumar,Vinod Seshan,
1527680,2026,03-04-2026,"MA Chidambaram Stadium, Chepauk, Chennai",Chennai,Chennai Super Kings,Punjab Kings,Punjab Kings,field,Punjab Kings,,5,Priyansh Arya,Abhijit Bhattacharya,A Totre,
1527681,2026,04-04-2026,"Arun Jaitley Stadium, Delhi",Delhi,Mumbai Indians,Delhi Capitals,Delhi Capitals,field,Delhi Capitals,,6,Sameer Rizvi,HDPK Dharmasena,M Krishnadas,
1527682,2026,04-04-2026,"Narendra Modi Stadium, Ahmedabad",Ahmedabad,Rajasthan Royals,Gujarat Titans,Rajasthan Royals,bat,Rajasthan Royals,6,,Ravi Bishnoi,R Pandit,UV Gandhe,
1527683,2026,05-04-2026,"Rajiv Gandhi International Stadium, Uppal, Hyderabad",Hyderabad,Sunrisers Hyderabad,Lucknow Super Giants,Lucknow Super Giants,field,Lucknow Super Giants,,5,Mohammed Shami,Anish Sahasrabudhe,MV Saidharshan Kumar,
1527684,2026,05-04-2026,"M Chinnaswamy Stadium, Bengaluru",Bengaluru,Royal Challengers Bengaluru,Chennai Super Kings,Chennai Super Kings,field,Royal Challengers Bengaluru,43,,TH David,A Totre,KN Ananthapadmanabhan,
1527685,2026,06-04-2026,"Eden Gardens, Kolkata",Kolkata,Kolkata Knight Riders,Punjab Kings,Kolkata Knight Riders,bat,,,,,A Bengeri,J Madanagopal,
1527686,2026,07-04-2026,"Barsapara Cricket Stadium, Guwahati",Guwahati,Rajasthan Royals,Mumbai Indians,Mumbai Indians,field,Rajasthan Royals,27,,YBK Jaiswal,HDPK Dharmasena,M Krishnadas,
1527687,2026,08-04-2026,"Arun Jaitley Stadium, Delhi",Delhi,Gujarat Titans,Delhi Capitals,Delhi Capitals,field,Gujarat Titans,1,,Rashid Khan,Anish Sahasrabudhe,Nitin Menon,
1527688,2026,09-04-2026,"Eden Gardens, Kolkata",Kolkata,Kolkata Knight Riders,Lucknow Super Giants,Lucknow Super Giants,field,Lucknow Super Giants,,3,MD Choudhary,AT Holdstock,A Totre,
1527689,2026,10-04-2026,"Barsapara Cricket Stadium, Guwahati",Guwahati,Royal Challengers Bengaluru,Rajasthan Royals,Rajasthan Royals,field,Rajasthan Royals,,6,V Suryavanshi,K Swaroopanand,HDPK Dharmasena,
1527690,2026,11-04-2026,"Maharaja Yadavindra Singh International Cricket Stadium, New Chandigarh",New Chandigarh,Sunrisers Hyderabad,Punjab Kings,Punjab Kings,field,Punjab Kings,,6,SS Iyer,A Bengeri,R Pandit,
1527691,2026,11-04-2026,"MA Chidambaram Stadium, Chepauk, Chennai",Chennai,Chennai Super Kings,Delhi Capitals,Delhi Capitals,field,Chennai Super Kings,23,,SV Samson,MV Saidharshan Kumar,Vinod Seshan,
1527692,2026,12-04-2026,"Bharat Ratna Shri Atal Bihari Vajpayee Ekana Cricket Stadium, Lucknow",Lucknow,Lucknow Super Giants,Gujarat Titans,Gujarat Titans,field,Gujarat Titans,,7,M Prasidh Krishna,Abhijit Bhattacharya,KN Ananthapadmanabhan,
1527693,2026,12-04-2026,"Wankhede Stadium, Mumbai",Mumbai,Royal Challengers Bengaluru,Mumbai Indians,Mumbai Indians,field,Royal Challengers Bengaluru,18,,PD Salt,K Swaroopanand,VK Sharma,
1529264,2026,13-04-2026,"Rajiv Gandhi International Stadium, Uppal, Hyderabad",Hyderabad,Sunrisers Hyderabad,Rajasthan Royals,Rajasthan Royals,field,Sunrisers Hyderabad,57,,PP Hinge,J Madanagopal,R Pandit,
1529265,2026,14-04-2026,"MA Chidambaram Stadium, Chepauk, Chennai",Chennai,Chennai Super Kings,Kolkata Knight Riders,Kolkata Knight Riders,field,Chennai Super Kings,32,,Noor Ahmad,Nitin Menon,MV Saidharshan Kumar,
1529266,2026,15-04-2026,"M Chinnaswamy Stadium, Bengaluru",Bengaluru,Lucknow Super Giants,Royal Challengers Bengaluru,Royal Challengers Bengaluru,field,Royal Challengers Bengaluru,,5,JR Hazlewood,AT Holdstock,Bhavesh Patel,
1529267,2026,16-04-2026,"Wankhede Stadium, Mumbai",Mumbai,Mumbai Indians,Punjab Kings,Punjab Kings,field,Punjab Kings,,7,Arshdeep Singh,HDPK Dharmasena,M Krishnadas,
1529268,2026,17-04-2026,"Narendra Modi Stadium, Ahmedabad",Ahmedabad,Kolkata Knight Riders,Gujarat Titans,Kolkata Knight Riders,bat,Gujarat Titans,,5,Shubman Gill,R Pandit,UV Gandhe,
1529269,2026,18-04-2026,"M Chinnaswamy Stadium, Bengaluru",Bengaluru,Royal Challengers Bengaluru,Delhi Capitals,Delhi Capitals,field,Delhi Capitals,,6,T Stubbs,Abhijit Bhattacharya,Bhavesh Patel,
1529270,2026,18-04-2026,"Rajiv Gandhi International Stadium, Uppal, Hyderabad",Hyderabad,Sunrisers Hyderabad,Chennai Super Kings,Chennai Super Kings,field,Sunrisers Hyderabad,10,,E Malinga,Anish Sahasrabudhe,Vinod Seshan,
1529271,2026,19-04-2026,"Eden Gardens, Kolkata",Kolkata,Rajasthan Royals,Kolkata Knight Riders,Rajasthan Royals,bat,Kolkata Knight Riders,,4,CV Varun,HDPK Dharmasena,M Krishnadas,
1529272,2026,19-04-2026,"Maharaja Yadavindra Singh International Cricket Stadium, New Chandigarh",New Chandigarh,Punjab Kings,Lucknow Super Giants,Lucknow Super Giants,field,Punjab Kings,54,,Priyansh Arya,J Madanagopal,K Kelkar,
1529273,2026,20-04-2026,"Narendra Modi Stadium, Ahmedabad",Ahmedabad,Mumbai Indians,Gujarat Titans,Gujarat Titans,field,Mumbai Indians,99,,Tilak Varma,Abhijit Bhattacharya,KN Ananthapadmanabhan,
1529274,2026,21-04-2026,"Rajiv Gandhi International Stadium, Uppal, Hyderabad",Hyderabad,Sunrisers Hyderabad,Delhi Capitals,Delhi Capitals,field,Sunrisers Hyderabad,47,,Abhishek Sharma,Anish Sahasrabudhe,Vinod Seshan,
1529275,2026,22-04-2026,"Bharat Ratna Shri Atal Bihari Vajpayee Ekana Cricket Stadium, Lucknow",Lucknow,Rajasthan Royals,Lucknow Super Giants,Lucknow Super Giants,field,Rajasthan Royals,40,,RA Jadeja,AK Argal,VK Sharma,
1529276,2026,23-04-2026,"Wankhede Stadium, Mumbai",Mumbai,Chennai Super Kings,Mumbai Indians,Mumbai Indians,field,Chennai Super Kings,103,,SV Samson,AT Holdstock,P Joshi,
1529277,2026,24-04-2026,"M Chinnaswamy Stadium, Bengaluru",Bengaluru,Gujarat Titans,Royal Challengers Bengaluru,Royal Challengers Bengaluru,field,Royal Challengers Bengaluru,,5,V Kohli,Amit Rana,J Madanagopal,
1529278,2026,25-04-2026,"Arun Jaitley Stadium, Delhi",Delhi,Delhi Capitals,Punjab Kings,Delhi Capitals,bat,Punjab Kings,,6,KL Rahul,AK Argal,VK Sharma,
1529279,2026,25-04-2026,"Sawai Mansingh Stadium, Jaipur",Jaipur,Rajasthan Royals,Sunrisers Hyderabad,Sunrisers Hyderabad,field,Sunrisers Hyderabad,,5,Ishan Kishan,KM Gandhi,Nitin Menon,
1529280,2026,26-04-2026,"MA Chidambaram Stadium, Chepauk, Chennai",Chennai,Chennai Super Kings,Gujarat Titans,Gujarat Titans,field,Gujarat Titans,,8,K Rabada,AT Holdstock,KN Ananthapadmanabhan,
1529281,2026,26-04-2026,"Bharat Ratna Shri Atal Bihari Vajpayee Ekana Cricket Stadium, Lucknow",Lucknow,Kolkata Knight Riders,Lucknow Super Giants,Lucknow Super Giants,field,,,,RK Singh,A Bengeri,K Kelkar,
1529282,2026,27-04-2026,"Arun Jaitley Stadium, Delhi",Delhi,Delhi Capitals,Royal Challengers Bengaluru,Royal Challengers Bengaluru,field,Royal Challengers Bengaluru,,9,JR Hazlewood,AK Argal,SJ Nogajski,
1529283,2026,28-04-2026,"Maharaja Yadavindra Singh International Cricket Stadium, New Chandigarh",New Chandigarh,Punjab Kings,Rajasthan Royals,Rajasthan Royals,field,Rajasthan Royals,,6,D Ferreira,Nitin Menon,TM Srivastava,
1529284,2026,29-04-2026,"Wankhede Stadium, Mumbai",Mumbai,Mumbai Indians,Sunrisers Hyderabad,Mumbai Indians,bat,Sunrisers Hyderabad,,6,H Klaasen,A Bengeri,J Madanagopal,
1529285,2026,30-04-2026,"Narendra Modi Stadium, Ahmedabad",Ahmedabad,Royal Challengers Bengaluru,Gujarat Titans,Gujarat Titans,field,Gujarat Titans,,4,JO Holder,AT Holdstock,KN Ananthapadmanabhan,
1529286,2026,01-05-2026,"Sawai Mansingh Stadium, Jaipur",Jaipur,Rajasthan Royals,Delhi Capitals,Rajasthan Royals,bat,Delhi Capitals,,7,KL Rahul,SJ Nogajski,VK Sharma,
1529287,2026,02-05-2026,"MA Chidambaram Stadium, Chepauk, Chennai",Chennai,Mumbai Indians,Chennai Super Kings,Mumbai Indians,bat,Chennai Super Kings,,8,RD Gaikwad,KM Gandhi,Nitin Menon,
1529288,2026,03-05-2026,"Rajiv Gandhi International Stadium, Uppal, Hyderabad",Hyderabad,Sunrisers Hyderabad,Kolkata Knight Riders,Sunrisers Hyderabad,bat,Kolkata Knight Riders,,7,CV Varun,A Bengeri,J Madanagopal,
1529289,2026,03-05-2026,"Narendra Modi Stadium, Ahmedabad",Ahmedabad,Punjab Kings,Gujarat Titans,Gujarat Titans,field,Gujarat Titans,,4,JO Holder,KN Ananthapadmanabhan,P Joshi,
1529290,2026,04-05-2026,"Wankhede Stadium, Mumbai",Mumbai,Lucknow Super Giants,Mumbai Indians,Mumbai Indians,field,Mumbai Indians,,6,RD Rickelton,AK Argal,SJ Nogajski,
1529291,2026,05-05-2026,"Arun Jaitley Stadium, Delhi",Delhi,Delhi Capitals,Chennai Super Kings,Delhi Capitals,bat,Chennai Super Kings,,8,SV Samson,KM Gandhi,TM Srivastava,
1529292,2026,06-05-2026,"Rajiv Gandhi International Stadium, Uppal, Hyderabad",Hyderabad,Sunrisers Hyderabad,Punjab Kings,Punjab Kings,field,Sunrisers Hyderabad,33,,PJ Cummins,J Madanagopal,K Kelkar,
1529293,2026,07-05-2026,"Bharat Ratna Shri Atal Bihari Vajpayee Ekana Cricket Stadium, Lucknow",Lucknow,Lucknow Super Giants,Royal Challengers Bengaluru,Royal Challengers Bengaluru,field,Lucknow Super Giants,9,,MR Marsh,A Totre,P Joshi,
1529294,2026,08-05-2026,"Arun Jaitley Stadium, Delhi",Delhi,Delhi Capitals,Kolkata Knight Riders,Kolkata Knight Riders,field,Kolkata Knight Riders,,8,FH Allen,Nitin Menon,R Pandit,
1529295,2026,09-05-2026,"Sawai Mansingh Stadium, Jaipur",Jaipur,Gujarat Titans,Rajasthan Royals,Rajasthan Royals,field,Gujarat Titans,77,,Rashid Khan,HAS Khalid,VK Sharma,
1529296,2026,10-05-2026,"MA Chidambaram Stadium, Chepauk, Chennai",Chennai,Lucknow Super Giants,Chennai Super Kings,Chennai Super Kings,field,Chennai Super Kings,,5,J Overton,Amit Rana,K Kelkar,
1529297,2026,10-05-2026,"Shaheed Veer Narayan Singh International Stadium, Raipur",Raipur,Mumbai Indians,Royal Challengers Bengaluru,Royal Challengers Bengaluru,field,Royal Challengers Bengaluru,,2,B Kumar,R Pandit,TM Srivastava,
1529298,2026,11-05-2026,"Himachal Pradesh Cricket Association Stadium, Dharamsala",Dharamsala,Punjab Kings,Delhi Capitals,Delhi Capitals,field,Delhi Capitals,,3,M Tiwari,Bhavesh Patel,KN Ananthapadmanabhan,
1529299,2026,12-05-2026,"Narendra Modi Stadium, Ahmedabad",Ahmedabad,Gujarat Titans,Sunrisers Hyderabad,Sunrisers Hyderabad,field,Gujarat Titans,82,,K Rabada,HAS Khalid,VK Sharma,
1529300,2026,13-05-2026,"Shaheed Veer Narayan Singh International Stadium, Raipur",Raipur,Kolkata Knight Riders,Royal Challengers Bengaluru,Royal Challengers Bengaluru,field,Royal Challengers Bengaluru,,6,V Kohli,Nitin Menon,R Pandit,
1529301,2026,14-05-2026,"Himachal Pradesh Cricket Association Stadium, Dharamsala",Dharamsala,Punjab Kings,Mumbai Indians,Mumbai Indians,field,Mumbai Indians,,6,Tilak Varma,Bhavesh Patel,KN Ananthapadmanabhan,
1529302,2026,15-05-2026,"Bharat Ratna Shri Atal Bihari Vajpayee Ekana Cricket Stadium, Lucknow",Lucknow,Chennai Super Kings,Lucknow Super Giants,Lucknow Super Giants,field,Lucknow Super Giants,,7,MR Marsh,T Ematty,UV Gandhe,
1529303,2026,16-05-2026,"Eden Gardens, Kolkata",Kolkata,Kolkata Knight Riders,Gujarat Titans,Gujarat Titans,field,Kolkata Knight Riders,29,,SP Narine,K Swaroopanand,VK Sharma,
1529304,2026,17-05-2026,"Himachal Pradesh Cricket Association Stadium, Dharamsala",Dharamsala,Royal Challengers Bengaluru,Punjab Kings,Punjab Kings,field,Royal Challengers Bengaluru,23,,VR Iyer,AT Holdstock,KN Ananthapadmanabhan,
1529305,2026,17-05-2026,"Arun Jaitley Stadium, Delhi",Delhi,Rajasthan Royals,Delhi Capitals,Delhi Capitals,field,Delhi Capitals,,5,MA Starc,Amit Rana,K Kelkar,
1529306,2026,18-05-2026,"MA Chidambaram Stadium, Chepauk, Chennai",Chennai,Chennai Super Kings,Sunrisers Hyderabad,Chennai Super Kings,bat,Sunrisers Hyderabad,,5,Ishan Kishan,Nitin Menon,TM Srivastava,
1529307,2026,19-05-2026,"Sawai Mansingh Stadium, Jaipur",Jaipur,Lucknow Super Giants,Rajasthan Royals,Rajasthan Royals,field,Rajasthan Royals,,7,V Suryavanshi,AT Holdstock,P Joshi,
1529308,2026,20-05-2026,"Eden Gardens, Kolkata",Kolkata,Mumbai Indians,Kolkata Knight Riders,Kolkata Knight Riders,field,Kolkata Knight Riders,,4,MK Pandey,K Swaroopanand,HAS Khalid,
1529309,2026,21-05-2026,"Narendra Modi Stadium, Ahmedabad",Ahmedabad,Gujarat Titans,Chennai Super Kings,Chennai Super Kings,field,Gujarat Titans,89,,Mohammed Siraj,KM Gandhi,Nitin Menon,
1529310,2026,22-05-2026,"Rajiv Gandhi International Stadium, Uppal, Hyderabad",Hyderabad,Sunrisers Hyderabad,Royal Challengers Bengaluru,Sunrisers Hyderabad,bat,Sunrisers Hyderabad,55,,Ishan Kishan,Amit Rana,J Madanagopal,
1529311,2026,23-05-2026,"Bharat Ratna Shri Atal Bihari Vajpayee Ekana Cricket Stadium, Lucknow",Lucknow,Lucknow Super Giants,Punjab Kings,Punjab Kings,field,Punjab Kings,,7,SS Iyer,KM Gandhi,Vinod Seshan,
1529312,2026,24-05-2026,"Wankhede Stadium, Mumbai",Mumbai,Rajasthan Royals,Mumbai Indians,Mumbai Indians,field,Rajasthan Royals,30,,JC Archer,R Pandit,T Ematty,
1529313,2026,24-05-2026,"Eden Gardens, Kolkata",Kolkata,Delhi Capitals,Kolkata Knight Riders,Kolkata Knight Riders,field,Delhi Capitals,40,,Kuldeep Yadav,K Swaroopanand,HAS Khalid,
1535462,2026,26-05-2026,"Himachal Pradesh Cricket Association Stadium, Dharamsala",Dharamsala,Royal Challengers Bengaluru,Gujarat Titans,Gujarat Titans,field,Royal Challengers Bengaluru,92,,RM Patidar,J Madanagopal,VK Sharma,Qualifier 1
1535463,2026,27-05-2026,"Maharaja Yadavindra Singh International Cricket Stadium, New Chandigarh",New Chandigarh,Rajasthan Royals,Sunrisers Hyderabad,Sunrisers Hyderabad,field,Rajasthan Royals,47,,V Suryavanshi,AT Holdstock,UV Gandhe,Eliminator
1535464,2026,29-05-2026,"Maharaja Yadavindra Singh International Cricket Stadium, New Chandigarh",New Chandigarh,Rajasthan Royals,Gujarat Titans,Rajasthan Royals,bat,Gujarat Titans,,7,Shubman Gill,R Pandit,SJ Nogajski,Qualifier 2
1535465,2026,31-05-2026,"Narendra Modi Stadium, Ahmedabad",Ahmedabad,Gujarat Titans,Royal Challengers Bengaluru,Royal Challengers Bengaluru,field,Royal Challengers Bengaluru,,5,V Kohli,KN Ananthapadmanabhan,Nitin Menon,Final
335982,2007/08,18-04-2008,M Chinnaswamy Stadium,Bangalore,Royal Challengers Bangalore,Kolkata Knight Riders,Royal Challengers Bangalore,field,Kolkata Knight Riders,140,,BB McCullum,Asad Rauf,RE Koertzen,
335983,2007/08,19-04-2008,"Punjab Cricket Association Stadium, Mohali",Chandigarh,Kings XI Punjab,Chennai Super Kings,Chennai Super Kings,bat,Chennai Super Kings,33,,MEK Hussey,MR Benson,SL Shastri,
335984,2007/08,19-04-2008,Feroz Shah Kotla,Delhi,Delhi Daredevils,Rajasthan Royals,Rajasthan Royals,bat,Delhi Daredevils,,9,MF Maharoof,Aleem Dar,GA Pratapkumar,
335985,2007/08,20-04-2008,Wankhede Stadium,Mumbai,Mumbai Indians,Royal Challengers Bangalore,Mumbai Indians,bat,Royal Challengers Bangalore,,5,MV Boucher,SJ Davis,DJ Harper,
335986,2007/08,20-04-2008,Eden Gardens,Kolkata,Kolkata Knight Riders,Deccan Chargers,Deccan Chargers,bat,Kolkata Knight Riders,,5,DJ Hussey,BF Bowden,K Hariharan,
335987,2007/08,21-04-2008,Sawai Mansingh Stadium,Jaipur,Rajasthan Royals,Kings XI Punjab,Kings XI Punjab,bat,Rajasthan Royals,,6,SR Watson,Aleem Dar,RB Tiffin,
335988,2007/08,22-04-2008,"Rajiv Gandhi International Stadium, Uppal",Hyderabad,Deccan Chargers,Delhi Daredevils,Deccan Chargers,bat,Delhi Daredevils,,9,V Sehwag,IL Howell,AM Saheba,
335989,2007/08,23-04-2008,"MA Chidambaram Stadium, Chepauk",Chennai,Chennai Super Kings,Mumbai Indians,Mumbai Indians,field,Chennai Super Kings,6,,ML Hayden,DJ Harper,GA Pratapkumar,
335990,2007/08,24-04-2008,"Rajiv Gandhi International Stadium, Uppal",Hyderabad,Deccan Chargers,Rajasthan Royals,Rajasthan Royals,field,Rajasthan Royals,,3,YK Pathan,Asad Rauf,MR Benson,
335991,2007/08,25-04-2008,"Punjab Cricket Association Stadium, Mohali",Chandigarh,Kings XI Punjab,Mumbai Indians,Mumbai Indians,field,Kings XI Punjab,66,,KC Sangakkara,Aleem Dar,AM Saheba,
335992,2007/08,26-04-2008,M Chinnaswamy Stadium,Bangalore,Royal Challengers Bangalore,Rajasthan Royals,Rajasthan Royals,field,Rajasthan Royals,,7,SR Watson,MR Benson,IL Howell,
335993,2007/08,26-04-2008,"MA Chidambaram Stadium, Chepauk",Chennai,Chennai Super Kings,Kolkata Knight Riders,Kolkata Knight Riders,bat,Chennai Super Kings,,9,JDP Oram,BF Bowden,AV Jayaprakash,
335994,2007/08,27-04-2008,Dr DY Patil Sports Academy,Mumbai,Mumbai Indians,Deccan Chargers,Deccan Chargers,field,Deccan Chargers,,10,AC Gilchrist,Asad Rauf,SL Shastri,
335995,2007/08,27-04-2008,"Punjab Cricket Association Stadium, Mohali",Chandigarh,Kings XI Punjab,Delhi Daredevils,Delhi Daredevils,bat,Kings XI Punjab,,4,SM Katich,RE Koertzen,I Shivram,
335996,2007/08,28-04-2008,M Chinnaswamy Stadium,Bangalore,Royal Challengers Bangalore,Chennai Super Kings,Chennai Super Kings,bat,Chennai Super Kings,13,,MS Dhoni,BR Doctrove,RB Tiffin,
335997,2007/08,29-04-2008,Eden Gardens,Kolkata,Kolkata Knight Riders,Mumbai Indians,Kolkata Knight Riders,bat,Mumbai Indians,,7,ST Jayasuriya,BF Bowden,AV Jayaprakash,
335998,2007/08,30-04-2008,Feroz Shah Kotla,Delhi,Delhi Daredevils,Royal Challengers Bangalore,Royal Challengers Bangalore,field,Delhi Daredevils,10,,GD McGrath,Aleem Dar,I Shivram,
335999,2007/08,01-05-2008,"Rajiv Gandhi International Stadium, Uppal",Hyderabad,Deccan Chargers,Kings XI Punjab,Kings XI Punjab,field,Kings XI Punjab,,7,SE Marsh,BR Doctrove,RB Tiffin,
336000,2007/08,01-05-2008,Sawai Mansingh Stadium,Jaipur,Rajasthan Royals,Kolkata Knight Riders,Rajasthan Royals,bat,Rajasthan Royals,45,,SA Asnodkar,RE Koertzen,GA Pratapkumar,
336001,2007/08,02-05-2008,"MA Chidambaram Stadium, Chepauk",Chennai,Chennai Super Kings,Delhi Daredevils,Chennai Super Kings,bat,Delhi Daredevils,,8,V Sehwag,BF Bowden,K Hariharan,
336002,2007/08,25-05-2008,"Rajiv Gandhi International Stadium, Uppal",Hyderabad,Deccan Chargers,Royal Challengers Bangalore,Deccan Chargers,bat,Royal Challengers Bangalore,,5,R Vinay Kumar,Asad Rauf,RE Koertzen,
336003,2007/08,03-05-2008,"Punjab Cricket Association Stadium, Mohali",Chandigarh,Kings XI Punjab,Kolkata Knight Riders,Kings XI Punjab,bat,Kings XI Punjab,9,,IK Pathan,DJ Harper,I Shivram,
336004,2007/08,04-05-2008,Dr DY Patil Sports Academy,Mumbai,Mumbai Indians,Delhi Daredevils,Delhi Daredevils,field,Mumbai Indians,29,,SM Pollock,IL Howell,RE Koertzen,
336005,2007/08,04-05-2008,Sawai Mansingh Stadium,Jaipur,Rajasthan Royals,Chennai Super Kings,Chennai Super Kings,bat,Rajasthan Royals,,8,Sohail Tanvir,Asad Rauf,AV Jayaprakash,
336006,2007/08,05-05-2008,M Chinnaswamy Stadium,Bangalore,Royal Challengers Bangalore,Kings XI Punjab,Kings XI Punjab,field,Kings XI Punjab,,6,S Sreesanth,SJ Davis,BR Doctrove,
336007,2007/08,06-05-2008,"MA Chidambaram Stadium, Chepauk",Chennai,Chennai Super Kings,Deccan Chargers,Deccan Chargers,field,Deccan Chargers,,7,AC Gilchrist,MR Benson,RB Tiffin,
336008,2007/08,07-05-2008,Dr DY Patil Sports Academy,Mumbai,Mumbai Indians,Rajasthan Royals,Mumbai Indians,field,Mumbai Indians,,7,A Nehra,DJ Harper,RE Koertzen,
336009,2007/08,08-05-2008,Feroz Shah Kotla,Delhi,Delhi Daredevils,Chennai Super Kings,Chennai Super Kings,field,Chennai Super Kings,,4,MS Dhoni,Aleem Dar,RB Tiffin,
336010,2007/08,08-05-2008,Eden Gardens,Kolkata,Kolkata Knight Riders,Royal Challengers Bangalore,Kolkata Knight Riders,bat,Kolkata Knight Riders,5,,SC Ganguly,Asad Rauf,IL Howell,
336011,2007/08,09-05-2008,Sawai Mansingh Stadium,Jaipur,Rajasthan Royals,Deccan Chargers,Rajasthan Royals,field,Rajasthan Royals,,8,YK Pathan,MR Benson,AM Saheba,
336012,2007/08,28-05-2008,M Chinnaswamy Stadium,Bangalore,Royal Challengers Bangalore,Mumbai Indians,Mumbai Indians,field,Mumbai Indians,,9,CRD Fernando,BF Bowden,AV Jayaprakash,
336013,2007/08,10-05-2008,"MA Chidambaram Stadium, Chepauk",Chennai,Chennai Super Kings,Kings XI Punjab,Kings XI Punjab,field,Chennai Super Kings,18,,L Balaji,AV Jayaprakash,BG Jerling,
336014,2007/08,11-05-2008,"Rajiv Gandhi International Stadium, Uppal",Hyderabad,Deccan Chargers,Kolkata Knight Riders,Kolkata Knight Riders,bat,Kolkata Knight Riders,23,,SC Ganguly,IL Howell,AM Saheba,
336015,2007/08,11-05-2008,Sawai Mansingh Stadium,Jaipur,Rajasthan Royals,Delhi Daredevils,Rajasthan Royals,field,Rajasthan Royals,,3,SR Watson,SJ Davis,RE Koertzen,
336016,2007/08,12-05-2008,"Punjab Cricket Association Stadium, Mohali",Chandigarh,Kings XI Punjab,Royal Challengers Bangalore,Royal Challengers Bangalore,bat,Kings XI Punjab,,9,SE Marsh,BR Doctrove,I Shivram,
336017,2007/08,13-05-2008,Eden Gardens,Kolkata,Kolkata Knight Riders,Delhi Daredevils,Kolkata Knight Riders,bat,Kolkata Knight Riders,23,,Shoaib Akhtar,Asad Rauf,IL Howell,
336018,2007/08,14-05-2008,Wankhede Stadium,Mumbai,Mumbai Indians,Chennai Super Kings,Mumbai Indians,field,Mumbai Indians,,9,ST Jayasuriya,BR Doctrove,AM Saheba,
336019,2007/08,28-05-2008,"Punjab Cricket Association Stadium, Mohali",Chandigarh,Kings XI Punjab,Rajasthan Royals,Rajasthan Royals,field,Kings XI Punjab,41,,SE Marsh,SJ Davis,K Hariharan,
336020,2007/08,15-05-2008,Feroz Shah Kotla,Delhi,Delhi Daredevils,Deccan Chargers,Deccan Chargers,field,Delhi Daredevils,12,,A Mishra,BG Jerling,GA Pratapkumar,
336021,2007/08,16-05-2008,Wankhede Stadium,Mumbai,Mumbai Indians,Kolkata Knight Riders,Mumbai Indians,field,Mumbai Indians,,8,SM Pollock,BR Doctrove,DJ Harper,
336022,2007/08,17-05-2008,Feroz Shah Kotla,Delhi,Delhi Daredevils,Kings XI Punjab,Delhi Daredevils,bat,Kings XI Punjab,6,,DPMD Jayawardene,AV Jayaprakash,RE Koertzen,
336023,2007/08,17-05-2008,Sawai Mansingh Stadium,Jaipur,Rajasthan Royals,Royal Challengers Bangalore,Royal Challengers Bangalore,field,Rajasthan Royals,65,,GC Smith,BF Bowden,SL Shastri,
336024,2007/08,18-05-2008,"Rajiv Gandhi International Stadium, Uppal",Hyderabad,Deccan Chargers,Mumbai Indians,Deccan Chargers,field,Mumbai Indians,25,,DJ Bravo,BR Doctrove,DJ Harper,
336025,2007/08,18-05-2008,Eden Gardens,Kolkata,Kolkata Knight Riders,Chennai Super Kings,Kolkata Knight Riders,bat,Chennai Super Kings,3,,M Ntini,Asad Rauf,K Hariharan,
336026,2007/08,19-05-2008,M Chinnaswamy Stadium,Bangalore,Royal Challengers Bangalore,Delhi Daredevils,Delhi Daredevils,field,Delhi Daredevils,,5,SP Goswami,SJ Davis,GA Pratapkumar,
336027,2007/08,20-05-2008,Eden Gardens,Kolkata,Kolkata Knight Riders,Rajasthan Royals,Rajasthan Royals,field,Rajasthan Royals,,6,YK Pathan,BG Jerling,RE Koertzen,
336028,2007/08,21-05-2008,Wankhede Stadium,Mumbai,Mumbai Indians,Kings XI Punjab,Mumbai Indians,field,Kings XI Punjab,1,,SE Marsh,BF Bowden,GA Pratapkumar,
336029,2007/08,21-05-2008,"MA Chidambaram Stadium, Chepauk",Chennai,Chennai Super Kings,Royal Challengers Bangalore,Royal Challengers Bangalore,bat,Royal Challengers Bangalore,14,,A Kumble,DJ Harper,I Shivram,
336031,2007/08,23-05-2008,"Punjab Cricket Association Stadium, Mohali",Chandigarh,Kings XI Punjab,Deccan Chargers,Kings XI Punjab,field,Kings XI Punjab,,6,SE Marsh,Asad Rauf,SJ Davis,
336032,2007/08,24-05-2008,Feroz Shah Kotla,Delhi,Delhi Daredevils,Mumbai Indians,Delhi Daredevils,field,Delhi Daredevils,,5,KD Karthik,BF Bowden,K Hariharan,
336033,2007/08,24-05-2008,"MA Chidambaram Stadium, Chepauk",Chennai,Chennai Super Kings,Rajasthan Royals,Rajasthan Royals,bat,Rajasthan Royals,10,,JA Morkel,DJ Harper,SL Shastri,
336034,2007/08,03-05-2008,M Chinnaswamy Stadium,Bangalore,Royal Challengers Bangalore,Deccan Chargers,Deccan Chargers,field,Royal Challengers Bangalore,3,,P Kumar,BR Doctrove,SL Shastri,
336035,2007/08,25-05-2008,Eden Gardens,Kolkata,Kolkata Knight Riders,Kings XI Punjab,Kings XI Punjab,bat,Kolkata Knight Riders,,3,Umar Gul,SJ Davis,I Shivram,
336036,2007/08,26-05-2008,Sawai Mansingh Stadium,Jaipur,Rajasthan Royals,Mumbai Indians,Rajasthan Royals,field,Rajasthan Royals,,5,Sohail Tanvir,BF Bowden,K Hariharan,
336037,2007/08,27-05-2008,"Rajiv Gandhi International Stadium, Uppal",Hyderabad,Deccan Chargers,Chennai Super Kings,Deccan Chargers,bat,Chennai Super Kings,,7,SK Raina,BG Jerling,AM Saheba,
336038,2007/08,30-05-2008,Wankhede Stadium,Mumbai,Delhi Daredevils,Rajasthan Royals,Delhi Daredevils,field,Rajasthan Royals,105,,SR Watson,BF Bowden,RE Koertzen,Semi Final
336039,2007/08,31-05-2008,Wankhede Stadium,Mumbai,Chennai Super Kings,Kings XI Punjab,Kings XI Punjab,bat,Chennai Super Kings,,9,M Ntini,Asad Rauf,DJ Harper,Semi Final
336040,2007/08,01-06-2008,Dr DY Patil Sports Academy,Mumbai,Chennai Super Kings,Rajasthan Royals,Rajasthan Royals,field,Rajasthan Royals,,3,YK Pathan,BF Bowden,RE Koertzen,Final
392181,2009,18-04-2009,Newlands,Cape Town,Chennai Super Kings,Mumbai Indians,Chennai Super Kings,field,Mumbai Indians,19,,SR Tendulkar,BR Doctrove,K Hariharan,
392182,2009,18-04-2009,Newlands,Cape Town,Royal Challengers Bangalore,Rajasthan Royals,Royal Challengers Bangalore,bat,Royal Challengers Bangalore,75,,R Dravid,BR Doctrove,RB Tiffin,
392183,2009,19-04-2009,Newlands,Cape Town,Delhi Daredevils,Kings XI Punjab,Delhi Daredevils,field,Delhi Daredevils,,10,DL Vettori,MR Benson,SD Ranade,
392184,2009,19-04-2009,Newlands,Cape Town,Deccan Chargers,Kolkata Knight Riders,Kolkata Knight Riders,bat,Deccan Chargers,,8,RP Singh,MR Benson,BR Doctrove,
392185,2009,20-04-2009,St George's Park,Port Elizabeth,Royal Challengers Bangalore,Chennai Super Kings,Chennai Super Kings,bat,Chennai Super Kings,92,,M Muralitharan,BG Jerling,SJA Taufel,
392186,2009,21-04-2009,Kingsmead,Durban,Kings XI Punjab,Kolkata Knight Riders,Kolkata Knight Riders,field,Kolkata Knight Riders,11,,CH Gayle,DJ Harper,SD Ranade,
392188,2009,22-04-2009,Newlands,Cape Town,Royal Challengers Bangalore,Deccan Chargers,Deccan Chargers,bat,Deccan Chargers,24,,AC Gilchrist,M Erasmus,AM Saheba,
392189,2009,23-04-2009,Kingsmead,Durban,Chennai Super Kings,Delhi Daredevils,Delhi Daredevils,bat,Delhi Daredevils,9,,AB de Villiers,BR Doctrove,SJA Taufel,
392190,2009,23-04-2009,Newlands,Cape Town,Kolkata Knight Riders,Rajasthan Royals,Kolkata Knight Riders,field,,,,YK Pathan,MR Benson,M Erasmus,
392191,2009,24-04-2009,Kingsmead,Durban,Royal Challengers Bangalore,Kings XI Punjab,Royal Challengers Bangalore,bat,Kings XI Punjab,,7,RS Bopara,BR Doctrove,TH Wijewardene,
392192,2009,25-04-2009,Kingsmead,Durban,Deccan Chargers,Mumbai Indians,Deccan Chargers,bat,Deccan Chargers,12,,PP Ojha,HDPK Dharmasena,SJA Taufel,
392194,2009,26-04-2009,St George's Park,Port Elizabeth,Royal Challengers Bangalore,Delhi Daredevils,Royal Challengers Bangalore,bat,Delhi Daredevils,,6,TM Dilshan,S Asnani,BG Jerling,
392195,2009,26-04-2009,Newlands,Cape Town,Kings XI Punjab,Rajasthan Royals,Kings XI Punjab,bat,Kings XI Punjab,27,,KC Sangakkara,M Erasmus,K Hariharan,
392196,2009,27-04-2009,Kingsmead,Durban,Chennai Super Kings,Deccan Chargers,Deccan Chargers,field,Deccan Chargers,,6,HH Gibbs,IL Howell,TH Wijewardene,
392197,2009,27-04-2009,St George's Park,Port Elizabeth,Kolkata Knight Riders,Mumbai Indians,Mumbai Indians,bat,Mumbai Indians,92,,SR Tendulkar,BG Jerling,RB Tiffin,
392198,2009,28-04-2009,SuperSport Park,Centurion,Delhi Daredevils,Rajasthan Royals,Delhi Daredevils,bat,Rajasthan Royals,,5,YK Pathan,GAV Baxter,RE Koertzen,
392199,2009,29-04-2009,Kingsmead,Durban,Royal Challengers Bangalore,Kolkata Knight Riders,Kolkata Knight Riders,bat,Royal Challengers Bangalore,,5,MV Boucher,MR Benson,TH Wijewardene,
392200,2009,29-04-2009,Kingsmead,Durban,Kings XI Punjab,Mumbai Indians,Kings XI Punjab,bat,Kings XI Punjab,3,,KC Sangakkara,MR Benson,SL Shastri,
392201,2009,30-04-2009,SuperSport Park,Centurion,Deccan Chargers,Delhi Daredevils,Delhi Daredevils,field,Delhi Daredevils,,6,DP Nannes,GAV Baxter,AM Saheba,
392202,2009,30-04-2009,SuperSport Park,Centurion,Chennai Super Kings,Rajasthan Royals,Rajasthan Royals,field,Chennai Super Kings,38,,SK Raina,GAV Baxter,RE Koertzen,
392203,2009,01-05-2009,Buffalo Park,East London,Kolkata Knight Riders,Mumbai Indians,Mumbai Indians,bat,Mumbai Indians,9,,JP Duminy,M Erasmus,SK Tarapore,
392204,2009,01-05-2009,Kingsmead,Durban,Royal Challengers Bangalore,Kings XI Punjab,Royal Challengers Bangalore,bat,Royal Challengers Bangalore,8,,Yuvraj Singh,HDPK Dharmasena,S Ravi,
392205,2009,02-05-2009,St George's Park,Port Elizabeth,Deccan Chargers,Rajasthan Royals,Deccan Chargers,bat,Rajasthan Royals,,3,YK Pathan,S Asnani,BG Jerling,
392206,2009,02-05-2009,New Wanderers Stadium,Johannesburg,Chennai Super Kings,Delhi Daredevils,Delhi Daredevils,field,Chennai Super Kings,18,,SB Jakati,DJ Harper,RE Koertzen,
392207,2009,03-05-2009,St George's Park,Port Elizabeth,Kings XI Punjab,Kolkata Knight Riders,Kolkata Knight Riders,bat,Kings XI Punjab,,6,DPMD Jayawardene,S Asnani,MR Benson,
392208,2009,03-05-2009,New Wanderers Stadium,Johannesburg,Royal Challengers Bangalore,Mumbai Indians,Mumbai Indians,bat,Royal Challengers Bangalore,,9,JH Kallis,RE Koertzen,TH Wijewardene,
392209,2009,04-05-2009,Buffalo Park,East London,Chennai Super Kings,Deccan Chargers,Chennai Super Kings,bat,Chennai Super Kings,78,,MS Dhoni,BR Doctrove,M Erasmus,
392210,2009,05-05-2009,Kingsmead,Durban,Kings XI Punjab,Rajasthan Royals,Kings XI Punjab,field,Rajasthan Royals,78,,GC Smith,SS Hazare,IL Howell,
392211,2009,05-05-2009,Kingsmead,Durban,Delhi Daredevils,Kolkata Knight Riders,Kolkata Knight Riders,bat,Delhi Daredevils,,9,G Gambhir,GAV Baxter,IL Howell,
392212,2009,06-05-2009,SuperSport Park,Centurion,Deccan Chargers,Mumbai Indians,Deccan Chargers,bat,Deccan Chargers,19,,RG Sharma,MR Benson,HDPK Dharmasena,
392213,2009,07-05-2009,SuperSport Park,Centurion,Royal Challengers Bangalore,Rajasthan Royals,Rajasthan Royals,field,Rajasthan Royals,,7,A Singh,K Hariharan,DJ Harper,
392214,2009,07-05-2009,SuperSport Park,Centurion,Chennai Super Kings,Kings XI Punjab,Chennai Super Kings,bat,Chennai Super Kings,12,,ML Hayden,DJ Harper,TH Wijewardene,
392215,2009,08-05-2009,Buffalo Park,East London,Delhi Daredevils,Mumbai Indians,Mumbai Indians,bat,Delhi Daredevils,,7,A Nehra,M Erasmus,SK Tarapore,
392216,2009,09-05-2009,De Beers Diamond Oval,Kimberley,Deccan Chargers,Kings XI Punjab,Kings XI Punjab,field,Kings XI Punjab,,3,DPMD Jayawardene,GAV Baxter,AM Saheba,
392217,2009,09-05-2009,De Beers Diamond Oval,Kimberley,Chennai Super Kings,Rajasthan Royals,Rajasthan Royals,bat,Chennai Super Kings,,7,S Badrinath,GAV Baxter,HDPK Dharmasena,
392218,2009,10-05-2009,St George's Park,Port Elizabeth,Royal Challengers Bangalore,Mumbai Indians,Mumbai Indians,bat,Mumbai Indians,16,,JP Duminy,BR Doctrove,BG Jerling,
392219,2009,10-05-2009,New Wanderers Stadium,Johannesburg,Delhi Daredevils,Kolkata Knight Riders,Delhi Daredevils,field,Delhi Daredevils,,7,A Mishra,SL Shastri,RB Tiffin,
392220,2009,11-05-2009,De Beers Diamond Oval,Kimberley,Deccan Chargers,Rajasthan Royals,Deccan Chargers,bat,Deccan Chargers,53,,DR Smith,GAV Baxter,HDPK Dharmasena,
392221,2009,12-05-2009,SuperSport Park,Centurion,Royal Challengers Bangalore,Kolkata Knight Riders,Royal Challengers Bangalore,field,Royal Challengers Bangalore,,6,LRPL Taylor,M Erasmus,SS Hazare,
392222,2009,12-05-2009,SuperSport Park,Centurion,Kings XI Punjab,Mumbai Indians,Kings XI Punjab,bat,Mumbai Indians,,8,Harbhajan Singh,SS Hazare,RE Koertzen,
392223,2009,13-05-2009,Kingsmead,Durban,Deccan Chargers,Delhi Daredevils,Deccan Chargers,field,Delhi Daredevils,12,,R Bhatia,DJ Harper,SL Shastri,
392224,2009,14-05-2009,Kingsmead,Durban,Royal Challengers Bangalore,Chennai Super Kings,Chennai Super Kings,bat,Royal Challengers Bangalore,,2,LRPL Taylor,BR Doctrove,DJ Harper,
392225,2009,14-05-2009,Kingsmead,Durban,Mumbai Indians,Rajasthan Royals,Rajasthan Royals,bat,Rajasthan Royals,2,,SK Warne,BR Doctrove,DJ Harper,
392226,2009,15-05-2009,OUTsurance Oval,Bloemfontein,Delhi Daredevils,Kings XI Punjab,Kings XI Punjab,field,Kings XI Punjab,,6,B Lee,HDPK Dharmasena,IL Howell,
392227,2009,16-05-2009,St George's Park,Port Elizabeth,Chennai Super Kings,Mumbai Indians,Mumbai Indians,bat,Chennai Super Kings,,7,ML Hayden,SK Tarapore,SJA Taufel,
392228,2009,16-05-2009,New Wanderers Stadium,Johannesburg,Deccan Chargers,Kolkata Knight Riders,Deccan Chargers,field,Deccan Chargers,,6,RG Sharma,RE Koertzen,S Ravi,
392229,2009,17-05-2009,New Wanderers Stadium,Johannesburg,Deccan Chargers,Kings XI Punjab,Deccan Chargers,field,Kings XI Punjab,1,,Yuvraj Singh,S Ravi,RB Tiffin,
392230,2009,17-05-2009,OUTsurance Oval,Bloemfontein,Delhi Daredevils,Rajasthan Royals,Delhi Daredevils,bat,Delhi Daredevils,14,,AB de Villiers,SS Hazare,IL Howell,
392231,2009,18-05-2009,SuperSport Park,Centurion,Chennai Super Kings,Kolkata Knight Riders,Chennai Super Kings,bat,Kolkata Knight Riders,,7,BJ Hodge,SJA Taufel,RB Tiffin,
392232,2009,19-05-2009,New Wanderers Stadium,Johannesburg,Royal Challengers Bangalore,Delhi Daredevils,Delhi Daredevils,bat,Royal Challengers Bangalore,,7,JH Kallis,IL Howell,RB Tiffin,
392233,2009,20-05-2009,Kingsmead,Durban,Kolkata Knight Riders,Rajasthan Royals,Kolkata Knight Riders,field,Kolkata Knight Riders,,4,LR Shukla,BG Jerling,SJA Taufel,
392234,2009,20-05-2009,Kingsmead,Durban,Chennai Super Kings,Kings XI Punjab,Chennai Super Kings,bat,Chennai Super Kings,24,,M Muralitharan,BG Jerling,SJA Taufel,
392235,2009,21-05-2009,SuperSport Park,Centurion,Delhi Daredevils,Mumbai Indians,Delhi Daredevils,field,Delhi Daredevils,,4,V Sehwag,IL Howell,S Ravi,
392236,2009,21-05-2009,SuperSport Park,Centurion,Royal Challengers Bangalore,Deccan Chargers,Royal Challengers Bangalore,bat,Royal Challengers Bangalore,12,,MK Pandey,IL Howell,S Ravi,
392237,2009,22-05-2009,SuperSport Park,Centurion,Delhi Daredevils,Deccan Chargers,Deccan Chargers,field,Deccan Chargers,,6,AC Gilchrist,BR Doctrove,DJ Harper,Semi Final
392238,2009,23-05-2009,New Wanderers Stadium,Johannesburg,Royal Challengers Bangalore,Chennai Super Kings,Royal Challengers Bangalore,field,Royal Challengers Bangalore,,6,MK Pandey,RE Koertzen,SJA Taufel,Semi Final
392239,2009,24-05-2009,New Wanderers Stadium,Johannesburg,Royal Challengers Bangalore,Deccan Chargers,Royal Challengers Bangalore,field,Deccan Chargers,6,,A Kumble,RE Koertzen,SJA Taufel,Final
419106,2009/10,12-03-2010,Dr DY Patil Sports Academy,Mumbai,Deccan Chargers,Kolkata Knight Riders,Deccan Chargers,field,Kolkata Knight Riders,11,,AD Mathews,RE Koertzen,RB Tiffin,
419107,2009/10,13-03-2010,Brabourne Stadium,Mumbai,Mumbai Indians,Rajasthan Royals,Mumbai Indians,bat,Mumbai Indians,4,,YK Pathan,RE Koertzen,RB Tiffin,
419108,2009/10,13-03-2010,"Punjab Cricket Association Stadium, Mohali",Chandigarh,Kings XI Punjab,Delhi Daredevils,Delhi Daredevils,field,Delhi Daredevils,,5,G Gambhir,BR Doctrove,S Ravi,
419109,2009/10,14-03-2010,Eden Gardens,Kolkata,Kolkata Knight Riders,Royal Challengers Bangalore,Kolkata Knight Riders,field,Kolkata Knight Riders,,7,MK Tiwary,HDPK Dharmasena,AM Saheba,
419110,2009/10,14-03-2010,"MA Chidambaram Stadium, Chepauk",Chennai,Chennai Super Kings,Deccan Chargers,Deccan Chargers,bat,Deccan Chargers,31,,WPUJC Vaas,K Hariharan,DJ Harper,
419111,2009/10,15-03-2010,"Sardar Patel Stadium, Motera",Ahmedabad,Rajasthan Royals,Delhi Daredevils,Delhi Daredevils,field,Delhi Daredevils,,6,V Sehwag,BG Jerling,RE Koertzen,
419112,2009/10,16-03-2010,M Chinnaswamy Stadium,Bangalore,Royal Challengers Bangalore,Kings XI Punjab,Kings XI Punjab,bat,Royal Challengers Bangalore,,8,JH Kallis,S Das,DJ Harper,
419113,2009/10,16-03-2010,Eden Gardens,Kolkata,Kolkata Knight Riders,Chennai Super Kings,Chennai Super Kings,bat,Chennai Super Kings,55,,MS Dhoni,HDPK Dharmasena,AM Saheba,
419114,2009/10,17-03-2010,Feroz Shah Kotla,Delhi,Delhi Daredevils,Mumbai Indians,Delhi Daredevils,field,Mumbai Indians,98,,SR Tendulkar,BR Doctrove,SK Tarapore,
419115,2009/10,18-03-2010,M Chinnaswamy Stadium,Bangalore,Royal Challengers Bangalore,Rajasthan Royals,Royal Challengers Bangalore,field,Royal Challengers Bangalore,,10,JH Kallis,K Hariharan,DJ Harper,
419116,2009/10,19-03-2010,Feroz Shah Kotla,Delhi,Delhi Daredevils,Chennai Super Kings,Delhi Daredevils,bat,Chennai Super Kings,,5,ML Hayden,BR Doctrove,SK Tarapore,
419117,2009/10,19-03-2010,Barabati Stadium,Cuttack,Deccan Chargers,Kings XI Punjab,Kings XI Punjab,field,Deccan Chargers,6,,A Symonds,BF Bowden,M Erasmus,
419118,2009/10,20-03-2010,"Sardar Patel Stadium, Motera",Ahmedabad,Rajasthan Royals,Kolkata Knight Riders,Rajasthan Royals,bat,Rajasthan Royals,34,,AA Jhunjhunwala,RE Koertzen,RB Tiffin,
419119,2009/10,20-03-2010,Brabourne Stadium,Mumbai,Mumbai Indians,Royal Challengers Bangalore,Mumbai Indians,bat,Royal Challengers Bangalore,,7,JH Kallis,HDPK Dharmasena,SS Hazare,
419120,2009/10,21-03-2010,Barabati Stadium,Cuttack,Deccan Chargers,Delhi Daredevils,Deccan Chargers,bat,Deccan Chargers,10,,A Symonds,BF Bowden,M Erasmus,
419121,2009/10,21-03-2010,"MA Chidambaram Stadium, Chepauk",Chennai,Chennai Super Kings,Kings XI Punjab,Chennai Super Kings,field,,,,J Theron,K Hariharan,DJ Harper,
419122,2009/10,22-03-2010,Brabourne Stadium,Mumbai,Mumbai Indians,Kolkata Knight Riders,Kolkata Knight Riders,bat,Mumbai Indians,,7,SR Tendulkar,SS Hazare,SJA Taufel,
419123,2009/10,23-03-2010,M Chinnaswamy Stadium,Bangalore,Royal Challengers Bangalore,Chennai Super Kings,Chennai Super Kings,field,Royal Challengers Bangalore,36,,RV Uthappa,RE Koertzen,RB Tiffin,
419124,2009/10,24-03-2010,"Punjab Cricket Association Stadium, Mohali",Chandigarh,Kings XI Punjab,Rajasthan Royals,Kings XI Punjab,field,Rajasthan Royals,31,,AC Voges,BR Doctrove,SK Tarapore,
419125,2009/10,25-03-2010,"Brabourne Stadium, Mumbai",Mumbai,Chennai Super Kings,Mumbai Indians,Mumbai Indians,field,Mumbai Indians,,5,SR Tendulkar,AM Saheba,BF Bowden,
419126,2009/10,26-03-2010,"Sardar Patel Stadium, Motera",Ahmedabad,Rajasthan Royals,Deccan Chargers,Deccan Chargers,bat,Rajasthan Royals,,8,YK Pathan,HDPK Dharmasena,SJA Taufel,
419127,2009/10,27-03-2010,"Punjab Cricket Association Stadium, Mohali",Chandigarh,Kings XI Punjab,Kolkata Knight Riders,Kolkata Knight Riders,bat,Kolkata Knight Riders,39,,MK Tiwary,BR Doctrove,S Ravi,
419128,2009/10,25-03-2010,M Chinnaswamy Stadium,Bangalore,Royal Challengers Bangalore,Delhi Daredevils,Royal Challengers Bangalore,field,Delhi Daredevils,17,,KM Jadhav,BG Jerling,RE Koertzen,
419129,2009/10,28-03-2010,"Sardar Patel Stadium, Motera",Ahmedabad,Rajasthan Royals,Chennai Super Kings,Rajasthan Royals,bat,Rajasthan Royals,17,,NV Ojha,SS Hazare,SJA Taufel,
419130,2009/10,28-03-2010,Dr DY Patil Sports Academy,Mumbai,Deccan Chargers,Mumbai Indians,Deccan Chargers,field,Mumbai Indians,41,,Harbhajan Singh,S Das,K Hariharan,
419131,2009/10,29-03-2010,Feroz Shah Kotla,Delhi,Delhi Daredevils,Kolkata Knight Riders,Delhi Daredevils,bat,Delhi Daredevils,40,,DA Warner,SS Hazare,SJA Taufel,
419132,2009/10,30-03-2010,Brabourne Stadium,Mumbai,Mumbai Indians,Kings XI Punjab,Mumbai Indians,field,Mumbai Indians,,4,SL Malinga,BR Doctrove,SK Tarapore,
419133,2009/10,31-03-2010,"MA Chidambaram Stadium, Chepauk",Chennai,Chennai Super Kings,Royal Challengers Bangalore,Royal Challengers Bangalore,bat,Chennai Super Kings,,5,M Vijay,BG Jerling,RE Koertzen,
419134,2009/10,31-03-2010,Feroz Shah Kotla,Delhi,Delhi Daredevils,Rajasthan Royals,Delhi Daredevils,bat,Delhi Daredevils,67,,KD Karthik,HDPK Dharmasena,SJA Taufel,
419135,2009/10,01-04-2010,Eden Gardens,Kolkata,Kolkata Knight Riders,Deccan Chargers,Kolkata Knight Riders,bat,Kolkata Knight Riders,24,,SC Ganguly,K Hariharan,DJ Harper,
419136,2009/10,02-04-2010,"Punjab Cricket Association Stadium, Mohali",Chandigarh,Kings XI Punjab,Royal Challengers Bangalore,Kings XI Punjab,bat,Royal Challengers Bangalore,,6,KP Pietersen,BF Bowden,M Erasmus,
419137,2009/10,03-04-2010,"MA Chidambaram Stadium, Chepauk",Chennai,Chennai Super Kings,Rajasthan Royals,Chennai Super Kings,bat,Chennai Super Kings,23,,M Vijay,RE Koertzen,RB Tiffin,
419138,2009/10,03-04-2010,Brabourne Stadium,Mumbai,Mumbai Indians,Deccan Chargers,Mumbai Indians,bat,Mumbai Indians,63,,AT Rayudu,BR Doctrove,S Ravi,
419139,2009/10,04-04-2010,Eden Gardens,Kolkata,Kolkata Knight Riders,Kings XI Punjab,Kolkata Knight Riders,bat,Kings XI Punjab,,8,DPMD Jayawardene,S Asnani,DJ Harper,
419140,2009/10,04-04-2010,Feroz Shah Kotla,Delhi,Delhi Daredevils,Royal Challengers Bangalore,Delhi Daredevils,bat,Delhi Daredevils,37,,PD Collingwood,BF Bowden,M Erasmus,
419141,2009/10,05-04-2010,"Vidarbha Cricket Association Stadium, Jamtha",Nagpur,Deccan Chargers,Rajasthan Royals,Rajasthan Royals,bat,Rajasthan Royals,2,,SK Warne,HDPK Dharmasena,SJA Taufel,
419142,2009/10,06-04-2010,"MA Chidambaram Stadium, Chepauk",Chennai,Chennai Super Kings,Mumbai Indians,Chennai Super Kings,bat,Chennai Super Kings,24,,SK Raina,S Asnani,DJ Harper,
419143,2009/10,07-04-2010,Sawai Mansingh Stadium,Jaipur,Rajasthan Royals,Kings XI Punjab,Kings XI Punjab,bat,Rajasthan Royals,,9,MJ Lumb,S Ravi,SK Tarapore,
419144,2009/10,07-04-2010,Eden Gardens,Kolkata,Kolkata Knight Riders,Delhi Daredevils,Kolkata Knight Riders,bat,Kolkata Knight Riders,14,,SC Ganguly,BG Jerling,RE Koertzen,
419145,2009/10,08-04-2010,M Chinnaswamy Stadium,Bangalore,Royal Challengers Bangalore,Deccan Chargers,Deccan Chargers,field,Deccan Chargers,,7,TL Suman,S Asnani,DJ Harper,
419146,2009/10,09-04-2010,"Punjab Cricket Association Stadium, Mohali",Chandigarh,Kings XI Punjab,Mumbai Indians,Mumbai Indians,bat,Kings XI Punjab,,6,KC Sangakkara,M Erasmus,AM Saheba,
419147,2009/10,10-04-2010,"Vidarbha Cricket Association Stadium, Jamtha",Nagpur,Deccan Chargers,Chennai Super Kings,Chennai Super Kings,bat,Deccan Chargers,,6,RJ Harris,HDPK Dharmasena,SJA Taufel,
419148,2009/10,10-04-2010,M Chinnaswamy Stadium,Bangalore,Royal Challengers Bangalore,Kolkata Knight Riders,Royal Challengers Bangalore,field,Royal Challengers Bangalore,,7,R Vinay Kumar,K Hariharan,DJ Harper,
419149,2009/10,11-04-2010,Feroz Shah Kotla,Delhi,Delhi Daredevils,Kings XI Punjab,Delhi Daredevils,bat,Kings XI Punjab,,7,PP Chawla,BF Bowden,AM Saheba,
419150,2009/10,11-04-2010,Sawai Mansingh Stadium,Jaipur,Rajasthan Royals,Mumbai Indians,Rajasthan Royals,field,Mumbai Indians,37,,SR Tendulkar,BR Doctrove,SK Tarapore,
419151,2009/10,12-04-2010,"Vidarbha Cricket Association Stadium, Jamtha",Nagpur,Deccan Chargers,Royal Challengers Bangalore,Royal Challengers Bangalore,field,Deccan Chargers,13,,Harmeet Singh,RE Koertzen,RB Tiffin,
419152,2009/10,13-04-2010,Brabourne Stadium,Mumbai,Mumbai Indians,Delhi Daredevils,Mumbai Indians,bat,Mumbai Indians,39,,KA Pollard,S Asnani,DJ Harper,
419153,2009/10,13-04-2010,"MA Chidambaram Stadium, Chepauk",Chennai,Chennai Super Kings,Kolkata Knight Riders,Kolkata Knight Riders,bat,Chennai Super Kings,,9,R Ashwin,SS Hazare,SJA Taufel,
419154,2009/10,14-04-2010,Sawai Mansingh Stadium,Jaipur,Rajasthan Royals,Royal Challengers Bangalore,Rajasthan Royals,bat,Royal Challengers Bangalore,,5,KP Pietersen,BR Doctrove,S Ravi,
419155,2009/10,15-04-2010,"MA Chidambaram Stadium, Chepauk",Chennai,Chennai Super Kings,Delhi Daredevils,Chennai Super Kings,bat,Delhi Daredevils,,6,G Gambhir,HDPK Dharmasena,SS Hazare,
419156,2009/10,16-04-2010,Himachal Pradesh Cricket Association Stadium,Dharamsala,Kings XI Punjab,Deccan Chargers,Deccan Chargers,field,Deccan Chargers,,5,RG Sharma,M Erasmus,AM Saheba,
419157,2009/10,17-04-2010,M Chinnaswamy Stadium,Bangalore,Royal Challengers Bangalore,Mumbai Indians,Royal Challengers Bangalore,field,Mumbai Indians,57,,R McLaren,HDPK Dharmasena,SJA Taufel,
419158,2009/10,17-04-2010,Eden Gardens,Kolkata,Kolkata Knight Riders,Rajasthan Royals,Rajasthan Royals,bat,Kolkata Knight Riders,,8,JD Unadkat,BG Jerling,RB Tiffin,
419159,2009/10,18-04-2010,Himachal Pradesh Cricket Association Stadium,Dharamsala,Kings XI Punjab,Chennai Super Kings,Chennai Super Kings,field,Chennai Super Kings,,6,MS Dhoni,BF Bowden,AM Saheba,
419160,2009/10,18-04-2010,Feroz Shah Kotla,Delhi,Delhi Daredevils,Deccan Chargers,Deccan Chargers,bat,Deccan Chargers,11,,A Symonds,BR Doctrove,SK Tarapore,
419161,2009/10,19-04-2010,Eden Gardens,Kolkata,Kolkata Knight Riders,Mumbai Indians,Mumbai Indians,bat,Kolkata Knight Riders,,9,M Kartik,BG Jerling,RE Koertzen,
419162,2009/10,21-04-2010,Dr DY Patil Sports Academy,Mumbai,Royal Challengers Bangalore,Mumbai Indians,Mumbai Indians,bat,Mumbai Indians,35,,KA Pollard,BR Doctrove,RB Tiffin,Semi Final
419163,2009/10,22-04-2010,Dr DY Patil Sports Academy,Mumbai,Chennai Super Kings,Deccan Chargers,Chennai Super Kings,bat,Chennai Super Kings,38,,DE Bollinger,BR Doctrove,RB Tiffin,Semi Final
419164,2009/10,24-04-2010,Dr DY Patil Sports Academy,Mumbai,Royal Challengers Bangalore,Deccan Chargers,Deccan Chargers,bat,Royal Challengers Bangalore,,9,A Kumble,RE Koertzen,SJA Taufel,3rd Place Play-Off
419165,2009/10,25-04-2010,Dr DY Patil Sports Academy,Mumbai,Chennai Super Kings,Mumbai Indians,Chennai Super Kings,bat,Chennai Super Kings,22,,SK Raina,RE Koertzen,SJA Taufel,Final
501198,2011,08-04-2011,"MA Chidambaram Stadium, Chepauk",Chennai,Chennai Super Kings,Kolkata Knight Riders,Chennai Super Kings,bat,Chennai Super Kings,2,,S Anirudha,BR Doctrove,PR Reiffel,
501199,2011,09-04-2011,"Rajiv Gandhi International Stadium, Uppal",Hyderabad,Deccan Chargers,Rajasthan Royals,Rajasthan Royals,field,Rajasthan Royals,,8,SK Trivedi,RE Koertzen,SK Tarapore,
501200,2011,09-04-2011,Nehru Stadium,Kochi,Kochi Tuskers Kerala,Royal Challengers Bangalore,Kochi Tuskers Kerala,bat,Royal Challengers Bangalore,,6,AB de Villiers,HDPK Dharmasena,K Hariharan,
501201,2011,10-04-2011,Feroz Shah Kotla,Delhi,Delhi Daredevils,Mumbai Indians,Delhi Daredevils,bat,Mumbai Indians,,8,SL Malinga,AM Saheba,RB Tiffin,
501202,2011,10-04-2011,Dr DY Patil Sports Academy,Mumbai,Pune Warriors,Kings XI Punjab,Kings XI Punjab,bat,Pune Warriors,,7,SB Wagh,BR Doctrove,PR Reiffel,
501203,2011,11-04-2011,Eden Gardens,Kolkata,Kolkata Knight Riders,Deccan Chargers,Kolkata Knight Riders,bat,Kolkata Knight Riders,9,,JH Kallis,RE Koertzen,SK Tarapore,
501204,2011,12-04-2011,Sawai Mansingh Stadium,Jaipur,Rajasthan Royals,Delhi Daredevils,Delhi Daredevils,bat,Rajasthan Royals,,6,SK Warne,Aleem Dar,RB Tiffin,
501205,2011,12-04-2011,M Chinnaswamy Stadium,Bangalore,Royal Challengers Bangalore,Mumbai Indians,Mumbai Indians,field,Mumbai Indians,,9,SR Tendulkar,HDPK Dharmasena,AL Hill,
501206,2011,13-04-2011,"Punjab Cricket Association Stadium, Mohali",Chandigarh,Kings XI Punjab,Chennai Super Kings,Kings XI Punjab,field,Kings XI Punjab,,6,PC Valthaty,Asad Rauf,SL Shastri,
501207,2011,13-04-2011,Dr DY Patil Sports Academy,Mumbai,Pune Warriors,Kochi Tuskers Kerala,Kochi Tuskers Kerala,bat,Pune Warriors,,4,MD Mishra,S Asnani,PR Reiffel,
501208,2011,14-04-2011,"Rajiv Gandhi International Stadium, Uppal",Hyderabad,Deccan Chargers,Royal Challengers Bangalore,Royal Challengers Bangalore,field,Deccan Chargers,33,,DW Steyn,RE Koertzen,S Ravi,
501209,2011,15-04-2011,Sawai Mansingh Stadium,Jaipur,Rajasthan Royals,Kolkata Knight Riders,Kolkata Knight Riders,field,Kolkata Knight Riders,,9,G Gambhir,Aleem Dar,SS Hazare,
501210,2011,15-04-2011,Wankhede Stadium,Mumbai,Mumbai Indians,Kochi Tuskers Kerala,Kochi Tuskers Kerala,field,Kochi Tuskers Kerala,,8,BB McCullum,BR Doctrove,PR Reiffel,
501211,2011,16-04-2011,"MA Chidambaram Stadium, Chepauk",Chennai,Chennai Super Kings,Royal Challengers Bangalore,Chennai Super Kings,bat,Chennai Super Kings,21,,MEK Hussey,HDPK Dharmasena,AL Hill,
501212,2011,16-04-2011,"Rajiv Gandhi International Stadium, Uppal",Hyderabad,Deccan Chargers,Kings XI Punjab,Kings XI Punjab,field,Kings XI Punjab,,8,PC Valthaty,RE Koertzen,S Ravi,
501213,2011,17-04-2011,Dr DY Patil Sports Academy,Mumbai,Pune Warriors,Delhi Daredevils,Delhi Daredevils,field,Delhi Daredevils,,3,Yuvraj Singh,Asad Rauf,AM Saheba,
501214,2011,17-04-2011,Eden Gardens,Kolkata,Kolkata Knight Riders,Rajasthan Royals,Kolkata Knight Riders,field,Kolkata Knight Riders,,8,L Balaji,Aleem Dar,RB Tiffin,
501215,2011,18-04-2011,Nehru Stadium,Kochi,Kochi Tuskers Kerala,Chennai Super Kings,Kochi Tuskers Kerala,field,Kochi Tuskers Kerala,,7,BB McCullum,K Hariharan,AL Hill,
501216,2011,19-04-2011,Feroz Shah Kotla,Delhi,Delhi Daredevils,Deccan Chargers,Deccan Chargers,bat,Deccan Chargers,16,,S Sohal,PR Reiffel,RJ Tucker,
501218,2011,20-04-2011,Wankhede Stadium,Mumbai,Mumbai Indians,Pune Warriors,Pune Warriors,bat,Mumbai Indians,,7,MM Patel,Asad Rauf,AM Saheba,
501219,2011,20-04-2011,Eden Gardens,Kolkata,Kolkata Knight Riders,Kochi Tuskers Kerala,Kolkata Knight Riders,field,Kochi Tuskers Kerala,6,,DPMD Jayawardene,Aleem Dar,RB Tiffin,
501220,2011,21-04-2011,"Punjab Cricket Association Stadium, Mohali",Chandigarh,Kings XI Punjab,Rajasthan Royals,Rajasthan Royals,field,Kings XI Punjab,48,,SE Marsh,S Asnani,PR Reiffel,
501221,2011,22-04-2011,Wankhede Stadium,Mumbai,Mumbai Indians,Chennai Super Kings,Chennai Super Kings,field,Mumbai Indians,8,,Harbhajan Singh,Asad Rauf,AM Saheba,
501222,2011,22-04-2011,Eden Gardens,Kolkata,Kolkata Knight Riders,Royal Challengers Bangalore,Royal Challengers Bangalore,field,Royal Challengers Bangalore,,9,CH Gayle,SS Hazare,RB Tiffin,
501223,2011,23-04-2011,Feroz Shah Kotla,Delhi,Delhi Daredevils,Kings XI Punjab,Kings XI Punjab,field,Delhi Daredevils,29,,DA Warner,S Asnani,RE Koertzen,
501224,2011,24-04-2011,"Rajiv Gandhi International Stadium, Uppal",Hyderabad,Deccan Chargers,Mumbai Indians,Deccan Chargers,field,Mumbai Indians,37,,SL Malinga,HDPK Dharmasena,AL Hill,
501225,2011,24-04-2011,Sawai Mansingh Stadium,Jaipur,Rajasthan Royals,Kochi Tuskers Kerala,Rajasthan Royals,field,Rajasthan Royals,,8,SK Warne,BR Doctrove,SK Tarapore,
501226,2011,25-04-2011,"MA Chidambaram Stadium, Chepauk",Chennai,Chennai Super Kings,Pune Warriors,Pune Warriors,field,Chennai Super Kings,25,,MEK Hussey,Aleem Dar,RB Tiffin,
501227,2011,26-04-2011,Feroz Shah Kotla,Delhi,Delhi Daredevils,Royal Challengers Bangalore,Royal Challengers Bangalore,field,Royal Challengers Bangalore,,3,V Kohli,S Asnani,RJ Tucker,
501228,2011,27-04-2011,Dr DY Patil Sports Academy,Mumbai,Pune Warriors,Chennai Super Kings,Pune Warriors,bat,Chennai Super Kings,,8,DE Bollinger,Asad Rauf,SL Shastri,
501229,2011,27-04-2011,Nehru Stadium,Kochi,Kochi Tuskers Kerala,Deccan Chargers,Kochi Tuskers Kerala,field,Deccan Chargers,55,,I Sharma,HDPK Dharmasena,AL Hill,
501230,2011,28-04-2011,Feroz Shah Kotla,Delhi,Delhi Daredevils,Kolkata Knight Riders,Delhi Daredevils,field,Kolkata Knight Riders,17,,MK Tiwary,PR Reiffel,RJ Tucker,
501231,2011,29-04-2011,Sawai Mansingh Stadium,Jaipur,Rajasthan Royals,Mumbai Indians,Rajasthan Royals,field,Rajasthan Royals,,7,J Botha,Asad Rauf,SK Tarapore,
501232,2011,29-04-2011,M Chinnaswamy Stadium,Bangalore,Royal Challengers Bangalore,Pune Warriors,Pune Warriors,field,Royal Challengers Bangalore,26,,V Kohli,Aleem Dar,SS Hazare,
501233,2011,30-04-2011,Nehru Stadium,Kochi,Kochi Tuskers Kerala,Delhi Daredevils,Delhi Daredevils,bat,Delhi Daredevils,38,,V Sehwag,HDPK Dharmasena,AL Hill,
501234,2011,30-04-2011,Eden Gardens,Kolkata,Kolkata Knight Riders,Kings XI Punjab,Kolkata Knight Riders,field,Kolkata Knight Riders,,8,Iqbal Abdulla,AM Saheba,SL Shastri,
501235,2011,01-05-2011,Sawai Mansingh Stadium,Jaipur,Rajasthan Royals,Pune Warriors,Rajasthan Royals,field,Rajasthan Royals,,6,LRPL Taylor,SK Tarapore,SJA Taufel,
501236,2011,01-05-2011,"MA Chidambaram Stadium, Chepauk",Chennai,Chennai Super Kings,Deccan Chargers,Chennai Super Kings,bat,Chennai Super Kings,19,,JA Morkel,Aleem Dar,RB Tiffin,
501237,2011,02-05-2011,Wankhede Stadium,Mumbai,Mumbai Indians,Kings XI Punjab,Kings XI Punjab,field,Mumbai Indians,23,,KA Pollard,HDPK Dharmasena,PR Reiffel,
501238,2011,02-05-2011,Feroz Shah Kotla,Delhi,Delhi Daredevils,Kochi Tuskers Kerala,Kochi Tuskers Kerala,field,Kochi Tuskers Kerala,,7,P Parameswaran,Asad Rauf,SL Shastri,
501239,2011,03-05-2011,"Rajiv Gandhi International Stadium, Uppal",Hyderabad,Deccan Chargers,Kolkata Knight Riders,Deccan Chargers,field,Kolkata Knight Riders,20,,YK Pathan,S Asnani,RJ Tucker,
501240,2011,04-05-2011,"MA Chidambaram Stadium, Chepauk",Chennai,Chennai Super Kings,Rajasthan Royals,Rajasthan Royals,bat,Chennai Super Kings,,8,MEK Hussey,SS Hazare,RB Tiffin,
501241,2011,04-05-2011,Dr DY Patil Sports Academy,Mumbai,Pune Warriors,Mumbai Indians,Pune Warriors,field,Mumbai Indians,21,,R Sharma,HDPK Dharmasena,SJA Taufel,
501242,2011,05-05-2011,Nehru Stadium,Kochi,Kochi Tuskers Kerala,Kolkata Knight Riders,Kolkata Knight Riders,field,Kochi Tuskers Kerala,17,,BJ Hodge,S Ravi,RJ Tucker,
501243,2011,05-05-2011,"Rajiv Gandhi International Stadium, Uppal",Hyderabad,Deccan Chargers,Delhi Daredevils,Delhi Daredevils,field,Delhi Daredevils,,4,V Sehwag,Asad Rauf,AM Saheba,
501244,2011,06-05-2011,M Chinnaswamy Stadium,Bangalore,Royal Challengers Bangalore,Kings XI Punjab,Kings XI Punjab,field,Royal Challengers Bangalore,85,,CH Gayle,Aleem Dar,RB Tiffin,
501245,2011,07-05-2011,Eden Gardens,Kolkata,Kolkata Knight Riders,Chennai Super Kings,Chennai Super Kings,bat,Kolkata Knight Riders,10,,Iqbal Abdulla,Asad Rauf,PR Reiffel,
501246,2011,07-05-2011,Wankhede Stadium,Mumbai,Mumbai Indians,Delhi Daredevils,Delhi Daredevils,field,Mumbai Indians,32,,AT Rayudu,K Hariharan,SJA Taufel,
501247,2011,08-05-2011,M Chinnaswamy Stadium,Bangalore,Royal Challengers Bangalore,Kochi Tuskers Kerala,Kochi Tuskers Kerala,bat,Royal Challengers Bangalore,,9,CH Gayle,Aleem Dar,SS Hazare,
501248,2011,08-05-2011,"Punjab Cricket Association Stadium, Mohali",Chandigarh,Kings XI Punjab,Pune Warriors,Kings XI Punjab,bat,Pune Warriors,,5,R Sharma,SK Tarapore,RJ Tucker,
501249,2011,09-05-2011,Sawai Mansingh Stadium,Jaipur,Rajasthan Royals,Chennai Super Kings,Rajasthan Royals,field,Chennai Super Kings,63,,M Vijay,K Hariharan,SJA Taufel,
501250,2011,10-05-2011,"Rajiv Gandhi International Stadium, Uppal",Hyderabad,Deccan Chargers,Pune Warriors,Deccan Chargers,bat,Pune Warriors,,6,MR Marsh,Asad Rauf,AM Saheba,
501251,2011,10-05-2011,"Punjab Cricket Association Stadium, Mohali",Chandigarh,Kings XI Punjab,Mumbai Indians,Mumbai Indians,field,Kings XI Punjab,76,,BA Bhatt,SK Tarapore,RJ Tucker,
501252,2011,11-05-2011,Sawai Mansingh Stadium,Jaipur,Rajasthan Royals,Royal Challengers Bangalore,Royal Challengers Bangalore,field,Royal Challengers Bangalore,,9,S Aravind,HDPK Dharmasena,K Hariharan,
501253,2011,12-05-2011,"MA Chidambaram Stadium, Chepauk",Chennai,Chennai Super Kings,Delhi Daredevils,Chennai Super Kings,bat,Chennai Super Kings,18,,MS Dhoni,AM Saheba,SL Shastri,
501254,2011,13-05-2011,Holkar Cricket Stadium,Indore,Kochi Tuskers Kerala,Kings XI Punjab,Kings XI Punjab,field,Kings XI Punjab,,6,KD Karthik,S Asnani,RJ Tucker,
501255,2011,14-05-2011,M Chinnaswamy Stadium,Bangalore,Royal Challengers Bangalore,Kolkata Knight Riders,Royal Challengers Bangalore,field,Royal Challengers Bangalore,,4,CH Gayle,RE Koertzen,RB Tiffin,
501256,2011,14-05-2011,Wankhede Stadium,Mumbai,Mumbai Indians,Deccan Chargers,Deccan Chargers,bat,Deccan Chargers,10,,A Mishra,S Ravi,SK Tarapore,
501257,2011,15-05-2011,Himachal Pradesh Cricket Association Stadium,Dharamsala,Kings XI Punjab,Delhi Daredevils,Delhi Daredevils,field,Kings XI Punjab,29,,PP Chawla,Asad Rauf,SL Shastri,
501258,2011,15-05-2011,Holkar Cricket Stadium,Indore,Kochi Tuskers Kerala,Rajasthan Royals,Kochi Tuskers Kerala,field,Kochi Tuskers Kerala,,8,BJ Hodge,PR Reiffel,RJ Tucker,
501259,2011,16-05-2011,Dr DY Patil Sports Academy,Mumbai,Pune Warriors,Deccan Chargers,Deccan Chargers,field,Deccan Chargers,,6,A Mishra,S Ravi,SK Tarapore,
501260,2011,17-05-2011,Himachal Pradesh Cricket Association Stadium,Dharamsala,Kings XI Punjab,Royal Challengers Bangalore,Kings XI Punjab,bat,Kings XI Punjab,111,,AC Gilchrist,Asad Rauf,AM Saheba,
501261,2011,18-05-2011,"MA Chidambaram Stadium, Chepauk",Chennai,Chennai Super Kings,Kochi Tuskers Kerala,Chennai Super Kings,bat,Chennai Super Kings,11,,WP Saha,HDPK Dharmasena,RE Koertzen,
501262,2011,19-05-2011,Dr DY Patil Sports Academy,Mumbai,Pune Warriors,Kolkata Knight Riders,Kolkata Knight Riders,field,Kolkata Knight Riders,,7,YK Pathan,S Ravi,SJA Taufel,
501263,2011,20-05-2011,Wankhede Stadium,Mumbai,Mumbai Indians,Rajasthan Royals,Mumbai Indians,bat,Rajasthan Royals,,10,SR Watson,RE Koertzen,PR Reiffel,
501264,2011,21-05-2011,Himachal Pradesh Cricket Association Stadium,Dharamsala,Kings XI Punjab,Deccan Chargers,Kings XI Punjab,field,Deccan Chargers,82,,S Dhawan,Asad Rauf,AM Saheba,
501265,2011,21-05-2011,Feroz Shah Kotla,Delhi,Delhi Daredevils,Pune Warriors,Delhi Daredevils,bat,,,,,SS Hazare,RJ Tucker,
501266,2011,22-05-2011,M Chinnaswamy Stadium,Bangalore,Royal Challengers Bangalore,Chennai Super Kings,Royal Challengers Bangalore,field,Royal Challengers Bangalore,,8,CH Gayle,K Hariharan,RE Koertzen,
501267,2011,22-05-2011,Eden Gardens,Kolkata,Kolkata Knight Riders,Mumbai Indians,Mumbai Indians,field,Mumbai Indians,,5,JEC Franklin,SK Tarapore,SJA Taufel,
501268,2011,24-05-2011,Wankhede Stadium,Mumbai,Royal Challengers Bangalore,Chennai Super Kings,Chennai Super Kings,field,Chennai Super Kings,,6,SK Raina,Asad Rauf,SJA Taufel,Qualifier 1
501269,2011,25-05-2011,Wankhede Stadium,Mumbai,Mumbai Indians,Kolkata Knight Riders,Mumbai Indians,field,Mumbai Indians,,4,MM Patel,Asad Rauf,SJA Taufel,Elimination Final
501270,2011,27-05-2011,"MA Chidambaram Stadium, Chepauk",Chennai,Royal Challengers Bangalore,Mumbai Indians,Mumbai Indians,field,Royal Challengers Bangalore,43,,CH Gayle,Asad Rauf,SJA Taufel,Qualifier 2
501271,2011,28-05-2011,"MA Chidambaram Stadium, Chepauk",Chennai,Chennai Super Kings,Royal Challengers Bangalore,Chennai Super Kings,bat,Chennai Super Kings,58,,M Vijay,Asad Rauf,SJA Taufel,Final
548306,2012,04-04-2012,"MA Chidambaram Stadium, Chepauk",Chennai,Chennai Super Kings,Mumbai Indians,Mumbai Indians,field,Mumbai Indians,,8,RE Levi,JD Cloete,SJA Taufel,
548307,2012,05-04-2012,Eden Gardens,Kolkata,Kolkata Knight Riders,Delhi Daredevils,Delhi Daredevils,field,Delhi Daredevils,,8,IK Pathan,S Asnani,HDPK Dharmasena,
548308,2012,06-04-2012,Wankhede Stadium,Mumbai,Mumbai Indians,Pune Warriors,Mumbai Indians,field,Pune Warriors,28,,SPD Smith,AK Chaudhary,SJA Taufel,
548309,2012,06-04-2012,Sawai Mansingh Stadium,Jaipur,Rajasthan Royals,Kings XI Punjab,Kings XI Punjab,field,Rajasthan Royals,31,,AM Rahane,BF Bowden,SK Tarapore,
548310,2012,07-04-2012,M Chinnaswamy Stadium,Bangalore,Royal Challengers Bangalore,Delhi Daredevils,Delhi Daredevils,field,Royal Challengers Bangalore,20,,AB de Villiers,S Asnani,S Ravi,
548311,2012,07-04-2012,Dr. Y.S. Rajasekhara Reddy ACA-VDCA Cricket Stadium,Visakhapatnam,Deccan Chargers,Chennai Super Kings,Deccan Chargers,field,Chennai Super Kings,74,,RA Jadeja,JD Cloete,HDPK Dharmasena,
548312,2012,08-04-2012,Sawai Mansingh Stadium,Jaipur,Rajasthan Royals,Kolkata Knight Riders,Kolkata Knight Riders,field,Rajasthan Royals,22,,BJ Hodge,BF Bowden,VA Kulkarni,
548313,2012,08-04-2012,Subrata Roy Sahara Stadium,Pune,Pune Warriors,Kings XI Punjab,Pune Warriors,bat,Pune Warriors,22,,MN Samuels,S Das,SJA Taufel,
548314,2012,09-04-2012,Dr. Y.S. Rajasekhara Reddy ACA-VDCA Cricket Stadium,Visakhapatnam,Deccan Chargers,Mumbai Indians,Deccan Chargers,bat,Mumbai Indians,,5,RG Sharma,AK Chaudhary,JD Cloete,
548315,2012,10-04-2012,M Chinnaswamy Stadium,Bangalore,Royal Challengers Bangalore,Kolkata Knight Riders,Royal Challengers Bangalore,field,Kolkata Knight Riders,42,,L Balaji,S Ravi,RJ Tucker,
548316,2012,10-04-2012,Feroz Shah Kotla,Delhi,Delhi Daredevils,Chennai Super Kings,Delhi Daredevils,field,Delhi Daredevils,,8,M Morkel,Asad Rauf,SK Tarapore,
548317,2012,11-04-2012,Wankhede Stadium,Mumbai,Mumbai Indians,Rajasthan Royals,Rajasthan Royals,field,Mumbai Indians,27,,KA Pollard,Aleem Dar,BNJ Oxenford,
548318,2012,12-04-2012,"MA Chidambaram Stadium, Chepauk",Chennai,Chennai Super Kings,Royal Challengers Bangalore,Royal Challengers Bangalore,bat,Chennai Super Kings,,5,F du Plessis,HDPK Dharmasena,RJ Tucker,
548319,2012,12-04-2012,"Punjab Cricket Association Stadium, Mohali",Chandigarh,Kings XI Punjab,Pune Warriors,Kings XI Punjab,field,Kings XI Punjab,,7,AD Mascarenhas,VA Kulkarni,SK Tarapore,
548320,2012,13-04-2012,Eden Gardens,Kolkata,Kolkata Knight Riders,Rajasthan Royals,Rajasthan Royals,bat,Kolkata Knight Riders,,5,Shakib Al Hasan,Asad Rauf,S Asnani,
548321,2012,19-04-2012,Feroz Shah Kotla,Delhi,Delhi Daredevils,Deccan Chargers,Deccan Chargers,bat,Delhi Daredevils,,5,KP Pietersen,BF Bowden,SK Tarapore,
548322,2012,14-04-2012,Subrata Roy Sahara Stadium,Pune,Pune Warriors,Chennai Super Kings,Chennai Super Kings,bat,Pune Warriors,,7,JD Ryder,Aleem Dar,BNJ Oxenford,
548323,2012,15-04-2012,Eden Gardens,Kolkata,Kolkata Knight Riders,Kings XI Punjab,Kolkata Knight Riders,field,Kings XI Punjab,2,,SP Narine,Asad Rauf,S Asnani,
548324,2012,15-04-2012,M Chinnaswamy Stadium,Bangalore,Royal Challengers Bangalore,Rajasthan Royals,Rajasthan Royals,bat,Rajasthan Royals,59,,AM Rahane,JD Cloete,RJ Tucker,
548325,2012,16-04-2012,Wankhede Stadium,Mumbai,Mumbai Indians,Delhi Daredevils,Delhi Daredevils,field,Delhi Daredevils,,7,S Nadeem,BF Bowden,SK Tarapore,
548326,2012,17-04-2012,Sawai Mansingh Stadium,Jaipur,Rajasthan Royals,Deccan Chargers,Deccan Chargers,bat,Rajasthan Royals,,5,BJ Hodge,Aleem Dar,BNJ Oxenford,
548327,2012,17-04-2012,M Chinnaswamy Stadium,Bangalore,Royal Challengers Bangalore,Pune Warriors,Pune Warriors,bat,Royal Challengers Bangalore,,6,CH Gayle,S Asnani,S Das,
548328,2012,18-04-2012,"Punjab Cricket Association Stadium, Mohali",Chandigarh,Kings XI Punjab,Kolkata Knight Riders,Kings XI Punjab,bat,Kolkata Knight Riders,,8,G Gambhir,JD Cloete,RJ Tucker,
548329,2012,10-05-2012,"Rajiv Gandhi International Stadium, Uppal",Hyderabad,Deccan Chargers,Delhi Daredevils,Deccan Chargers,bat,Delhi Daredevils,,9,DA Warner,JD Cloete,SJA Taufel,
548330,2012,19-04-2012,"MA Chidambaram Stadium, Chepauk",Chennai,Chennai Super Kings,Pune Warriors,Pune Warriors,field,Chennai Super Kings,13,,KMDN Kulasekara,Asad Rauf,S Das,
548331,2012,20-04-2012,"Punjab Cricket Association Stadium, Mohali",Chandigarh,Kings XI Punjab,Royal Challengers Bangalore,Royal Challengers Bangalore,field,Royal Challengers Bangalore,,5,CH Gayle,S Ravi,RJ Tucker,
548332,2012,21-04-2012,"MA Chidambaram Stadium, Chepauk",Chennai,Chennai Super Kings,Rajasthan Royals,Rajasthan Royals,bat,Chennai Super Kings,,7,F du Plessis,Aleem Dar,BNJ Oxenford,
548333,2012,21-04-2012,Feroz Shah Kotla,Delhi,Delhi Daredevils,Pune Warriors,Delhi Daredevils,field,Pune Warriors,20,,SC Ganguly,Asad Rauf,S Das,
548334,2012,22-04-2012,Wankhede Stadium,Mumbai,Mumbai Indians,Kings XI Punjab,Mumbai Indians,bat,Kings XI Punjab,,6,SE Marsh,S Ravi,RJ Tucker,
548335,2012,22-04-2012,Barabati Stadium,Cuttack,Deccan Chargers,Kolkata Knight Riders,Kolkata Knight Riders,field,Kolkata Knight Riders,,5,B Lee,BF Bowden,SK Tarapore,
548336,2012,23-04-2012,Sawai Mansingh Stadium,Jaipur,Rajasthan Royals,Royal Challengers Bangalore,Rajasthan Royals,field,Royal Challengers Bangalore,46,,AB de Villiers,Asad Rauf,S Asnani,
548337,2012,24-04-2012,Subrata Roy Sahara Stadium,Pune,Pune Warriors,Delhi Daredevils,Pune Warriors,bat,Delhi Daredevils,,8,V Sehwag,S Ravi,RJ Tucker,
548339,2012,25-04-2012,"Punjab Cricket Association Stadium, Mohali",Chandigarh,Kings XI Punjab,Mumbai Indians,Kings XI Punjab,bat,Mumbai Indians,,4,AT Rayudu,Aleem Dar,BNJ Oxenford,
548341,2012,26-04-2012,Subrata Roy Sahara Stadium,Pune,Pune Warriors,Deccan Chargers,Deccan Chargers,bat,Deccan Chargers,18,,CL White,S Ravi,RJ Tucker,
548342,2012,27-04-2012,Feroz Shah Kotla,Delhi,Delhi Daredevils,Mumbai Indians,Mumbai Indians,field,Delhi Daredevils,37,,V Sehwag,Aleem Dar,BNJ Oxenford,
548343,2012,28-04-2012,"MA Chidambaram Stadium, Chepauk",Chennai,Chennai Super Kings,Kings XI Punjab,Kings XI Punjab,bat,Kings XI Punjab,7,,Mandeep Singh,BF Bowden,SK Tarapore,
548344,2012,28-04-2012,Eden Gardens,Kolkata,Kolkata Knight Riders,Royal Challengers Bangalore,Kolkata Knight Riders,bat,Kolkata Knight Riders,47,,G Gambhir,Asad Rauf,BR Doctrove,
548345,2012,29-04-2012,Feroz Shah Kotla,Delhi,Delhi Daredevils,Rajasthan Royals,Delhi Daredevils,bat,Delhi Daredevils,1,,V Sehwag,S Ravi,RJ Tucker,
548346,2012,29-04-2012,Wankhede Stadium,Mumbai,Mumbai Indians,Deccan Chargers,Mumbai Indians,field,Mumbai Indians,,5,DW Steyn,AK Chaudhary,BNJ Oxenford,
548347,2012,30-04-2012,"MA Chidambaram Stadium, Chepauk",Chennai,Chennai Super Kings,Kolkata Knight Riders,Chennai Super Kings,bat,Kolkata Knight Riders,,5,G Gambhir,BF Bowden,C Shamshuddin,
548348,2012,01-05-2012,Barabati Stadium,Cuttack,Deccan Chargers,Pune Warriors,Deccan Chargers,bat,Deccan Chargers,13,,KC Sangakkara,Aleem Dar,AK Chaudhary,
548349,2012,01-05-2012,Sawai Mansingh Stadium,Jaipur,Rajasthan Royals,Delhi Daredevils,Rajasthan Royals,bat,Delhi Daredevils,,6,P Negi,JD Cloete,SJA Taufel,
548350,2012,02-05-2012,M Chinnaswamy Stadium,Bangalore,Royal Challengers Bangalore,Kings XI Punjab,Kings XI Punjab,field,Kings XI Punjab,,4,Azhar Mahmood,BF Bowden,C Shamshuddin,
548351,2012,03-05-2012,Subrata Roy Sahara Stadium,Pune,Pune Warriors,Mumbai Indians,Mumbai Indians,bat,Mumbai Indians,1,,SL Malinga,Asad Rauf,S Asnani,
548352,2012,04-05-2012,"MA Chidambaram Stadium, Chepauk",Chennai,Chennai Super Kings,Deccan Chargers,Chennai Super Kings,bat,Chennai Super Kings,10,,SK Raina,HDPK Dharmasena,BNJ Oxenford,
548353,2012,05-05-2012,Eden Gardens,Kolkata,Kolkata Knight Riders,Pune Warriors,Kolkata Knight Riders,bat,Kolkata Knight Riders,7,,SP Narine,BF Bowden,SK Tarapore,
548354,2012,05-05-2012,"Punjab Cricket Association Stadium, Mohali",Chandigarh,Kings XI Punjab,Rajasthan Royals,Rajasthan Royals,bat,Rajasthan Royals,43,,SR Watson,JD Cloete,SJA Taufel,
548355,2012,06-05-2012,Wankhede Stadium,Mumbai,Mumbai Indians,Chennai Super Kings,Mumbai Indians,field,Mumbai Indians,,2,DR Smith,Asad Rauf,S Asnani,
548356,2012,06-05-2012,M Chinnaswamy Stadium,Bangalore,Royal Challengers Bangalore,Deccan Chargers,Royal Challengers Bangalore,field,Royal Challengers Bangalore,,5,AB de Villiers,HDPK Dharmasena,BNJ Oxenford,
548357,2012,07-05-2012,Feroz Shah Kotla,Delhi,Delhi Daredevils,Kolkata Knight Riders,Delhi Daredevils,bat,Kolkata Knight Riders,,6,JH Kallis,JD Cloete,S Ravi,
548358,2012,08-05-2012,Subrata Roy Sahara Stadium,Pune,Pune Warriors,Rajasthan Royals,Pune Warriors,bat,Rajasthan Royals,,7,SR Watson,Asad Rauf,BR Doctrove,
548359,2012,08-05-2012,"Rajiv Gandhi International Stadium, Uppal",Hyderabad,Deccan Chargers,Kings XI Punjab,Deccan Chargers,field,Kings XI Punjab,25,,Mandeep Singh,HDPK Dharmasena,BNJ Oxenford,
548360,2012,09-05-2012,Wankhede Stadium,Mumbai,Mumbai Indians,Royal Challengers Bangalore,Royal Challengers Bangalore,field,Royal Challengers Bangalore,,9,CH Gayle,BF Bowden,VA Kulkarni,
548361,2012,10-05-2012,Sawai Mansingh Stadium,Jaipur,Rajasthan Royals,Chennai Super Kings,Chennai Super Kings,field,Chennai Super Kings,,4,BW Hilfenhaus,BNJ Oxenford,C Shamshuddin,
548362,2012,11-05-2012,Subrata Roy Sahara Stadium,Pune,Pune Warriors,Royal Challengers Bangalore,Pune Warriors,field,Royal Challengers Bangalore,35,,CH Gayle,BF Bowden,SK Tarapore,
548363,2012,12-05-2012,Eden Gardens,Kolkata,Kolkata Knight Riders,Mumbai Indians,Mumbai Indians,bat,Mumbai Indians,27,,RG Sharma,S Ravi,SJA Taufel,
548364,2012,12-05-2012,"MA Chidambaram Stadium, Chepauk",Chennai,Chennai Super Kings,Delhi Daredevils,Chennai Super Kings,field,Chennai Super Kings,,9,BW Hilfenhaus,S Das,BR Doctrove,
548365,2012,13-05-2012,Sawai Mansingh Stadium,Jaipur,Rajasthan Royals,Pune Warriors,Rajasthan Royals,bat,Rajasthan Royals,45,,A Chandila,BF Bowden,SK Tarapore,
548366,2012,13-05-2012,"Punjab Cricket Association Stadium, Mohali",Chandigarh,Kings XI Punjab,Deccan Chargers,Deccan Chargers,bat,Kings XI Punjab,,4,DJ Hussey,HDPK Dharmasena,BNJ Oxenford,
548367,2012,14-05-2012,M Chinnaswamy Stadium,Bangalore,Royal Challengers Bangalore,Mumbai Indians,Mumbai Indians,field,Mumbai Indians,,5,AT Rayudu,S Das,BR Doctrove,
548368,2012,14-05-2012,Eden Gardens,Kolkata,Kolkata Knight Riders,Chennai Super Kings,Chennai Super Kings,field,Chennai Super Kings,,5,MEK Hussey,JD Cloete,SJA Taufel,
548369,2012,15-05-2012,Feroz Shah Kotla,Delhi,Delhi Daredevils,Kings XI Punjab,Kings XI Punjab,bat,Delhi Daredevils,,5,UT Yadav,HDPK Dharmasena,BNJ Oxenford,
548370,2012,16-05-2012,Wankhede Stadium,Mumbai,Mumbai Indians,Kolkata Knight Riders,Mumbai Indians,field,Kolkata Knight Riders,32,,SP Narine,S Das,BR Doctrove,
548371,2012,17-05-2012,Himachal Pradesh Cricket Association Stadium,Dharamsala,Kings XI Punjab,Chennai Super Kings,Kings XI Punjab,field,Kings XI Punjab,,6,AC Gilchrist,VA Kulkarni,SK Tarapore,
548372,2012,17-05-2012,Feroz Shah Kotla,Delhi,Delhi Daredevils,Royal Challengers Bangalore,Delhi Daredevils,field,Royal Challengers Bangalore,21,,CH Gayle,HDPK Dharmasena,C Shamshuddin,
548373,2012,18-05-2012,"Rajiv Gandhi International Stadium, Uppal",Hyderabad,Deccan Chargers,Rajasthan Royals,Rajasthan Royals,bat,Deccan Chargers,,5,DW Steyn,S Ravi,SJA Taufel,
548374,2012,19-05-2012,Himachal Pradesh Cricket Association Stadium,Dharamsala,Kings XI Punjab,Delhi Daredevils,Delhi Daredevils,field,Delhi Daredevils,,6,UT Yadav,BF Bowden,VA Kulkarni,
548375,2012,19-05-2012,Subrata Roy Sahara Stadium,Pune,Pune Warriors,Kolkata Knight Riders,Kolkata Knight Riders,bat,Kolkata Knight Riders,34,,Shakib Al Hasan,S Asnani,BR Doctrove,
548376,2012,20-05-2012,"Rajiv Gandhi International Stadium, Uppal",Hyderabad,Deccan Chargers,Royal Challengers Bangalore,Royal Challengers Bangalore,field,Deccan Chargers,9,,DW Steyn,S Ravi,SJA Taufel,
548377,2012,20-05-2012,Sawai Mansingh Stadium,Jaipur,Rajasthan Royals,Mumbai Indians,Rajasthan Royals,bat,Mumbai Indians,,10,DR Smith,HDPK Dharmasena,C Shamshuddin,
548378,2012,22-05-2012,Subrata Roy Sahara Stadium,Pune,Delhi Daredevils,Kolkata Knight Riders,Kolkata Knight Riders,bat,Kolkata Knight Riders,18,,YK Pathan,BR Doctrove,SJA Taufel,Qualifier 1
548379,2012,23-05-2012,M Chinnaswamy Stadium,Bangalore,Chennai Super Kings,Mumbai Indians,Mumbai Indians,field,Chennai Super Kings,38,,MS Dhoni,BF Bowden,HDPK Dharmasena,Elimination Final
548380,2012,25-05-2012,"MA Chidambaram Stadium, Chepauk",Chennai,Delhi Daredevils,Chennai Super Kings,Delhi Daredevils,field,Chennai Super Kings,86,,M Vijay,BR Doctrove,SJA Taufel,Qualifier 2
548381,2012,27-05-2012,"MA Chidambaram Stadium, Chepauk",Chennai,Kolkata Knight Riders,Chennai Super Kings,Chennai Super Kings,bat,Kolkata Knight Riders,,5,MS Bisla,BF Bowden,SJA Taufel,Final
597998,2013,03-04-2013,Eden Gardens,Kolkata,Kolkata Knight Riders,Delhi Daredevils,Kolkata Knight Riders,field,Kolkata Knight Riders,,6,SP Narine,S Ravi,SJA Taufel,
597999,2013,04-04-2013,M Chinnaswamy Stadium,Bangalore,Royal Challengers Bangalore,Mumbai Indians,Mumbai Indians,field,Royal Challengers Bangalore,2,,CH Gayle,VA Kulkarni,C Shamshuddin,
598000,2013,05-04-2013,"Rajiv Gandhi International Stadium, Uppal",Hyderabad,Sunrisers Hyderabad,Pune Warriors,Pune Warriors,field,Sunrisers Hyderabad,22,,A Mishra,S Ravi,SJA Taufel,
598001,2013,06-04-2013,Feroz Shah Kotla,Delhi,Delhi Daredevils,Rajasthan Royals,Rajasthan Royals,bat,Rajasthan Royals,5,,R Dravid,S Das,C Shamshuddin,
598002,2013,06-04-2013,"MA Chidambaram Stadium, Chepauk",Chennai,Chennai Super Kings,Mumbai Indians,Mumbai Indians,bat,Mumbai Indians,9,,KA Pollard,M Erasmus,VA Kulkarni,
598003,2013,07-04-2013,Subrata Roy Sahara Stadium,Pune,Pune Warriors,Kings XI Punjab,Pune Warriors,bat,Kings XI Punjab,,8,M Vohra,S Asnani,SJA Taufel,
598004,2013,07-04-2013,"Rajiv Gandhi International Stadium, Uppal",Hyderabad,Sunrisers Hyderabad,Royal Challengers Bangalore,Royal Challengers Bangalore,bat,,,,GH Vihari,AK Chaudhary,S Ravi,
598005,2013,08-04-2013,Sawai Mansingh Stadium,Jaipur,Rajasthan Royals,Kolkata Knight Riders,Kolkata Knight Riders,field,Rajasthan Royals,19,,SK Trivedi,Aleem Dar,S Das,
598006,2013,09-04-2013,Wankhede Stadium,Mumbai,Mumbai Indians,Delhi Daredevils,Mumbai Indians,bat,Mumbai Indians,44,,KD Karthik,M Erasmus,VA Kulkarni,
598007,2013,10-04-2013,"Punjab Cricket Association Stadium, Mohali",Chandigarh,Kings XI Punjab,Chennai Super Kings,Chennai Super Kings,field,Chennai Super Kings,,10,MEK Hussey,Aleem Dar,C Shamshuddin,
598008,2013,11-04-2013,M Chinnaswamy Stadium,Bangalore,Royal Challengers Bangalore,Kolkata Knight Riders,Royal Challengers Bangalore,field,Royal Challengers Bangalore,,8,CH Gayle,Asad Rauf,AK Chaudhary,
598009,2013,11-04-2013,Subrata Roy Sahara Stadium,Pune,Pune Warriors,Rajasthan Royals,Rajasthan Royals,bat,Pune Warriors,,7,AJ Finch,M Erasmus,K Srinath,
598010,2013,12-04-2013,Feroz Shah Kotla,Delhi,Delhi Daredevils,Sunrisers Hyderabad,Delhi Daredevils,bat,Sunrisers Hyderabad,,3,A Mishra,Aleem Dar,Subroto Das,
598011,2013,13-04-2013,Wankhede Stadium,Mumbai,Mumbai Indians,Pune Warriors,Mumbai Indians,bat,Mumbai Indians,41,,RG Sharma,S Ravi,SJA Taufel,
598012,2013,13-04-2013,"MA Chidambaram Stadium, Chepauk",Chennai,Chennai Super Kings,Royal Challengers Bangalore,Chennai Super Kings,field,Chennai Super Kings,,4,RA Jadeja,Asad Rauf,AK Chaudhary,
598013,2013,14-04-2013,Eden Gardens,Kolkata,Kolkata Knight Riders,Sunrisers Hyderabad,Kolkata Knight Riders,bat,Kolkata Knight Riders,48,,G Gambhir,M Erasmus,VA Kulkarni,
598014,2013,14-04-2013,Sawai Mansingh Stadium,Jaipur,Rajasthan Royals,Kings XI Punjab,Rajasthan Royals,field,Rajasthan Royals,,6,JP Faulkner,Aleem Dar,C Shamshuddin,
598015,2013,15-04-2013,"MA Chidambaram Stadium, Chepauk",Chennai,Chennai Super Kings,Pune Warriors,Pune Warriors,bat,Pune Warriors,24,,SPD Smith,Asad Rauf,AK Chaudhary,
598016,2013,16-04-2013,"Punjab Cricket Association Stadium, Mohali",Chandigarh,Kings XI Punjab,Kolkata Knight Riders,Kolkata Knight Riders,field,Kings XI Punjab,4,,MS Gony,CK Nandan,SJA Taufel,
598017,2013,16-04-2013,M Chinnaswamy Stadium,Bangalore,Royal Challengers Bangalore,Delhi Daredevils,Royal Challengers Bangalore,field,,,,V Kohli,M Erasmus,VA Kulkarni,
598018,2013,17-04-2013,Maharashtra Cricket Association Stadium,Pune,Pune Warriors,Sunrisers Hyderabad,Pune Warriors,field,Sunrisers Hyderabad,11,,A Mishra,Asad Rauf,AK Chaudhary,
598019,2013,17-04-2013,Sawai Mansingh Stadium,Jaipur,Rajasthan Royals,Mumbai Indians,Rajasthan Royals,bat,Rajasthan Royals,87,,AM Rahane,Aleem Dar,C Shamshuddin,
598020,2013,18-04-2013,Feroz Shah Kotla,Delhi,Delhi Daredevils,Chennai Super Kings,Chennai Super Kings,bat,Chennai Super Kings,86,,MEK Hussey,M Erasmus,VA Kulkarni,
598021,2013,19-04-2013,"Rajiv Gandhi International Stadium, Uppal",Hyderabad,Sunrisers Hyderabad,Kings XI Punjab,Kings XI Punjab,bat,Sunrisers Hyderabad,,5,GH Vihari,HDPK Dharmasena,CK Nandan,
598022,2013,20-04-2013,Eden Gardens,Kolkata,Kolkata Knight Riders,Chennai Super Kings,Kolkata Knight Riders,bat,Chennai Super Kings,,4,RA Jadeja,Asad Rauf,AK Chaudhary,
598023,2013,20-04-2013,M Chinnaswamy Stadium,Bangalore,Royal Challengers Bangalore,Rajasthan Royals,Royal Challengers Bangalore,field,Royal Challengers Bangalore,,7,R Vinay Kumar,Aleem Dar,C Shamshuddin,
598024,2013,21-04-2013,Feroz Shah Kotla,Delhi,Delhi Daredevils,Mumbai Indians,Mumbai Indians,bat,Delhi Daredevils,,9,V Sehwag,HDPK Dharmasena,S Ravi,
598025,2013,21-04-2013,"Punjab Cricket Association Stadium, Mohali",Chandigarh,Kings XI Punjab,Pune Warriors,Kings XI Punjab,field,Kings XI Punjab,,7,DA Miller,M Erasmus,K Srinath,
598026,2013,22-04-2013,"MA Chidambaram Stadium, Chepauk",Chennai,Chennai Super Kings,Rajasthan Royals,Rajasthan Royals,bat,Chennai Super Kings,,5,MEK Hussey,S Asnani,AK Chaudhary,
598027,2013,23-04-2013,M Chinnaswamy Stadium,Bangalore,Royal Challengers Bangalore,Pune Warriors,Pune Warriors,field,Royal Challengers Bangalore,130,,CH Gayle,Aleem Dar,C Shamshuddin,
598028,2013,16-05-2013,Himachal Pradesh Cricket Association Stadium,Dharamsala,Kings XI Punjab,Delhi Daredevils,Delhi Daredevils,field,Kings XI Punjab,7,,DA Miller,HDPK Dharmasena,S Ravi,
598029,2013,24-04-2013,Eden Gardens,Kolkata,Kolkata Knight Riders,Mumbai Indians,Kolkata Knight Riders,bat,Mumbai Indians,,5,DR Smith,HDPK Dharmasena,S Ravi,
598030,2013,25-04-2013,"MA Chidambaram Stadium, Chepauk",Chennai,Chennai Super Kings,Sunrisers Hyderabad,Sunrisers Hyderabad,bat,Chennai Super Kings,,5,MS Dhoni,Aleem Dar,S Das,
598031,2013,26-04-2013,Eden Gardens,Kolkata,Kolkata Knight Riders,Kings XI Punjab,Kings XI Punjab,bat,Kolkata Knight Riders,,6,JH Kallis,CK Nandan,S Ravi,
598032,2013,27-04-2013,Sawai Mansingh Stadium,Jaipur,Rajasthan Royals,Sunrisers Hyderabad,Sunrisers Hyderabad,bat,Rajasthan Royals,,8,JP Faulkner,VA Kulkarni,K Srinath,
598033,2013,27-04-2013,Wankhede Stadium,Mumbai,Mumbai Indians,Royal Challengers Bangalore,Mumbai Indians,bat,Mumbai Indians,58,,DR Smith,Asad Rauf,S Asnani,
598034,2013,28-04-2013,"MA Chidambaram Stadium, Chepauk",Chennai,Chennai Super Kings,Kolkata Knight Riders,Kolkata Knight Riders,field,Chennai Super Kings,14,,MEK Hussey,Aleem Dar,SJA Taufel,
598035,2013,28-04-2013,Shaheed Veer Narayan Singh International Stadium,Raipur,Delhi Daredevils,Pune Warriors,Pune Warriors,field,Delhi Daredevils,15,,DA Warner,CK Nandan,S Ravi,
598036,2013,29-04-2013,Sawai Mansingh Stadium,Jaipur,Rajasthan Royals,Royal Challengers Bangalore,Rajasthan Royals,field,Rajasthan Royals,,4,SV Samson,M Erasmus,K Srinath,
598037,2013,29-04-2013,Wankhede Stadium,Mumbai,Mumbai Indians,Kings XI Punjab,Mumbai Indians,bat,Mumbai Indians,4,,RG Sharma,Asad Rauf,AK Chaudhary,
598038,2013,30-04-2013,Subrata Roy Sahara Stadium,Pune,Pune Warriors,Chennai Super Kings,Chennai Super Kings,bat,Chennai Super Kings,37,,MS Dhoni,S Das,SJA Taufel,
598039,2013,01-05-2013,"Rajiv Gandhi International Stadium, Uppal",Hyderabad,Sunrisers Hyderabad,Mumbai Indians,Mumbai Indians,bat,Sunrisers Hyderabad,,7,I Sharma,Asad Rauf,S Asnani,
598040,2013,01-05-2013,Shaheed Veer Narayan Singh International Stadium,Raipur,Delhi Daredevils,Kolkata Knight Riders,Kolkata Knight Riders,bat,Delhi Daredevils,,7,DA Warner,HDPK Dharmasena,CK Nandan,
598041,2013,02-05-2013,"MA Chidambaram Stadium, Chepauk",Chennai,Chennai Super Kings,Kings XI Punjab,Chennai Super Kings,bat,Chennai Super Kings,15,,SK Raina,M Erasmus,VA Kulkarni,
598042,2013,02-05-2013,Subrata Roy Sahara Stadium,Pune,Pune Warriors,Royal Challengers Bangalore,Royal Challengers Bangalore,bat,Royal Challengers Bangalore,17,,AB de Villiers,Aleem Dar,C Shamshuddin,
598043,2013,03-05-2013,Eden Gardens,Kolkata,Kolkata Knight Riders,Rajasthan Royals,Rajasthan Royals,bat,Kolkata Knight Riders,,8,YK Pathan,HDPK Dharmasena,CK Nandan,
598044,2013,04-05-2013,"Rajiv Gandhi International Stadium, Uppal",Hyderabad,Sunrisers Hyderabad,Delhi Daredevils,Delhi Daredevils,bat,Sunrisers Hyderabad,,6,DJG Sammy,Asad Rauf,S Asnani,
598045,2013,14-05-2013,M Chinnaswamy Stadium,Bangalore,Royal Challengers Bangalore,Kings XI Punjab,Kings XI Punjab,field,Kings XI Punjab,,7,AC Gilchrist,HDPK Dharmasena,S Ravi,
598046,2013,05-05-2013,Wankhede Stadium,Mumbai,Mumbai Indians,Chennai Super Kings,Mumbai Indians,bat,Mumbai Indians,60,,MG Johnson,HDPK Dharmasena,CK Nandan,
598047,2013,05-05-2013,Sawai Mansingh Stadium,Jaipur,Rajasthan Royals,Pune Warriors,Pune Warriors,bat,Rajasthan Royals,,5,AM Rahane,C Shamshuddin,RJ Tucker,
598048,2013,09-04-2013,M Chinnaswamy Stadium,Bangalore,Royal Challengers Bangalore,Sunrisers Hyderabad,Sunrisers Hyderabad,bat,Royal Challengers Bangalore,,7,V Kohli,S Ravi,SJA Taufel,
598049,2013,07-05-2013,Sawai Mansingh Stadium,Jaipur,Rajasthan Royals,Delhi Daredevils,Delhi Daredevils,bat,Rajasthan Royals,,9,AM Rahane,Aleem Dar,RJ Tucker,
598050,2013,07-05-2013,Wankhede Stadium,Mumbai,Mumbai Indians,Kolkata Knight Riders,Mumbai Indians,bat,Mumbai Indians,65,,SR Tendulkar,HDPK Dharmasena,S Ravi,
598051,2013,08-05-2013,"Rajiv Gandhi International Stadium, Uppal",Hyderabad,Sunrisers Hyderabad,Chennai Super Kings,Sunrisers Hyderabad,field,Chennai Super Kings,77,,SK Raina,S Das,NJ Llong,
598052,2013,09-05-2013,"Punjab Cricket Association Stadium, Mohali",Chandigarh,Kings XI Punjab,Rajasthan Royals,Rajasthan Royals,field,Rajasthan Royals,,8,KK Cooper,HDPK Dharmasena,S Ravi,
598053,2013,09-05-2013,Subrata Roy Sahara Stadium,Pune,Pune Warriors,Kolkata Knight Riders,Kolkata Knight Riders,bat,Kolkata Knight Riders,46,,G Gambhir,Asad Rauf,S Asnani,
598054,2013,10-05-2013,Feroz Shah Kotla,Delhi,Delhi Daredevils,Royal Challengers Bangalore,Delhi Daredevils,field,Royal Challengers Bangalore,4,,JD Unadkat,NJ Llong,K Srinath,
598055,2013,11-05-2013,Subrata Roy Sahara Stadium,Pune,Pune Warriors,Mumbai Indians,Pune Warriors,bat,Mumbai Indians,,5,MG Johnson,Asad Rauf,AK Chaudhary,
598056,2013,11-05-2013,"Punjab Cricket Association Stadium, Mohali",Chandigarh,Kings XI Punjab,Sunrisers Hyderabad,Kings XI Punjab,field,Sunrisers Hyderabad,30,,PA Patel,S Das,RJ Tucker,
598057,2013,12-05-2013,JSCA International Stadium Complex,Ranchi,Kolkata Knight Riders,Royal Challengers Bangalore,Kolkata Knight Riders,field,Kolkata Knight Riders,,5,JH Kallis,NJ Llong,K Srinath,
598058,2013,12-05-2013,Sawai Mansingh Stadium,Jaipur,Rajasthan Royals,Chennai Super Kings,Rajasthan Royals,field,Rajasthan Royals,,5,SR Watson,HDPK Dharmasena,CK Nandan,
598059,2013,23-04-2013,Feroz Shah Kotla,Delhi,Delhi Daredevils,Kings XI Punjab,Kings XI Punjab,field,Kings XI Punjab,,5,Harmeet Singh,VA Kulkarni,K Srinath,
598060,2013,13-05-2013,Wankhede Stadium,Mumbai,Mumbai Indians,Sunrisers Hyderabad,Sunrisers Hyderabad,bat,Mumbai Indians,,7,KA Pollard,AK Chaudhary,SJA Taufel,
598061,2013,15-05-2013,JSCA International Stadium Complex,Ranchi,Kolkata Knight Riders,Pune Warriors,Kolkata Knight Riders,field,Pune Warriors,7,,MK Pandey,NJ Llong,K Srinath,
598062,2013,14-05-2013,"MA Chidambaram Stadium, Chepauk",Chennai,Chennai Super Kings,Delhi Daredevils,Chennai Super Kings,bat,Chennai Super Kings,33,,MS Dhoni,C Shamshuddin,RJ Tucker,
598063,2013,15-05-2013,Wankhede Stadium,Mumbai,Mumbai Indians,Rajasthan Royals,Rajasthan Royals,field,Mumbai Indians,14,,AP Tare,Asad Rauf,S Asnani,
598064,2013,06-05-2013,"Punjab Cricket Association Stadium, Mohali",Chandigarh,Kings XI Punjab,Royal Challengers Bangalore,Kings XI Punjab,field,Kings XI Punjab,,6,DA Miller,VA Kulkarni,NJ Llong,
598065,2013,17-05-2013,"Rajiv Gandhi International Stadium, Uppal",Hyderabad,Sunrisers Hyderabad,Rajasthan Royals,Sunrisers Hyderabad,bat,Sunrisers Hyderabad,23,,A Mishra,Asad Rauf,AK Chaudhary,
598066,2013,18-05-2013,Himachal Pradesh Cricket Association Stadium,Dharamsala,Kings XI Punjab,Mumbai Indians,Mumbai Indians,field,Kings XI Punjab,50,,Azhar Mahmood,HDPK Dharmasena,CK Nandan,
598067,2013,19-05-2013,Subrata Roy Sahara Stadium,Pune,Pune Warriors,Delhi Daredevils,Pune Warriors,bat,Pune Warriors,38,,LJ Wright,NJ Llong,SJA Taufel,
598068,2013,18-05-2013,M Chinnaswamy Stadium,Bangalore,Royal Challengers Bangalore,Chennai Super Kings,Chennai Super Kings,field,Royal Challengers Bangalore,24,,V Kohli,C Shamshuddin,RJ Tucker,
598069,2013,19-05-2013,"Rajiv Gandhi International Stadium, Uppal",Hyderabad,Sunrisers Hyderabad,Kolkata Knight Riders,Kolkata Knight Riders,bat,Sunrisers Hyderabad,,5,PA Patel,Asad Rauf,S Asnani,
598070,2013,21-05-2013,Feroz Shah Kotla,Delhi,Chennai Super Kings,Mumbai Indians,Chennai Super Kings,bat,Chennai Super Kings,48,,MEK Hussey,NJ Llong,RJ Tucker,Qualifier 1
598071,2013,22-05-2013,Feroz Shah Kotla,Delhi,Rajasthan Royals,Sunrisers Hyderabad,Sunrisers Hyderabad,bat,Rajasthan Royals,,4,BJ Hodge,S Ravi,RJ Tucker,Eliminator
598072,2013,24-05-2013,Eden Gardens,Kolkata,Mumbai Indians,Rajasthan Royals,Rajasthan Royals,bat,Mumbai Indians,,4,Harbhajan Singh,C Shamshuddin,SJA Taufel,Qualifier 2
598073,2013,26-05-2013,Eden Gardens,Kolkata,Chennai Super Kings,Mumbai Indians,Mumbai Indians,bat,Mumbai Indians,23,,KA Pollard,HDPK Dharmasena,SJA Taufel,Final
729279,2014,16-04-2014,Sheikh Zayed Stadium,Abu Dhabi,Mumbai Indians,Kolkata Knight Riders,Kolkata Knight Riders,bat,Kolkata Knight Riders,41,,JH Kallis,M Erasmus,RK Illingworth,
729281,2014,17-04-2014,Sharjah Cricket Stadium,,Delhi Daredevils,Royal Challengers Bangalore,Royal Challengers Bangalore,field,Royal Challengers Bangalore,,8,YS Chahal,Aleem Dar,S Ravi,
729283,2014,18-04-2014,Sheikh Zayed Stadium,Abu Dhabi,Chennai Super Kings,Kings XI Punjab,Chennai Super Kings,bat,Kings XI Punjab,,6,GJ Maxwell,RK Illingworth,C Shamshuddin,
729285,2014,18-04-2014,Sheikh Zayed Stadium,Abu Dhabi,Sunrisers Hyderabad,Rajasthan Royals,Rajasthan Royals,field,Rajasthan Royals,,4,AM Rahane,BF Bowden,RK Illingworth,
729287,2014,19-04-2014,Dubai International Cricket Stadium,,Royal Challengers Bangalore,Mumbai Indians,Royal Challengers Bangalore,field,Royal Challengers Bangalore,,7,PA Patel,Aleem Dar,AK Chaudhary,
729289,2014,19-04-2014,Dubai International Cricket Stadium,,Kolkata Knight Riders,Delhi Daredevils,Kolkata Knight Riders,bat,Delhi Daredevils,,4,JP Duminy,Aleem Dar,VA Kulkarni,
729291,2014,20-04-2014,Sharjah Cricket Stadium,,Rajasthan Royals,Kings XI Punjab,Kings XI Punjab,field,Kings XI Punjab,,7,GJ Maxwell,BF Bowden,M Erasmus,
729293,2014,21-04-2014,Sheikh Zayed Stadium,Abu Dhabi,Chennai Super Kings,Delhi Daredevils,Chennai Super Kings,bat,Chennai Super Kings,93,,SK Raina,RK Illingworth,C Shamshuddin,
729295,2014,22-04-2014,Sharjah Cricket Stadium,,Kings XI Punjab,Sunrisers Hyderabad,Sunrisers Hyderabad,field,Kings XI Punjab,72,,GJ Maxwell,M Erasmus,S Ravi,
729297,2014,23-04-2014,Dubai International Cricket Stadium,,Rajasthan Royals,Chennai Super Kings,Rajasthan Royals,field,Chennai Super Kings,7,,RA Jadeja,HDPK Dharmasena,RK Illingworth,
729299,2014,24-04-2014,Sharjah Cricket Stadium,,Royal Challengers Bangalore,Kolkata Knight Riders,Royal Challengers Bangalore,field,Kolkata Knight Riders,2,,CA Lynn,Aleem Dar,VA Kulkarni,
729301,2014,25-04-2014,Dubai International Cricket Stadium,,Sunrisers Hyderabad,Delhi Daredevils,Sunrisers Hyderabad,bat,Sunrisers Hyderabad,4,,AJ Finch,M Erasmus,S Ravi,
729303,2014,25-04-2014,Dubai International Cricket Stadium,,Chennai Super Kings,Mumbai Indians,Mumbai Indians,bat,Chennai Super Kings,,7,MM Sharma,BF Bowden,M Erasmus,
729305,2014,26-04-2014,Sheikh Zayed Stadium,Abu Dhabi,Rajasthan Royals,Royal Challengers Bangalore,Rajasthan Royals,field,Rajasthan Royals,,6,PV Tambe,HDPK Dharmasena,C Shamshuddin,
729307,2014,26-04-2014,Sheikh Zayed Stadium,Abu Dhabi,Kolkata Knight Riders,Kings XI Punjab,Kolkata Knight Riders,field,Kings XI Punjab,23,,Sandeep Sharma,HDPK Dharmasena,RK Illingworth,
729309,2014,27-04-2014,Sharjah Cricket Stadium,,Delhi Daredevils,Mumbai Indians,Mumbai Indians,bat,Delhi Daredevils,,6,M Vijay,Aleem Dar,VA Kulkarni,
729311,2014,27-04-2014,Sharjah Cricket Stadium,,Sunrisers Hyderabad,Chennai Super Kings,Sunrisers Hyderabad,bat,Chennai Super Kings,,5,DR Smith,AK Chaudhary,VA Kulkarni,
729313,2014,28-04-2014,Dubai International Cricket Stadium,,Kings XI Punjab,Royal Challengers Bangalore,Kings XI Punjab,field,Kings XI Punjab,,5,Sandeep Sharma,BF Bowden,S Ravi,
729315,2014,29-04-2014,Sheikh Zayed Stadium,Abu Dhabi,Kolkata Knight Riders,Rajasthan Royals,Rajasthan Royals,bat,,,,JP Faulkner,Aleem Dar,AK Chaudhary,
729317,2014,30-04-2014,Dubai International Cricket Stadium,,Mumbai Indians,Sunrisers Hyderabad,Mumbai Indians,field,Sunrisers Hyderabad,15,,B Kumar,HDPK Dharmasena,M Erasmus,
733971,2014,02-05-2014,JSCA International Stadium Complex,Ranchi,Chennai Super Kings,Kolkata Knight Riders,Chennai Super Kings,bat,Chennai Super Kings,34,,RA Jadeja,AK Chaudhary,NJ Llong,
733973,2014,03-05-2014,Wankhede Stadium,Mumbai,Mumbai Indians,Kings XI Punjab,Kings XI Punjab,bat,Mumbai Indians,,5,CJ Anderson,BNJ Oxenford,C Shamshuddin,
733975,2014,03-05-2014,Feroz Shah Kotla,Delhi,Delhi Daredevils,Rajasthan Royals,Rajasthan Royals,field,Rajasthan Royals,,7,KK Nair,SS Hazare,S Ravi,
733977,2014,04-05-2014,M Chinnaswamy Stadium,Bangalore,Royal Challengers Bangalore,Sunrisers Hyderabad,Royal Challengers Bangalore,field,Royal Challengers Bangalore,,4,AB de Villiers,HDPK Dharmasena,VA Kulkarni,
733979,2014,05-05-2014,"Sardar Patel Stadium, Motera",Ahmedabad,Rajasthan Royals,Kolkata Knight Riders,Kolkata Knight Riders,field,Rajasthan Royals,10,,PV Tambe,NJ Llong,CK Nandan,
733981,2014,05-05-2014,Feroz Shah Kotla,Delhi,Delhi Daredevils,Chennai Super Kings,Chennai Super Kings,field,Chennai Super Kings,,8,DR Smith,RM Deshpande,BNJ Oxenford,
733983,2014,06-05-2014,Wankhede Stadium,Mumbai,Mumbai Indians,Royal Challengers Bangalore,Royal Challengers Bangalore,field,Mumbai Indians,19,,RG Sharma,S Ravi,K Srinath,
733985,2014,07-05-2014,Feroz Shah Kotla,Delhi,Delhi Daredevils,Kolkata Knight Riders,Delhi Daredevils,bat,Kolkata Knight Riders,,8,G Gambhir,BNJ Oxenford,C Shamshuddin,
733987,2014,07-05-2014,Barabati Stadium,Cuttack,Kings XI Punjab,Chennai Super Kings,Chennai Super Kings,field,Kings XI Punjab,44,,GJ Maxwell,HDPK Dharmasena,PG Pathak,
733989,2014,08-05-2014,"Sardar Patel Stadium, Motera",Ahmedabad,Rajasthan Royals,Sunrisers Hyderabad,Rajasthan Royals,field,Sunrisers Hyderabad,32,,B Kumar,AK Chaudhary,NJ Llong,
733991,2014,09-05-2014,M Chinnaswamy Stadium,Bangalore,Royal Challengers Bangalore,Kings XI Punjab,Royal Challengers Bangalore,field,Kings XI Punjab,32,,Sandeep Sharma,S Ravi,K Srinath,
733993,2014,10-05-2014,Feroz Shah Kotla,Delhi,Delhi Daredevils,Sunrisers Hyderabad,Sunrisers Hyderabad,field,Sunrisers Hyderabad,,8,DW Steyn,RM Deshpande,BNJ Oxenford,
733995,2014,10-05-2014,Wankhede Stadium,Mumbai,Mumbai Indians,Chennai Super Kings,Chennai Super Kings,field,Chennai Super Kings,,4,DR Smith,HDPK Dharmasena,VA Kulkarni,
733997,2014,11-05-2014,Barabati Stadium,Cuttack,Kings XI Punjab,Kolkata Knight Riders,Kolkata Knight Riders,field,Kolkata Knight Riders,,9,G Gambhir,NJ Llong,CK Nandan,
733999,2014,11-05-2014,M Chinnaswamy Stadium,Bangalore,Royal Challengers Bangalore,Rajasthan Royals,Royal Challengers Bangalore,bat,Rajasthan Royals,,5,JP Faulkner,S Ravi,RJ Tucker,
734001,2014,12-05-2014,"Rajiv Gandhi International Stadium, Uppal",Hyderabad,Sunrisers Hyderabad,Mumbai Indians,Sunrisers Hyderabad,bat,Mumbai Indians,,7,AT Rayudu,HDPK Dharmasena,VA Kulkarni,
734003,2014,13-05-2014,JSCA International Stadium Complex,Ranchi,Chennai Super Kings,Rajasthan Royals,Rajasthan Royals,bat,Chennai Super Kings,,5,RA Jadeja,BNJ Oxenford,C Shamshuddin,
734005,2014,13-05-2014,M Chinnaswamy Stadium,Bangalore,Royal Challengers Bangalore,Delhi Daredevils,Delhi Daredevils,field,Royal Challengers Bangalore,16,,Yuvraj Singh,K Srinath,RJ Tucker,
734007,2014,14-05-2014,"Rajiv Gandhi International Stadium, Uppal",Hyderabad,Sunrisers Hyderabad,Kings XI Punjab,Kings XI Punjab,field,Kings XI Punjab,,6,WP Saha,VA Kulkarni,PG Pathak,
734009,2014,14-05-2014,Barabati Stadium,Cuttack,Kolkata Knight Riders,Mumbai Indians,Kolkata Knight Riders,field,Kolkata Knight Riders,,6,RV Uthappa,AK Chaudhary,NJ Llong,
734011,2014,15-05-2014,"Sardar Patel Stadium, Motera",Ahmedabad,Rajasthan Royals,Delhi Daredevils,Delhi Daredevils,field,Rajasthan Royals,62,,AM Rahane,S Ravi,RJ Tucker,
734013,2014,18-05-2014,JSCA International Stadium Complex,Ranchi,Chennai Super Kings,Royal Challengers Bangalore,Chennai Super Kings,bat,Royal Challengers Bangalore,,5,AB de Villiers,BNJ Oxenford,C Shamshuddin,
734015,2014,18-05-2014,"Rajiv Gandhi International Stadium, Uppal",Hyderabad,Sunrisers Hyderabad,Kolkata Knight Riders,Sunrisers Hyderabad,bat,Kolkata Knight Riders,,7,UT Yadav,NJ Llong,CK Nandan,
734017,2014,19-05-2014,"Sardar Patel Stadium, Motera",Ahmedabad,Rajasthan Royals,Mumbai Indians,Mumbai Indians,bat,Mumbai Indians,25,,MEK Hussey,S Ravi,RJ Tucker,
734019,2014,19-05-2014,Feroz Shah Kotla,Delhi,Delhi Daredevils,Kings XI Punjab,Kings XI Punjab,field,Kings XI Punjab,,4,AR Patel,HDPK Dharmasena,PG Pathak,
734021,2014,20-05-2014,"Rajiv Gandhi International Stadium, Uppal",Hyderabad,Sunrisers Hyderabad,Royal Challengers Bangalore,Royal Challengers Bangalore,bat,Sunrisers Hyderabad,,7,DA Warner,AK Chaudhary,NJ Llong,
734023,2014,20-05-2014,Eden Gardens,Kolkata,Kolkata Knight Riders,Chennai Super Kings,Kolkata Knight Riders,field,Kolkata Knight Riders,,8,RV Uthappa,RM Deshpande,C Shamshuddin,
734025,2014,21-05-2014,"Punjab Cricket Association Stadium, Mohali",Chandigarh,Kings XI Punjab,Mumbai Indians,Mumbai Indians,field,Mumbai Indians,,7,LMP Simmons,HDPK Dharmasena,VA Kulkarni,
734027,2014,22-05-2014,Eden Gardens,Kolkata,Kolkata Knight Riders,Royal Challengers Bangalore,Royal Challengers Bangalore,field,Kolkata Knight Riders,30,,RV Uthappa,AK Chaudhary,CK Nandan,
734029,2014,22-05-2014,JSCA International Stadium Complex,Ranchi,Chennai Super Kings,Sunrisers Hyderabad,Sunrisers Hyderabad,field,Sunrisers Hyderabad,,6,DA Warner,BNJ Oxenford,C Shamshuddin,
734031,2014,23-05-2014,Wankhede Stadium,Mumbai,Mumbai Indians,Delhi Daredevils,Delhi Daredevils,field,Mumbai Indians,15,,MEK Hussey,S Ravi,RJ Tucker,
734033,2014,23-05-2014,"Punjab Cricket Association Stadium, Mohali",Chandigarh,Kings XI Punjab,Rajasthan Royals,Rajasthan Royals,field,Kings XI Punjab,16,,SE Marsh,HDPK Dharmasena,PG Pathak,
734035,2014,24-05-2014,M Chinnaswamy Stadium,Bangalore,Royal Challengers Bangalore,Chennai Super Kings,Chennai Super Kings,field,Chennai Super Kings,,8,MS Dhoni,AK Chaudhary,NJ Llong,
734037,2014,24-05-2014,Eden Gardens,Kolkata,Kolkata Knight Riders,Sunrisers Hyderabad,Kolkata Knight Riders,field,Kolkata Knight Riders,,4,YK Pathan,RM Deshpande,BNJ Oxenford,
734039,2014,25-05-2014,"Punjab Cricket Association Stadium, Mohali",Chandigarh,Kings XI Punjab,Delhi Daredevils,Kings XI Punjab,field,Kings XI Punjab,,7,M Vohra,HDPK Dharmasena,VA Kulkarni,
734041,2014,25-05-2014,Wankhede Stadium,Mumbai,Mumbai Indians,Rajasthan Royals,Mumbai Indians,field,Mumbai Indians,,5,CJ Anderson,K Srinath,RJ Tucker,
734043,2014,27-05-2014,Eden Gardens,Kolkata,Kings XI Punjab,Kolkata Knight Riders,Kings XI Punjab,field,Kolkata Knight Riders,28,,UT Yadav,NJ Llong,S Ravi,Qualifier 1
734045,2014,28-05-2014,Brabourne Stadium,Mumbai,Chennai Super Kings,Mumbai Indians,Chennai Super Kings,field,Chennai Super Kings,,7,SK Raina,VA Kulkarni,BNJ Oxenford,Eliminator
734047,2014,30-05-2014,Wankhede Stadium,Mumbai,Chennai Super Kings,Kings XI Punjab,Chennai Super Kings,field,Kings XI Punjab,24,,V Sehwag,HDPK Dharmasena,RJ Tucker,Qualifier 2
734049,2014,01-06-2014,M Chinnaswamy Stadium,Bangalore,Kolkata Knight Riders,Kings XI Punjab,Kolkata Knight Riders,field,Kolkata Knight Riders,,3,MK Pandey,HDPK Dharmasena,BNJ Oxenford,Final
829705,2015,08-04-2015,Eden Gardens,Kolkata,Kolkata Knight Riders,Mumbai Indians,Kolkata Knight Riders,field,Kolkata Knight Riders,,7,M Morkel,S Ravi,C Shamshuddin,
829707,2015,09-04-2015,"MA Chidambaram Stadium, Chepauk",Chennai,Chennai Super Kings,Delhi Daredevils,Delhi Daredevils,field,Chennai Super Kings,1,,A Nehra,RK Illingworth,VA Kulkarni,
829709,2015,10-04-2015,Maharashtra Cricket Association Stadium,Pune,Kings XI Punjab,Rajasthan Royals,Kings XI Punjab,field,Rajasthan Royals,26,,JP Faulkner,SD Fry,CB Gaffaney,
829711,2015,11-04-2015,"MA Chidambaram Stadium, Chepauk",Chennai,Chennai Super Kings,Sunrisers Hyderabad,Chennai Super Kings,bat,Chennai Super Kings,45,,BB McCullum,RK Illingworth,VA Kulkarni,
829713,2015,11-04-2015,Eden Gardens,Kolkata,Kolkata Knight Riders,Royal Challengers Bangalore,Royal Challengers Bangalore,field,Royal Challengers Bangalore,,3,CH Gayle,S Ravi,C Shamshuddin,
829715,2015,12-04-2015,Feroz Shah Kotla,Delhi,Delhi Daredevils,Rajasthan Royals,Rajasthan Royals,field,Rajasthan Royals,,3,DJ Hooda,SD Fry,CB Gaffaney,
829717,2015,12-04-2015,Wankhede Stadium,Mumbai,Mumbai Indians,Kings XI Punjab,Mumbai Indians,field,Kings XI Punjab,18,,GJ Bailey,AK Chaudhary,K Srinivasan,
829719,2015,13-04-2015,M Chinnaswamy Stadium,Bangalore,Royal Challengers Bangalore,Sunrisers Hyderabad,Sunrisers Hyderabad,field,Sunrisers Hyderabad,,8,DA Warner,RM Deshpande,RK Illingworth,
829721,2015,14-04-2015,"Sardar Patel Stadium, Motera",Ahmedabad,Rajasthan Royals,Mumbai Indians,Mumbai Indians,bat,Rajasthan Royals,,7,SPD Smith,AK Chaudhary,SD Fry,
829723,2015,30-04-2015,Eden Gardens,Kolkata,Kolkata Knight Riders,Chennai Super Kings,Kolkata Knight Riders,field,Kolkata Knight Riders,,7,AD Russell,AK Chaudhary,M Erasmus,
829725,2015,15-04-2015,Maharashtra Cricket Association Stadium,Pune,Kings XI Punjab,Delhi Daredevils,Kings XI Punjab,bat,Delhi Daredevils,,5,MA Agarwal,CB Gaffaney,K Srinath,
829727,2015,16-04-2015,Dr. Y.S. Rajasekhara Reddy ACA-VDCA Cricket Stadium,Visakhapatnam,Sunrisers Hyderabad,Rajasthan Royals,Rajasthan Royals,field,Rajasthan Royals,,6,AM Rahane,PG Pathak,S Ravi,
829729,2015,17-04-2015,Wankhede Stadium,Mumbai,Mumbai Indians,Chennai Super Kings,Mumbai Indians,bat,Chennai Super Kings,,6,A Nehra,AK Chaudhary,M Erasmus,
829731,2015,18-04-2015,Dr. Y.S. Rajasekhara Reddy ACA-VDCA Cricket Stadium,Visakhapatnam,Sunrisers Hyderabad,Delhi Daredevils,Delhi Daredevils,bat,Delhi Daredevils,4,,JP Duminy,PG Pathak,S Ravi,
829733,2015,18-04-2015,Maharashtra Cricket Association Stadium,Pune,Kings XI Punjab,Kolkata Knight Riders,Kolkata Knight Riders,field,Kolkata Knight Riders,,4,AD Russell,SD Fry,CK Nandan,
829735,2015,19-04-2015,"Sardar Patel Stadium, Motera",Ahmedabad,Rajasthan Royals,Chennai Super Kings,Chennai Super Kings,bat,Rajasthan Royals,,8,AM Rahane,AK Chaudhary,M Erasmus,
829737,2015,19-04-2015,M Chinnaswamy Stadium,Bangalore,Royal Challengers Bangalore,Mumbai Indians,Royal Challengers Bangalore,field,Mumbai Indians,18,,Harbhajan Singh,RK Illingworth,VA Kulkarni,
829739,2015,20-04-2015,Feroz Shah Kotla,Delhi,Delhi Daredevils,Kolkata Knight Riders,Kolkata Knight Riders,field,Kolkata Knight Riders,,6,UT Yadav,SD Fry,CB Gaffaney,
829741,2015,21-04-2015,"Sardar Patel Stadium, Motera",Ahmedabad,Rajasthan Royals,Kings XI Punjab,Kings XI Punjab,field,,,,SE Marsh,M Erasmus,S Ravi,
829743,2015,22-04-2015,Dr. Y.S. Rajasekhara Reddy ACA-VDCA Cricket Stadium,Visakhapatnam,Sunrisers Hyderabad,Kolkata Knight Riders,Kolkata Knight Riders,field,Sunrisers Hyderabad,16,,DA Warner,RK Illingworth,VA Kulkarni,
829745,2015,22-04-2015,M Chinnaswamy Stadium,Bangalore,Royal Challengers Bangalore,Chennai Super Kings,Royal Challengers Bangalore,field,Chennai Super Kings,27,,SK Raina,JD Cloete,C Shamshuddin,
829747,2015,23-04-2015,Feroz Shah Kotla,Delhi,Delhi Daredevils,Mumbai Indians,Mumbai Indians,field,Delhi Daredevils,37,,SS Iyer,SD Fry,CK Nandan,
829749,2015,24-04-2015,"Sardar Patel Stadium, Motera",Ahmedabad,Rajasthan Royals,Royal Challengers Bangalore,Royal Challengers Bangalore,field,Royal Challengers Bangalore,,9,MA Starc,M Erasmus,S Ravi,
829751,2015,25-04-2015,Wankhede Stadium,Mumbai,Mumbai Indians,Sunrisers Hyderabad,Mumbai Indians,bat,Mumbai Indians,20,,SL Malinga,HDPK Dharmasena,CB Gaffaney,
829753,2015,25-04-2015,"MA Chidambaram Stadium, Chepauk",Chennai,Chennai Super Kings,Kings XI Punjab,Chennai Super Kings,bat,Chennai Super Kings,97,,BB McCullum,JD Cloete,C Shamshuddin,
829757,2015,26-04-2015,Feroz Shah Kotla,Delhi,Delhi Daredevils,Royal Challengers Bangalore,Royal Challengers Bangalore,field,Royal Challengers Bangalore,,10,VR Aaron,M Erasmus,S Ravi,
829759,2015,27-04-2015,"Punjab Cricket Association Stadium, Mohali",Chandigarh,Kings XI Punjab,Sunrisers Hyderabad,Kings XI Punjab,field,Sunrisers Hyderabad,20,,TA Boult,HDPK Dharmasena,CB Gaffaney,
829761,2015,07-05-2015,Eden Gardens,Kolkata,Kolkata Knight Riders,Delhi Daredevils,Kolkata Knight Riders,bat,Kolkata Knight Riders,13,,PP Chawla,AK Chaudhary,M Erasmus,
829763,2015,29-04-2015,M Chinnaswamy Stadium,Bangalore,Royal Challengers Bangalore,Rajasthan Royals,Rajasthan Royals,field,,,,,JD Cloete,PG Pathak,
829765,2015,28-04-2015,"MA Chidambaram Stadium, Chepauk",Chennai,Chennai Super Kings,Kolkata Knight Riders,Kolkata Knight Riders,field,Chennai Super Kings,2,,DJ Bravo,RM Deshpande,VA Kulkarni,
829767,2015,01-05-2015,Feroz Shah Kotla,Delhi,Delhi Daredevils,Kings XI Punjab,Delhi Daredevils,field,Delhi Daredevils,,9,NM Coulter-Nile,RK Illingworth,S Ravi,
829769,2015,01-05-2015,Wankhede Stadium,Mumbai,Mumbai Indians,Rajasthan Royals,Rajasthan Royals,field,Mumbai Indians,8,,AT Rayudu,HDPK Dharmasena,CK Nandan,
829771,2015,02-05-2015,M Chinnaswamy Stadium,Bangalore,Royal Challengers Bangalore,Kolkata Knight Riders,Royal Challengers Bangalore,field,Royal Challengers Bangalore,,7,Mandeep Singh,JD Cloete,PG Pathak,
829773,2015,02-05-2015,"Rajiv Gandhi International Stadium, Uppal",Hyderabad,Sunrisers Hyderabad,Chennai Super Kings,Chennai Super Kings,field,Sunrisers Hyderabad,22,,DA Warner,AK Chaudhary,K Srinivasan,
829775,2015,03-05-2015,"Punjab Cricket Association Stadium, Mohali",Chandigarh,Kings XI Punjab,Mumbai Indians,Mumbai Indians,bat,Mumbai Indians,23,,LMP Simmons,RK Illingworth,VA Kulkarni,
829777,2015,03-05-2015,Brabourne Stadium,Mumbai,Rajasthan Royals,Delhi Daredevils,Delhi Daredevils,field,Rajasthan Royals,14,,AM Rahane,HDPK Dharmasena,CB Gaffaney,
829779,2015,04-05-2015,"MA Chidambaram Stadium, Chepauk",Chennai,Chennai Super Kings,Royal Challengers Bangalore,Chennai Super Kings,bat,Chennai Super Kings,24,,SK Raina,C Shamshuddin,K Srinath,
829781,2015,04-05-2015,Eden Gardens,Kolkata,Kolkata Knight Riders,Sunrisers Hyderabad,Sunrisers Hyderabad,field,Kolkata Knight Riders,35,,UT Yadav,AK Chaudhary,M Erasmus,
829783,2015,05-05-2015,Wankhede Stadium,Mumbai,Mumbai Indians,Delhi Daredevils,Delhi Daredevils,bat,Mumbai Indians,,5,Harbhajan Singh,HDPK Dharmasena,CB Gaffaney,
829785,2015,06-05-2015,M Chinnaswamy Stadium,Bangalore,Royal Challengers Bangalore,Kings XI Punjab,Kings XI Punjab,field,Royal Challengers Bangalore,138,,CH Gayle,RK Illingworth,VA Kulkarni,
829787,2015,07-05-2015,Brabourne Stadium,Mumbai,Rajasthan Royals,Sunrisers Hyderabad,Rajasthan Royals,field,Sunrisers Hyderabad,7,,EJG Morgan,JD Cloete,C Shamshuddin,
829789,2015,08-05-2015,"MA Chidambaram Stadium, Chepauk",Chennai,Chennai Super Kings,Mumbai Indians,Chennai Super Kings,bat,Mumbai Indians,,6,HH Pandya,CB Gaffaney,CK Nandan,
829791,2015,09-05-2015,Eden Gardens,Kolkata,Kolkata Knight Riders,Kings XI Punjab,Kings XI Punjab,bat,Kolkata Knight Riders,,1,AD Russell,AK Chaudhary,HDPK Dharmasena,
829793,2015,09-05-2015,Shaheed Veer Narayan Singh International Stadium,Raipur,Delhi Daredevils,Sunrisers Hyderabad,Sunrisers Hyderabad,bat,Sunrisers Hyderabad,6,,MC Henriques,VA Kulkarni,S Ravi,
829795,2015,10-05-2015,Wankhede Stadium,Mumbai,Mumbai Indians,Royal Challengers Bangalore,Royal Challengers Bangalore,bat,Royal Challengers Bangalore,39,,AB de Villiers,JD Cloete,C Shamshuddin,
829797,2015,10-05-2015,"MA Chidambaram Stadium, Chepauk",Chennai,Chennai Super Kings,Rajasthan Royals,Chennai Super Kings,bat,Chennai Super Kings,12,,RA Jadeja,M Erasmus,CK Nandan,
829799,2015,11-05-2015,"Rajiv Gandhi International Stadium, Uppal",Hyderabad,Sunrisers Hyderabad,Kings XI Punjab,Sunrisers Hyderabad,bat,Sunrisers Hyderabad,5,,DA Warner,AK Chaudhary,HDPK Dharmasena,
829801,2015,12-05-2015,Shaheed Veer Narayan Singh International Stadium,Raipur,Delhi Daredevils,Chennai Super Kings,Chennai Super Kings,bat,Delhi Daredevils,,6,Z Khan,RK Illingworth,VA Kulkarni,
829803,2015,13-05-2015,"Punjab Cricket Association Stadium, Mohali",Chandigarh,Kings XI Punjab,Royal Challengers Bangalore,Royal Challengers Bangalore,field,Kings XI Punjab,22,,AR Patel,JD Cloete,C Shamshuddin,
829805,2015,14-05-2015,Wankhede Stadium,Mumbai,Mumbai Indians,Kolkata Knight Riders,Kolkata Knight Riders,field,Mumbai Indians,5,,HH Pandya,RK Illingworth,VA Kulkarni,
829807,2015,15-05-2015,"Rajiv Gandhi International Stadium, Uppal",Hyderabad,Sunrisers Hyderabad,Royal Challengers Bangalore,Sunrisers Hyderabad,bat,Royal Challengers Bangalore,,6,V Kohli,AK Chaudhary,HDPK Dharmasena,
829809,2015,16-05-2015,"Punjab Cricket Association Stadium, Mohali",Chandigarh,Kings XI Punjab,Chennai Super Kings,Kings XI Punjab,bat,Chennai Super Kings,,7,P Negi,CK Nandan,C Shamshuddin,
829811,2015,16-05-2015,Brabourne Stadium,Mumbai,Rajasthan Royals,Kolkata Knight Riders,Rajasthan Royals,bat,Rajasthan Royals,9,,SR Watson,RM Deshpande,RK Illingworth,
829813,2015,17-05-2015,M Chinnaswamy Stadium,Bangalore,Royal Challengers Bangalore,Delhi Daredevils,Royal Challengers Bangalore,field,,,,,HDPK Dharmasena,K Srinivasan,
829815,2015,17-05-2015,"Rajiv Gandhi International Stadium, Uppal",Hyderabad,Sunrisers Hyderabad,Mumbai Indians,Sunrisers Hyderabad,bat,Mumbai Indians,,9,MJ McClenaghan,CB Gaffaney,K Srinath,
829817,2015,19-05-2015,Wankhede Stadium,Mumbai,Chennai Super Kings,Mumbai Indians,Mumbai Indians,bat,Mumbai Indians,25,,KA Pollard,HDPK Dharmasena,RK Illingworth,Qualifier 1
829819,2015,20-05-2015,Maharashtra Cricket Association Stadium,Pune,Royal Challengers Bangalore,Rajasthan Royals,Royal Challengers Bangalore,bat,Royal Challengers Bangalore,71,,AB de Villiers,AK Chaudhary,C Shamshuddin,Eliminator
829821,2015,22-05-2015,JSCA International Stadium Complex,Ranchi,Chennai Super Kings,Royal Challengers Bangalore,Chennai Super Kings,field,Chennai Super Kings,,3,A Nehra,AK Chaudhary,CB Gaffaney,Qualifier 2
829823,2015,24-05-2015,Eden Gardens,Kolkata,Mumbai Indians,Chennai Super Kings,Chennai Super Kings,field,Mumbai Indians,41,,RG Sharma,HDPK Dharmasena,RK Illingworth,Final
980901,2016,09-04-2016,Wankhede Stadium,Mumbai,Mumbai Indians,Rising Pune Supergiants,Mumbai Indians,bat,Rising Pune Supergiants,,9,AM Rahane,HDPK Dharmasena,CK Nandan,
980903,2016,10-04-2016,Eden Gardens,Kolkata,Kolkata Knight Riders,Delhi Daredevils,Kolkata Knight Riders,field,Kolkata Knight Riders,,9,AD Russell,S Ravi,C Shamshuddin,
980905,2016,11-04-2016,"Punjab Cricket Association IS Bindra Stadium, Mohali",Chandigarh,Kings XI Punjab,Gujarat Lions,Gujarat Lions,field,Gujarat Lions,,5,AJ Finch,AK Chaudhary,VA Kulkarni,
980907,2016,12-04-2016,M Chinnaswamy Stadium,Bangalore,Royal Challengers Bangalore,Sunrisers Hyderabad,Sunrisers Hyderabad,field,Royal Challengers Bangalore,45,,AB de Villiers,HDPK Dharmasena,VK Sharma,
980909,2016,13-04-2016,Eden Gardens,Kolkata,Kolkata Knight Riders,Mumbai Indians,Mumbai Indians,field,Mumbai Indians,,6,RG Sharma,Nitin Menon,S Ravi,
980911,2016,14-04-2016,Saurashtra Cricket Association Stadium,Rajkot,Gujarat Lions,Rising Pune Supergiants,Rising Pune Supergiants,bat,Gujarat Lions,,7,AJ Finch,VA Kulkarni,CK Nandan,
980913,2016,15-04-2016,Feroz Shah Kotla,Delhi,Delhi Daredevils,Kings XI Punjab,Delhi Daredevils,field,Delhi Daredevils,,8,A Mishra,S Ravi,C Shamshuddin,
980915,2016,16-04-2016,"Rajiv Gandhi International Stadium, Uppal",Hyderabad,Sunrisers Hyderabad,Kolkata Knight Riders,Sunrisers Hyderabad,bat,Kolkata Knight Riders,,8,G Gambhir,AK Chaudhary,CK Nandan,
980917,2016,16-04-2016,Wankhede Stadium,Mumbai,Mumbai Indians,Gujarat Lions,Gujarat Lions,field,Gujarat Lions,,3,AJ Finch,HDPK Dharmasena,VK Sharma,
980919,2016,17-04-2016,"Punjab Cricket Association IS Bindra Stadium, Mohali",Chandigarh,Kings XI Punjab,Rising Pune Supergiants,Rising Pune Supergiants,bat,Kings XI Punjab,,6,M Vohra,S Ravi,C Shamshuddin,
980921,2016,17-04-2016,M Chinnaswamy Stadium,Bangalore,Royal Challengers Bangalore,Delhi Daredevils,Delhi Daredevils,field,Delhi Daredevils,,7,Q de Kock,VA Kulkarni,A Nand Kishore,
980923,2016,18-04-2016,"Rajiv Gandhi International Stadium, Uppal",Hyderabad,Sunrisers Hyderabad,Mumbai Indians,Sunrisers Hyderabad,field,Sunrisers Hyderabad,,7,DA Warner,HDPK Dharmasena,VK Sharma,
980925,2016,19-04-2016,"Punjab Cricket Association IS Bindra Stadium, Mohali",Chandigarh,Kings XI Punjab,Kolkata Knight Riders,Kolkata Knight Riders,field,Kolkata Knight Riders,,6,RV Uthappa,S Ravi,C Shamshuddin,
980927,2016,20-04-2016,Wankhede Stadium,Mumbai,Mumbai Indians,Royal Challengers Bangalore,Mumbai Indians,field,Mumbai Indians,,6,RG Sharma,AK Chaudhary,CK Nandan,
980929,2016,21-04-2016,Saurashtra Cricket Association Stadium,Rajkot,Gujarat Lions,Sunrisers Hyderabad,Sunrisers Hyderabad,field,Sunrisers Hyderabad,,10,B Kumar,K Bharatan,HDPK Dharmasena,
980931,2016,22-04-2016,Maharashtra Cricket Association Stadium,Pune,Rising Pune Supergiants,Royal Challengers Bangalore,Rising Pune Supergiants,field,Royal Challengers Bangalore,13,,AB de Villiers,CB Gaffaney,VK Sharma,
980933,2016,23-04-2016,Feroz Shah Kotla,Delhi,Delhi Daredevils,Mumbai Indians,Mumbai Indians,field,Delhi Daredevils,10,,SV Samson,S Ravi,C Shamshuddin,
980935,2016,23-04-2016,"Rajiv Gandhi International Stadium, Uppal",Hyderabad,Sunrisers Hyderabad,Kings XI Punjab,Sunrisers Hyderabad,field,Sunrisers Hyderabad,,5,Mustafizur Rahman,AK Chaudhary,CK Nandan,
980937,2016,24-04-2016,Saurashtra Cricket Association Stadium,Rajkot,Gujarat Lions,Royal Challengers Bangalore,Royal Challengers Bangalore,bat,Gujarat Lions,,6,V Kohli,K Bharatan,BNJ Oxenford,
980939,2016,24-04-2016,Maharashtra Cricket Association Stadium,Pune,Rising Pune Supergiants,Kolkata Knight Riders,Kolkata Knight Riders,field,Kolkata Knight Riders,,2,SA Yadav,CB Gaffaney,A Nand Kishore,
980941,2016,25-04-2016,"Punjab Cricket Association IS Bindra Stadium, Mohali",Chandigarh,Kings XI Punjab,Mumbai Indians,Kings XI Punjab,field,Mumbai Indians,25,,PA Patel,Nitin Menon,RJ Tucker,
980943,2016,26-04-2016,"Rajiv Gandhi International Stadium, Uppal",Hyderabad,Sunrisers Hyderabad,Rising Pune Supergiants,Rising Pune Supergiants,field,Rising Pune Supergiants,34,,AB Dinda,AY Dandekar,CK Nandan,
980945,2016,27-04-2016,Feroz Shah Kotla,Delhi,Delhi Daredevils,Gujarat Lions,Delhi Daredevils,field,Gujarat Lions,1,,CH Morris,M Erasmus,S Ravi,
980947,2016,28-04-2016,Wankhede Stadium,Mumbai,Mumbai Indians,Kolkata Knight Riders,Mumbai Indians,field,Mumbai Indians,,6,RG Sharma,Nitin Menon,RJ Tucker,
980949,2016,29-04-2016,Maharashtra Cricket Association Stadium,Pune,Rising Pune Supergiants,Gujarat Lions,Gujarat Lions,field,Gujarat Lions,,3,DR Smith,CB Gaffaney,BNJ Oxenford,
980951,2016,30-04-2016,Feroz Shah Kotla,Delhi,Delhi Daredevils,Kolkata Knight Riders,Kolkata Knight Riders,field,Delhi Daredevils,27,,CR Brathwaite,KN Ananthapadmanabhan,M Erasmus,
980953,2016,30-04-2016,"Rajiv Gandhi International Stadium, Uppal",Hyderabad,Sunrisers Hyderabad,Royal Challengers Bangalore,Royal Challengers Bangalore,field,Sunrisers Hyderabad,15,,DA Warner,AK Chaudhary,HDPK Dharmasena,
980955,2016,01-05-2016,Saurashtra Cricket Association Stadium,Rajkot,Gujarat Lions,Kings XI Punjab,Gujarat Lions,field,Kings XI Punjab,23,,AR Patel,BNJ Oxenford,VK Sharma,
980957,2016,01-05-2016,Maharashtra Cricket Association Stadium,Pune,Rising Pune Supergiants,Mumbai Indians,Mumbai Indians,field,Mumbai Indians,,8,RG Sharma,AY Dandekar,RJ Tucker,
980959,2016,02-05-2016,M Chinnaswamy Stadium,Bangalore,Royal Challengers Bangalore,Kolkata Knight Riders,Kolkata Knight Riders,field,Kolkata Knight Riders,,5,AD Russell,M Erasmus,S Ravi,
980961,2016,03-05-2016,Saurashtra Cricket Association Stadium,Rajkot,Gujarat Lions,Delhi Daredevils,Delhi Daredevils,field,Delhi Daredevils,,8,RR Pant,CB Gaffaney,BNJ Oxenford,
980963,2016,04-05-2016,Eden Gardens,Kolkata,Kolkata Knight Riders,Kings XI Punjab,Kings XI Punjab,field,Kolkata Knight Riders,7,,AD Russell,AK Chaudhary,HDPK Dharmasena,
980965,2016,05-05-2016,Feroz Shah Kotla,Delhi,Delhi Daredevils,Rising Pune Supergiants,Rising Pune Supergiants,field,Rising Pune Supergiants,,7,AM Rahane,C Shamshuddin,RJ Tucker,
980967,2016,06-05-2016,"Rajiv Gandhi International Stadium, Uppal",Hyderabad,Sunrisers Hyderabad,Gujarat Lions,Sunrisers Hyderabad,field,Sunrisers Hyderabad,,5,B Kumar,M Erasmus,S Ravi,
980969,2016,07-05-2016,M Chinnaswamy Stadium,Bangalore,Royal Challengers Bangalore,Rising Pune Supergiants,Royal Challengers Bangalore,field,Royal Challengers Bangalore,,7,V Kohli,CB Gaffaney,BNJ Oxenford,
980971,2016,07-05-2016,"Punjab Cricket Association IS Bindra Stadium, Mohali",Chandigarh,Kings XI Punjab,Delhi Daredevils,Delhi Daredevils,field,Kings XI Punjab,9,,MP Stoinis,HDPK Dharmasena,CK Nandan,
980973,2016,08-05-2016,Dr. Y.S. Rajasekhara Reddy ACA-VDCA Cricket Stadium,Visakhapatnam,Mumbai Indians,Sunrisers Hyderabad,Mumbai Indians,field,Sunrisers Hyderabad,85,,A Nehra,S Ravi,C Shamshuddin,
980975,2016,08-05-2016,Eden Gardens,Kolkata,Kolkata Knight Riders,Gujarat Lions,Gujarat Lions,field,Gujarat Lions,,5,P Kumar,M Erasmus,RJ Tucker,
980977,2016,09-05-2016,"Punjab Cricket Association IS Bindra Stadium, Mohali",Chandigarh,Kings XI Punjab,Royal Challengers Bangalore,Kings XI Punjab,field,Royal Challengers Bangalore,1,,SR Watson,AK Chaudhary,HDPK Dharmasena,
980979,2016,10-05-2016,Dr. Y.S. Rajasekhara Reddy ACA-VDCA Cricket Stadium,Visakhapatnam,Rising Pune Supergiants,Sunrisers Hyderabad,Sunrisers Hyderabad,bat,Sunrisers Hyderabad,4,,A Zampa,CB Gaffaney,VK Sharma,
980981,2016,11-05-2016,M Chinnaswamy Stadium,Bangalore,Royal Challengers Bangalore,Mumbai Indians,Mumbai Indians,field,Mumbai Indians,,6,KH Pandya,AY Dandekar,C Shamshuddin,
980983,2016,12-05-2016,"Rajiv Gandhi International Stadium, Uppal",Hyderabad,Sunrisers Hyderabad,Delhi Daredevils,Delhi Daredevils,field,Delhi Daredevils,,7,CH Morris,K Bharatan,M Erasmus,
980985,2016,13-05-2016,Dr. Y.S. Rajasekhara Reddy ACA-VDCA Cricket Stadium,Visakhapatnam,Mumbai Indians,Kings XI Punjab,Mumbai Indians,bat,Kings XI Punjab,,7,MP Stoinis,HDPK Dharmasena,CK Nandan,
980987,2016,14-05-2016,M Chinnaswamy Stadium,Bangalore,Royal Challengers Bangalore,Gujarat Lions,Gujarat Lions,field,Royal Challengers Bangalore,144,,AB de Villiers,AY Dandekar,VK Sharma,
980989,2016,14-05-2016,Eden Gardens,Kolkata,Kolkata Knight Riders,Rising Pune Supergiants,Rising Pune Supergiants,bat,Kolkata Knight Riders,,8,YK Pathan,A Nand Kishore,BNJ Oxenford,
980991,2016,15-05-2016,"Punjab Cricket Association IS Bindra Stadium, Mohali",Chandigarh,Kings XI Punjab,Sunrisers Hyderabad,Kings XI Punjab,bat,Sunrisers Hyderabad,,7,HM Amla,KN Ananthapadmanabhan,M Erasmus,
980993,2016,15-05-2016,Dr. Y.S. Rajasekhara Reddy ACA-VDCA Cricket Stadium,Visakhapatnam,Mumbai Indians,Delhi Daredevils,Delhi Daredevils,field,Mumbai Indians,80,,KH Pandya,Nitin Menon,CK Nandan,
980995,2016,16-05-2016,Eden Gardens,Kolkata,Kolkata Knight Riders,Royal Challengers Bangalore,Royal Challengers Bangalore,field,Royal Challengers Bangalore,,9,V Kohli,CB Gaffaney,A Nand Kishore,
980997,2016,17-05-2016,Dr. Y.S. Rajasekhara Reddy ACA-VDCA Cricket Stadium,Visakhapatnam,Rising Pune Supergiants,Delhi Daredevils,Rising Pune Supergiants,field,Rising Pune Supergiants,19,,AB Dinda,Nitin Menon,C Shamshuddin,
980999,2016,18-05-2016,M Chinnaswamy Stadium,Bangalore,Royal Challengers Bangalore,Kings XI Punjab,Kings XI Punjab,field,Royal Challengers Bangalore,82,,V Kohli,KN Ananthapadmanabhan,M Erasmus,
981001,2016,19-05-2016,Green Park,Kanpur,Gujarat Lions,Kolkata Knight Riders,Gujarat Lions,field,Gujarat Lions,,6,DR Smith,AK Chaudhary,CK Nandan,
981003,2016,20-05-2016,Shaheed Veer Narayan Singh International Stadium,Raipur,Delhi Daredevils,Sunrisers Hyderabad,Delhi Daredevils,field,Delhi Daredevils,,6,KK Nair,A Nand Kishore,BNJ Oxenford,
981005,2016,21-05-2016,Dr. Y.S. Rajasekhara Reddy ACA-VDCA Cricket Stadium,Visakhapatnam,Rising Pune Supergiants,Kings XI Punjab,Kings XI Punjab,bat,Rising Pune Supergiants,,4,MS Dhoni,HDPK Dharmasena,Nitin Menon,
981007,2016,21-05-2016,Green Park,Kanpur,Gujarat Lions,Mumbai Indians,Gujarat Lions,field,Gujarat Lions,,6,SK Raina,AK Chaudhary,CK Nandan,
981009,2016,22-05-2016,Eden Gardens,Kolkata,Kolkata Knight Riders,Sunrisers Hyderabad,Sunrisers Hyderabad,field,Kolkata Knight Riders,22,,YK Pathan,KN Ananthapadmanabhan,M Erasmus,
981011,2016,22-05-2016,Shaheed Veer Narayan Singh International Stadium,Raipur,Delhi Daredevils,Royal Challengers Bangalore,Royal Challengers Bangalore,field,Royal Challengers Bangalore,,6,V Kohli,A Nand Kishore,BNJ Oxenford,
981013,2016,24-05-2016,M Chinnaswamy Stadium,Bangalore,Gujarat Lions,Royal Challengers Bangalore,Royal Challengers Bangalore,field,Royal Challengers Bangalore,,4,AB de Villiers,AK Chaudhary,HDPK Dharmasena,Qualifier 1
981015,2016,25-05-2016,Feroz Shah Kotla,Delhi,Sunrisers Hyderabad,Kolkata Knight Riders,Kolkata Knight Riders,field,Sunrisers Hyderabad,22,,MC Henriques,M Erasmus,C Shamshuddin,Elimination Final
981017,2016,27-05-2016,Feroz Shah Kotla,Delhi,Gujarat Lions,Sunrisers Hyderabad,Sunrisers Hyderabad,field,Sunrisers Hyderabad,,4,DA Warner,M Erasmus,CK Nandan,Qualifier 2
981019,2016,29-05-2016,M Chinnaswamy Stadium,Bangalore,Royal Challengers Bangalore,Sunrisers Hyderabad,Sunrisers Hyderabad,bat,Sunrisers Hyderabad,8,,BCJ Cutting,HDPK Dharmasena,BNJ Oxenford,Final
