player,season,matches,runs,balls_faced,strike_rate,wickets,overs_bowled,economy,catches,run_outs
SE Marsh,2007/08,11,616,441,139.68,0,0,,3,1
G Gambhir,2007/08,14,534,379,140.9,0,0,,2,0
ST Jayasuriya,2007/08,14,514,309,166.34,4,21,7.57,2,1
SR Watson,2007/08,15,472,311,151.77,17,54.1,7.07,1,0
GC Smith,2007/08,11,441,362,121.82,0,0,,2,0
AC Gilchrist,2007/08,14,436,318,137.11,0,0,,6,1
YK Pathan,2007/08,15,435,243,179.01,8,28.1,8.17,3,2
SK Raina,2007/08,14,421,295,142.71,1,3.2,9,10,2
MS Dhoni,2007/08,14,414,310,133.55,0,0,,6,2
V Sehwag,2007/08,14,406,220,184.55,3,11,12.09,3,5
RG Sharma,2007/08,12,404,273,147.99,1,4,6.25,8,0
R Dravid,2007/08,14,371,298,124.5,0,0,,2,1
SC Ganguly,2007/08,13,349,307,113.68,6,20,6.4,5,0
S Dhawan,2007/08,14,340,295,115.25,0,0,,8,0
KC Sangakkara,2007/08,9,320,198,161.62,0,0,,4,0
RV Uthappa,2007/08,14,320,279,114.7,0,0,,9,1
DJ Hussey,2007/08,13,319,259,123.17,2,13,10,5,0
SA Asnodkar,2007/08,9,311,233,133.48,0,0,,5,0
PA Patel,2007/08,13,302,297,101.68,0,0,,6,0
Yuvraj Singh,2007/08,14,299,184,162.5,3,9,9.22,7,3
Y Venugopal Rao,2007/08,10,288,210,137.14,2,14,9.79,0,0
JA Morkel,2007/08,13,241,163,147.85,17,48,8.31,3,0
MV Boucher,2007/08,10,225,177,127.12,0,0,,3,0
JR Hopes,2007/08,11,221,148,149.32,7,28,9.86,2,0
AM Nayar,2007/08,10,206,138,149.28,1,7,9.71,4,0
JH Kallis,2007/08,11,199,183,108.74,4,34.2,9.06,3,0
SP Fleming,2007/08,10,196,165,118.79,0,0,,2,0
Salman Butt,2007/08,7,193,161,119.88,0,0,,2,0
S Badrinath,2007/08,11,192,130,147.69,0,0,,5,2
ML Hayden,2007/08,4,189,131,144.27,0,0,,0,0
BB McCullum,2007/08,4,188,92,204.35,0,0,,1,0
SR Tendulkar,2007/08,7,188,177,106.21,0,0,,6,0
DPMD Jayawardene,2007/08,12,179,131,136.64,0,0,,3,1
DJ Bravo,2007/08,9,178,134,132.84,11,28.3,8.14,3,1
M Kaif,2007/08,14,176,171,102.92,0,0,,8,0
MEK Hussey,2007/08,3,168,100,168,0,0,,2,0
HH Gibbs,2007/08,9,167,153,109.15,0,0,,5,1
V Kohli,2007/08,12,165,157,105.1,2,7.4,7.96,2,0
LR Shukla,2007/08,12,163,122,133.61,6,12,10.33,2,1
A Symonds,2007/08,3,161,105,153.33,0,6.5,14.78,3,0
WP Saha,2007/08,10,159,119,133.61,0,0,,8,1
VVS Laxman,2007/08,6,155,132,117.42,0,0,,1,1
LA Pomersbach,2007/08,5,152,99,153.54,0,0,,1,0
LRPL Taylor,2007/08,4,149,81,183.95,0,0,,0,1
SM Pollock,2007/08,13,147,111,132.43,11,46,6.54,2,0
KD Karthik,2007/08,8,145,107,135.51,0,0,,6,1
S Vidyut,2007/08,8,145,109,133.03,1,2,11,1,0
RA Jadeja,2007/08,9,135,103,131.07,0,2.1,9.69,8,4
IK Pathan,2007/08,14,131,116,112.93,15,53,6.6,4,2
Kamran Akmal,2007/08,6,128,78,164.1,0,0,,5,0
MF Maharoof,2007/08,10,125,79,158.23,15,36,6.92,3,1
Misbah-ul-Haq,2007/08,8,117,81,144.44,0,0,,1,0
W Jaffer,2007/08,6,115,104,110.58,0,0,,3,1
CL White,2007/08,8,114,102,111.76,0,1,24,3,2
P Kumar,2007/08,13,112,98,114.29,11,44.4,8.19,2,0
SB Styris,2007/08,8,112,123,91.06,3,27,7.37,1,0
DB Ravi Teja,2007/08,6,109,82,132.93,1,2,9.5,2,0
MK Tiwary,2007/08,7,104,85,122.35,0,0,,3,1
TM Dilshan,2007/08,7,104,79,131.65,1,1,3,5,2
DB Das,2007/08,6,103,94,109.57,0,0,,0,1
NK Patel,2007/08,4,103,81,127.16,0,0,,2,0
SM Katich,2007/08,2,96,69,139.13,0,0,,0,0
AB de Villiers,2007/08,6,95,98,96.94,0,0,,5,1
PP Chawla,2007/08,15,90,59,152.54,17,46.5,8.31,5,1
SP Goswami,2007/08,3,82,85,96.47,0,0,,2,1
Shahid Afridi,2007/08,10,81,46,176.09,9,30,7.5,4,0
K Goel,2007/08,6,76,78,97.44,0,2,12.5,2,0
RR Sarwan,2007/08,4,73,75,97.33,0,0,,1,0
SK Warne,2007/08,15,70,59,118.64,19,52,7.77,3,1
YV Takawale,2007/08,4,70,65,107.69,0,0,,10,2
Mohammad Hafeez,2007/08,8,64,83,77.11,2,10,6.8,1,1
AB Agarkar,2007/08,9,54,46,117.39,8,26,7.96,0,1
Shoaib Malik,2007/08,5,52,47,110.64,2,8.3,10,6,0
AS Yadav,2007/08,6,49,39,125.64,0,0,,1,1
SB Bangar,2007/08,9,47,49,95.92,4,25,8.76,2,2
B Akhil,2007/08,7,46,31,148.39,2,17.2,7.73,3,0
DR Smith,2007/08,4,45,40,112.5,5,11,7.55,2,0
A Chopra,2007/08,5,42,52,80.77,0,0,,2,0
LPC Silva,2007/08,3,40,26,153.85,0,1,21,3,1
DJ Thornely,2007/08,4,39,53,73.58,3,7,5.71,2,0
RT Ponting,2007/08,4,39,53,73.58,0,0,,2,0
Umar Gul,2007/08,6,39,19,205.26,12,22.3,8.18,0,1
A Mishra,2007/08,6,37,42,88.1,11,19.5,6.96,0,0
Sohail Tanvir,2007/08,11,36,29,124.14,22,41.1,6.46,4,2
MS Gony,2007/08,16,35,23,152.17,17,60,7.38,1,1
L Ronchi,2007/08,4,34,32,106.25,0,0,,3,0
M Rawat,2007/08,7,34,39,87.18,0,0,,9,2
PR Shah,2007/08,4,34,35,97.14,0,0,,4,0
R Bhatia,2007/08,9,34,28,121.43,6,22,8.32,1,0
Z Khan,2007/08,11,34,43,79.07,14,42,8.5,1,1
D Salunkhe,2007/08,5,33,24,137.5,1,7.5,9.96,2,0
T Taibu,2007/08,3,31,26,119.23,0,0,,1,0
Harbhajan Singh,2007/08,3,30,17,176.47,5,10,8.2,1,2
M Kartik,2007/08,5,30,27,111.11,3,14.4,8.66,4,1
RR Powar,2007/08,5,28,21,133.33,3,12,7.58,2,0
RP Singh,2007/08,14,27,24,112.5,15,51.2,8.61,5,0
SS Tiwary,2007/08,2,26,20,130,0,0,,1,0
WA Mota,2007/08,2,26,27,96.3,1,3,12,2,0
R Vinay Kumar,2007/08,8,25,22,113.64,5,23,7.91,3,1
S Chanderpaul,2007/08,3,25,31,80.65,0,0,,0,0
MA Khote,2007/08,3,24,22,109.09,2,5,10.2,0,0
J Arunkumar,2007/08,3,23,23,100,0,0,,0,0
WPUJC Vaas,2007/08,5,21,18,116.67,5,17,8.53,0,0
B Chipli,2007/08,3,20,28,71.43,0,0,,2,0
DS Lehmann,2007/08,2,18,18,100,0,0,,0,0
JDP Oram,2007/08,4,18,12,150,3,16,9.31,2,0
SD Chitnis,2007/08,2,18,10,180,2,6,10,1,0
B Lee,2007/08,4,17,13,130.77,4,16,7,1,1
CK Kapugedera,2007/08,3,16,23,69.57,0,2.5,17.29,4,0
Joginder Sharma,2007/08,7,16,11,145.45,8,24.4,9.69,4,1
VY Mahesh,2007/08,11,15,27,55.56,16,42.1,8.77,5,0
A Kumble,2007/08,10,13,17,76.47,7,38.2,7.93,3,0
DT Patil,2007/08,2,13,13,100,0,0,,2,0
BJ Hodge,2007/08,3,12,17,70.59,0,0,,1,1
DNT Zoysa,2007/08,3,11,9,122.22,2,11,9,0,0
I Sharma,2007/08,13,11,11,100,7,42.1,7.8,2,0
M Ntini,2007/08,9,11,18,61.11,7,35,6.91,1,2
T Kohli,2007/08,2,10,15,66.67,0,0,,4,0
AA Noffke,2007/08,1,9,10,90,1,4,10,0,0
AD Mascarenhas,2007/08,1,9,8,112.5,2,4,7.25,0,0
RR Raje,2007/08,6,8,9,88.89,5,16.2,8.39,1,1
TM Srivastava,2007/08,2,8,10,80,0,0,,2,2
SB Joshi,2007/08,4,6,14,42.86,1,9.1,8.95,0,0
Pankaj Singh,2007/08,5,5,8,62.5,0,12,10.75,1,0
SK Trivedi,2007/08,15,5,12,41.67,13,48,8.31,2,1
AM Rahane,2007/08,2,4,17,23.53,0,0,,1,1
GD McGrath,2007/08,14,4,5,80,12,54,6.61,2,0
S Sohal,2007/08,2,4,8,50,0,0,,0,0
VRV Singh,2007/08,13,4,3,133.33,11,48,8.75,1,0
A Nehra,2007/08,14,3,13,23.08,12,44.5,7.76,7,0
D Kalyankrishna,2007/08,3,3,8,37.5,2,8,10.88,1,0
MK Pandey,2007/08,2,3,9,33.33,0,0,,0,1
Mohammad Asif,2007/08,8,3,6,50,8,32,9.25,0,0
Younis Khan,2007/08,1,3,7,42.86,0,0,,1,0
AB Dinda,2007/08,12,2,4,50,9,39,6.67,1,1
CRD Fernando,2007/08,5,2,1,200,10,20,8,1,0
DS Kulkarni,2007/08,10,2,16,12.5,11,29.3,8,2,1
DW Steyn,2007/08,10,2,5,40,10,38,6.63,4,1
H Das,2007/08,1,2,5,40,0,0,,0,0
PJ Sangwan,2007/08,7,2,5,40,5,24,8.96,1,1
PP Ojha,2007/08,12,2,4,50,11,37,7.81,3,0
Shoaib Akhtar,2007/08,3,2,7,28.57,5,7,7.71,0,0
VS Yeligati,2007/08,2,2,2,100,0,5,11.8,0,0
DP Vijaykumar,2007/08,9,1,1,100,4,25.2,7.86,0,0
Iqbal Abdulla,2007/08,1,1,2,50,0,3,7.33,0,0
PM Sarvesh Kumar,2007/08,2,1,2,50,1,5,8.4,0,0
S Anirudha,2007/08,1,1,7,14.29,0,0,,0,0
A Mukund,2007/08,1,0,1,0,0,0,,3,0
A Nel,2007/08,1,0,0,,1,3,10.33,0,0
Abdur Razzak,2007/08,1,0,2,0,0,2,14.5,0,0
B Geeves,2007/08,2,0,0,,1,8,11.38,3,0
BAW Mendis,2007/08,1,0,0,,1,4,6,0,0
DL Vettori,2007/08,2,0,0,,2,8,6.75,0,0
Gagandeep Singh,2007/08,4,0,0,,3,14,10.07,0,0
L Balaji,2007/08,9,0,4,0,11,33,8.67,1,0
M Manhas,2007/08,0,0,0,,0,0,,1,0
M Muralitharan,2007/08,15,0,3,0,11,58,6.97,4,0
MM Patel,2007/08,15,0,1,0,14,55,7.64,2,1
P Amarnath,2007/08,6,0,0,,7,22,10.73,2,0
S Sreesanth,2007/08,15,0,3,0,19,51.1,8.64,2,0
U Kaul,2007/08,1,0,1,0,0,0,,2,1
ML Hayden,2009,12,572,395,144.81,0,0,,5,1
AC Gilchrist,2009,16,495,325,152.31,0,0,,10,5
AB de Villiers,2009,13,465,355,130.99,0,0,,13,2
SK Raina,2009,14,434,308,140.91,7,27.4,5.93,7,1
TM Dilshan,2009,13,418,341,122.58,0,16,6.12,4,1
JP Duminy,2009,12,372,325,114.46,4,17.3,5.31,4,1
HH Gibbs,2009,14,371,331,112.08,0,0,,11,3
BJ Hodge,2009,12,365,310,117.74,7,20,8.05,2,1
SR Tendulkar,2009,13,364,303,120.13,0,6,9.67,6,1
RG Sharma,2009,16,362,315,114.92,11,23,7,4,1
JH Kallis,2009,15,361,332,108.73,6,46,7.67,5,0
Yuvraj Singh,2009,14,340,294,115.65,6,20,7.1,5,1
KC Sangakkara,2009,13,332,324,102.47,0,0,,6,2
MS Dhoni,2009,13,332,261,127.2,0,0,,4,0
RA Jadeja,2009,13,295,266,110.9,6,23.2,6.47,4,1
KD Karthik,2009,13,288,217,132.72,0,0,,12,3
BB McCullum,2009,13,286,240,119.17,0,0,,6,0
G Gambhir,2009,15,286,278,102.88,0,0,,2,0
LRPL Taylor,2009,11,280,208,134.62,0,1,13,3,0
R Dravid,2009,12,271,234,115.81,0,0,,2,1
YK Pathan,2009,13,261,187,139.57,7,35,6.94,2,1
A Symonds,2009,8,249,166,150,7,24,6.67,1,0
V Kohli,2009,13,246,219,112.33,0,6,7.67,9,2
TL Suman,2009,12,237,190,124.74,5,15,7.2,2,2
ST Jayasuriya,2009,12,221,192,115.1,7,19,8.58,2,0
DPMD Jayawardene,2009,10,219,165,132.73,0,0,,8,0
DJ Bravo,2009,11,218,203,107.39,11,33.1,7.81,6,3
DR Smith,2009,8,215,132,162.88,1,14,8.86,6,0
GC Smith,2009,12,212,216,98.15,0,0,,2,0
V Sehwag,2009,11,198,138,143.48,0,1,25,3,1
IK Pathan,2009,14,196,158,124.05,17,50.2,7.75,2,0
AM Nayar,2009,11,193,152,126.97,4,12,7,4,0
SC Ganguly,2009,11,189,207,91.3,2,12,8.08,3,0
CH Gayle,2009,7,184,148,124.32,1,18.5,7.65,5,0
S Badrinath,2009,11,177,164,107.93,0,0,,5,0
RV Uthappa,2009,13,175,170,102.94,0,0,,7,0
MK Pandey,2009,4,168,118,142.37,0,0,,4,0
NV Ojha,2009,8,168,144,116.67,0,0,,2,1
MN van Wyk,2009,5,167,132,126.52,0,0,,7,0
DA Warner,2009,7,163,132,123.48,0,0,,5,3
MV Boucher,2009,9,150,116,129.31,0,0,,7,1
SM Katich,2009,9,145,117,123.93,0,0,,2,2
AM Rahane,2009,7,144,123,117.07,1,1,5,1,0
PA Patel,2009,9,142,126,112.7,0,0,,3,0
RS Bopara,2009,5,138,119,115.97,0,1.2,3.75,1,0
K Goel,2009,8,124,133,93.23,0,8,7.62,5,0
Y Venugopal Rao,2009,12,124,114,108.77,4,15,8.13,7,0
RE van der Merwe,2009,10,122,98,124.49,9,34,7.29,3,1
S Sohal,2009,8,115,93,123.66,0,0,,2,0
SK Warne,2009,13,108,116,93.1,14,50,7.3,5,1
RJ Quiney,2009,7,103,102,100.98,0,0,,2,0
DJ Hussey,2009,4,98,59,166.1,0,4,8.5,1,1
SA Asnodkar,2009,8,98,93,105.38,0,0,,1,0
JA Morkel,2009,12,97,70,138.57,13,40,8.2,1,1
KP Pietersen,2009,6,93,85,109.41,4,13,6.54,3,0
JDP Oram,2009,8,88,93,94.62,5,15.3,8.58,5,1
Harbhajan Singh,2009,13,84,53,158.49,12,44,5.82,2,1
LR Shukla,2009,6,83,85,97.65,3,14,7.14,2,4
LA Carseldine,2009,5,81,68,119.12,1,1,6,4,0
AS Raut,2009,7,78,61,127.87,0,4,9,3,0
M Manhas,2009,6,75,62,120.97,0,0,,2,0
WP Saha,2009,7,72,41,175.61,0,0,,2,0
AA Bilakhia,2009,6,67,81,82.72,0,0,,0,0
AB Agarkar,2009,11,66,57,115.79,6,31,9.16,0,1
DB Ravi Teja,2009,6,65,70,92.86,0,0,,4,2
P Kumar,2009,13,65,46,141.3,13,49.4,7.93,1,1
A Flintoff,2009,3,62,53,116.98,2,11,9.55,3,0
M Vijay,2009,4,60,67,89.55,0,0,,2,0
JD Ryder,2009,5,56,49,114.29,3,17,6.76,2,0
PR Shah,2009,4,53,51,103.92,0,0,,6,1
SP Goswami,2009,2,53,60,88.33,0,0,,1,0
J Botha,2009,3,47,40,117.5,3,12,6.17,0,1
R Vinay Kumar,2009,11,47,44,106.82,9,32.2,8.38,3,1
Yashpal Singh,2009,4,47,66,71.21,0,0,,3,0
GJ Bailey,2009,2,45,39,115.38,0,0,,0,0
LA Pomersbach,2009,4,41,49,83.67,0,0,,1,0
S Dhawan,2009,4,40,45,88.89,0,0,,2,0
AD Mascarenhas,2009,5,39,39,100,6,19.2,6.83,1,0
MC Henriques,2009,4,38,40,95,2,12.1,8.79,3,0
DL Vettori,2009,7,34,32,106.25,7,23.1,7.81,4,1
MM Patel,2009,11,33,26,126.92,16,34.5,6.92,1,0
PP Chawla,2009,14,31,36,86.11,12,44.5,6.87,6,0
WA Mota,2009,6,30,48,62.5,3,9,6.78,3,0
WPUJC Vaas,2009,2,30,21,142.86,4,8,8.88,0,0
B Lee,2009,5,28,34,82.35,5,20,5.55,1,0
A Mishra,2009,11,26,20,130,14,42.1,6.97,2,1
RR Powar,2009,8,23,22,104.55,5,21,6.29,3,0
M Kartik,2009,10,21,20,105,4,34,5.91,1,0
MF Maharoof,2009,3,21,21,100,4,10,6.5,0,0
RJ Harris,2009,8,21,18,116.67,6,31,7.42,5,0
Joginder Sharma,2009,4,20,18,111.11,2,7,8.14,0,0
SB Jakati,2009,8,20,15,133.33,13,29,7.48,3,0
Y Nagar,2009,1,20,20,100,2,2,10,0,0
R Bishnoi,2009,3,19,17,111.76,0,0,,1,0
VVS Laxman,2009,5,19,33,57.58,0,0,,1,0
NK Patel,2009,2,18,38,47.37,0,0,,4,0
YV Takawale,2009,1,18,22,81.82,0,0,,1,1
B Akhil,2009,5,17,15,113.33,4,11,7.27,0,1
A Kumble,2009,16,16,19,84.21,21,59.1,5.86,3,0
AD Mathews,2009,1,16,13,123.08,0,2.2,13.29,1,0
I Sharma,2009,11,16,13,123.08,11,43,6.91,1,0
M Rawat,2009,3,16,19,84.21,0,0,,6,1
GR Napier,2009,1,15,16,93.75,1,4,6.75,0,0
W Jaffer,2009,2,15,17,88.24,0,0,,1,0
SB Styris,2009,2,14,8,175,5,8,8,0,0
MS Gony,2009,7,13,7,185.71,5,17,10.12,1,0
SS Tiwary,2009,3,13,12,108.33,0,0,,0,0
RR Raje,2009,4,12,9,133.33,1,6.5,10.54,2,0
A Chopra,2009,1,11,19,57.89,0,0,,0,1
T Henderson,2009,2,11,16,68.75,1,6,6.67,0,0
D du Preez,2009,2,10,13,76.92,4,7,8,0,0
DS Kulkarni,2009,8,9,17,52.94,5,26,7.92,1,0
MK Tiwary,2009,1,9,13,69.23,0,1,11,0,1
SK Trivedi,2009,7,9,18,50,6,20,7.6,2,0
SM Harwood,2009,3,9,14,64.29,3,10,7.3,2,0
M Morkel,2009,2,8,8,100,0,7,5.71,1,1
M Muralitharan,2009,13,8,8,100,14,50,5.22,4,2
R Ashwin,2009,1,8,15,53.33,2,4,3.25,1,0
R Bhatia,2009,7,8,18,44.44,10,21.4,6.74,4,0
RP Singh,2009,16,8,17,47.06,23,59.4,6.99,6,0
Z Khan,2009,6,8,11,72.73,6,21,6.76,2,0
AN Ghosh,2009,2,7,8,87.5,0,0,,1,0
PC Valthaty,2009,2,6,12,50,0,0,,0,0
PJ Sangwan,2009,13,6,10,60,15,46.4,7.71,3,1
SD Chitnis,2009,1,6,8,75,0,0,,0,0
SS Shaikh,2009,1,6,7,85.71,0,0,,2,0
S Sreesanth,2009,7,5,18,27.78,6,23,8.35,0,0
FH Edwards,2009,6,4,5,80,5,23.2,6.6,0,0
L Balaji,2009,13,4,10,40,13,37.2,8.46,3,1
AB McDonald,2009,1,3,4,75,0,3,7.33,0,0
Kamran Khan,2009,5,3,5,60,7,18.4,7.45,4,1
AB Dinda,2009,8,2,3,66.67,4,24,8.04,1,1
Mashrafe Mortaza,2009,1,2,2,100,0,4,14.5,0,1
Mohammad Ashraful,2009,1,2,10,20,0,0,,2,0
SB Bangar,2009,1,2,9,22.22,0,0,,0,0
T Thushara,2009,2,2,7,28.57,3,8,7.5,1,0
A Nehra,2009,13,1,1,100,19,51,6.78,2,1
A Singh,2009,5,1,3,33.33,9,17.3,5.43,0,0
KV Sharma,2009,1,1,3,33.33,0,0,,0,1
PP Ojha,2009,15,1,7,14.29,18,53.3,6.5,2,0
Pankaj Singh,2009,3,1,2,50,2,7,9.29,1,0
Shoaib Ahmed,2009,7,1,6,16.67,5,17,8.94,4,0
T Kohli,2009,1,1,4,25,0,0,,1,0
A Mithun,2009,1,0,0,,0,4,10.5,0,0
AM Salvi,2009,5,0,0,,4,17,7.88,1,0
Anureet Singh,2009,2,0,0,,2,5,9.4,0,0
BAW Mendis,2009,4,0,1,0,3,16.4,8.1,1,0
C Nanda,2009,3,0,1,0,2,8,7.12,0,0
CK Langeveldt,2009,1,0,0,,3,4,3.75,0,0
DP Nannes,2009,13,0,0,,15,49.3,7.52,4,0
DW Steyn,2009,3,0,3,0,2,9,6.89,2,0
Harmeet Singh,2009,7,0,0,,3,22.5,8.41,3,0
Jaskaran Singh,2009,1,0,0,,0,3,10.67,0,0
KP Appanna,2009,5,0,1,0,2,12,7.25,0,0
L Ronchi,2009,1,0,2,0,0,0,,1,0
RA Shaikh,2009,1,0,0,,0,1,11,0,0
RR Bose,2009,1,0,0,,0,2,12,0,0
S Tyagi,2009,8,0,0,,5,19,7.16,1,0
SL Malinga,2009,13,0,1,0,18,49.3,6.3,2,1
SS Sarkar,2009,2,0,0,,1,4.1,8.16,0,0
TM Srivastava,2009,1,0,1,0,0,0,,0,0
VRV Singh,2009,4,0,0,,1,9,9.11,2,0
VS Malik,2009,5,0,0,,2,12,8.17,1,0
VY Mahesh,2009,1,0,0,,1,2,12.5,0,0
YA Abdulla,2009,9,0,0,,14,28,8.61,0,0
SR Tendulkar,2009/10,15,618,466,132.62,0,0,,3,0
JH Kallis,2009/10,16,572,494,115.79,13,57,8.35,6,1
SK Raina,2009/10,16,528,367,143.87,6,23.5,7.47,10,3
SC Ganguly,2009/10,14,493,419,117.66,0,4,10.75,7,1
M Vijay,2009/10,15,458,292,156.85,0,0,,12,1
DPMD Jayawardene,2009/10,13,445,300,148.33,0,0,,6,2
A Symonds,2009/10,16,429,341,125.81,12,53,7.02,11,0
SS Tiwary,2009/10,15,419,309,135.6,0,0,,3,1
RG Sharma,2009/10,16,404,302,133.77,2,19,8.05,9,1
NV Ojha,2009/10,14,377,285,132.28,0,0,,4,1
RV Uthappa,2009/10,14,374,218,171.56,0,0,,7,3
KC Sangakkara,2009/10,12,357,257,138.91,0,0,,6,2
AT Rayudu,2009/10,14,356,246,144.72,0,0,,6,2
S Badrinath,2009/10,15,356,303,117.49,0,0,,1,2
V Sehwag,2009/10,14,356,218,163.3,3,5.4,4.06,2,0
ML Hayden,2009/10,16,346,280,123.57,0,0,,6,2
YK Pathan,2009/10,14,333,201,165.67,5,34,7.24,8,1
TL Suman,2009/10,14,307,257,119.46,0,2,12,3,1
V Kohli,2009/10,13,307,212,144.81,0,5.2,9.38,3,2
CH Gayle,2009/10,9,292,184,158.7,4,16,9.5,2,0
AC Gilchrist,2009/10,16,289,185,156.22,0,0,,9,1
MS Dhoni,2009/10,11,287,210,136.67,0,0,,5,2
DA Warner,2009/10,11,282,191,147.64,0,0,,8,1
KD Karthik,2009/10,14,278,237,117.3,0,0,,6,2
MJ Lumb,2009/10,11,278,192,144.79,0,0,,4,0
G Gambhir,2009/10,10,277,217,127.65,0,0,,3,1
IK Pathan,2009/10,14,276,186,148.39,15,46.2,9.19,4,0
KA Pollard,2009/10,14,273,147,185.71,15,37,7.41,4,4
HH Gibbs,2009/10,10,267,235,113.62,0,0,,6,0
Yuvraj Singh,2009/10,14,259,201,128.86,5,23,6.61,2,0
R Dravid,2009/10,11,256,199,128.64,0,0,,4,2
MK Pandey,2009/10,13,249,226,110.18,0,0,,6,1
RS Bopara,2009/10,9,248,214,115.89,5,13,9.77,2,0
MK Tiwary,2009/10,11,237,186,127.42,1,1,11,4,0
KP Pietersen,2009/10,7,236,157,150.32,3,10,7.7,3,0
AD Mathews,2009/10,12,233,184,126.63,8,37.3,8.37,3,1
MS Bisla,2009/10,10,218,178,122.47,0,0,,4,0
PD Collingwood,2009/10,7,203,156,130.13,5,14.5,6.81,3,0
JA Morkel,2009/10,14,199,132,150.76,11,47.4,8.5,3,1
S Dhawan,2009/10,10,191,170,112.35,0,0,,5,0
SR Watson,2009/10,6,185,114,162.28,6,22,8.36,3,0
AA Jhunjhunwala,2009/10,10,183,166,110.24,0,6.1,11.19,4,4
AC Voges,2009/10,7,181,143,126.57,0,9,8.44,1,3
MD Mishra,2009/10,11,166,144,115.28,0,0,,1,0
FY Fazal,2009/10,9,164,154,106.49,0,2,10,7,0
JP Duminy,2009/10,7,157,131,119.85,1,5.3,6.73,4,0
M Manhas,2009/10,8,157,149,105.37,0,0,,5,2
SE Marsh,2009/10,4,147,114,128.95,0,0,,1,0
CA Pujara,2009/10,6,122,115,106.09,0,0,,2,0
OA Shah,2009/10,5,115,95,121.05,0,0,,0,0
BB McCullum,2009/10,5,114,110,103.64,0,0,,2,0
R Sathish,2009/10,10,112,96,116.67,2,8,10.12,2,2
AB de Villiers,2009/10,7,111,119,93.28,0,0,,6,3
P Dogra,2009/10,8,107,106,100.94,0,0,,2,1
Harbhajan Singh,2009/10,14,105,63,166.67,17,53.3,7.05,4,0
BJ Hodge,2009/10,4,99,90,110,2,5,8.2,3,0
DJ Hussey,2009/10,6,94,86,109.3,0,10,8,4,0
LRPL Taylor,2009/10,7,88,75,117.33,0,0,,4,0
KM Jadhav,2009/10,5,76,56,135.71,0,0,,0,0
PA Patel,2009/10,4,72,79,91.14,0,0,,0,0
WP Saha,2009/10,6,67,53,126.42,0,0,,3,0
R McLaren,2009/10,10,66,69,95.65,4,34,7.94,2,1
AB McDonald,2009/10,4,65,52,125,5,14,9.86,0,0
VVS Laxman,2009/10,6,64,60,106.67,0,0,,2,0
Anirudh Singh,2009/10,4,63,66,95.45,0,0,,3,0
PP Chawla,2009/10,14,62,60,103.33,12,49,7.49,3,2
DJ Bravo,2009/10,10,61,53,115.09,4,26.1,8.71,4,1
AM Nayar,2009/10,3,58,51,113.73,0,0,,1,1
AS Raut,2009/10,5,56,48,116.67,0,0,,3,1
AP Tare,2009/10,4,50,36,138.89,0,0,,1,0
CL White,2009/10,5,48,33,145.45,0,1,19,4,0
RJ Harris,2009/10,8,45,39,115.38,14,30.4,7.6,4,0
GC Smith,2009/10,2,44,39,112.82,0,0,,2,0
TM Dilshan,2009/10,6,44,53,83.02,3,8.1,8.57,4,0
AB Barath,2009/10,3,42,42,100,0,0,,0,0
AB Agarkar,2009/10,7,40,29,137.93,4,22,9.23,1,0
A Mishra,2009/10,14,39,51,76.47,17,53,6.85,4,3
MEK Hussey,2009/10,3,37,44,84.09,0,0,,0,0
LR Shukla,2009/10,4,36,26,138.46,3,12,8.83,1,0
B Sumanth,2009/10,4,35,37,94.59,0,0,,4,0
EJG Morgan,2009/10,4,35,30,116.67,0,0,,4,1
AP Dole,2009/10,3,34,22,154.55,5,11,10.18,2,0
Y Venugopal Rao,2009/10,4,34,43,79.07,0,1,10,0,0
DL Vettori,2009/10,3,33,27,122.22,2,11.4,8.31,0,0
ST Jayasuriya,2009/10,4,33,31,106.45,2,9,7.56,0,1
MF Maharoof,2009/10,7,31,23,134.78,8,24,8.58,1,0
R Ashwin,2009/10,12,30,40,75,13,48,6.1,1,1
S Anirudha,2009/10,2,30,18,166.67,0,0,,3,0
WPUJC Vaas,2009/10,6,30,34,88.24,9,22,6.32,0,1
R Sharma,2009/10,6,29,26,111.54,5,20.4,8.08,0,0
M Kaif,2009/10,3,28,30,93.33,0,0,,3,0
MR Marsh,2009/10,3,28,30,93.33,2,10,8.8,0,1
R Vinay Kumar,2009/10,14,27,32,84.38,16,46.1,8.58,3,0
S Sreesanth,2009/10,6,27,21,128.57,4,19,10.05,0,0
S Sriram,2009/10,1,27,29,93.1,0,2,12,0,0
JM Kemp,2009/10,5,26,24,108.33,3,7.2,7.36,1,0
R Bhatia,2009/10,5,24,17,141.18,3,16,8.25,1,1
Z Khan,2009/10,14,24,13,184.62,15,48.2,7.78,4,0
A Nehra,2009/10,4,23,20,115,6,14,6.86,2,0
DR Smith,2009/10,3,22,25,88,1,3.5,9.39,0,0
M Kartik,2009/10,10,22,22,100,9,39,6.49,4,0
AJ Finch,2009/10,1,21,21,100,0,1.1,4.29,0,0
SK Trivedi,2009/10,10,20,14,142.86,11,35.3,7.32,1,1
DR Martyn,2009/10,1,19,24,79.17,0,0,,0,0
DE Bollinger,2009/10,8,18,17,105.88,12,31,6.68,2,0
GJ Bailey,2009/10,1,18,27,66.67,0,0,,1,0
K Goel,2009/10,2,18,20,90,0,1,7,2,1
L Balaji,2009/10,7,18,20,90,7,23.2,8.87,1,0
C Madan,2009/10,1,15,19,78.95,0,0,,0,0
S Narwal,2009/10,5,14,12,116.67,5,15.4,11.81,1,1
DW Steyn,2009/10,15,13,17,76.47,15,59,6.88,1,2
MV Boucher,2009/10,2,13,10,130,0,0,,3,0
AD Mascarenhas,2009/10,2,12,10,120,4,8,8.12,0,0
SW Tait,2009/10,8,12,13,92.31,11,31.1,8.47,2,0
B Lee,2009/10,4,11,9,122.22,0,14.3,10.28,2,0
MC Henriques,2009/10,1,11,5,220,1,4,8.75,1,0
KAJ Roach,2009/10,2,10,9,111.11,0,8,10,1,0
PJ Sangwan,2009/10,8,10,14,71.43,9,31,8.32,1,0
SK Warne,2009/10,14,10,19,52.63,11,50,7.62,2,0
T Thushara,2009/10,4,10,11,90.91,5,14.3,6.97,2,0
Bipul Sharma,2009/10,4,9,7,128.57,3,10,9.4,2,1
M Morkel,2009/10,2,9,16,56.25,0,7,9.43,1,0
RP Singh,2009/10,12,9,19,47.37,13,42,8.81,4,4
Jaskaran Singh,2009/10,6,8,11,72.73,6,14,9.93,0,0
SP Goswami,2009/10,1,8,10,80,0,0,,0,0
STR Binny,2009/10,1,8,5,160,0,1,9,0,0
A Kumble,2009/10,16,6,11,54.55,17,63.2,6.43,3,0
I Sharma,2009/10,7,6,17,35.29,7,25,9.44,1,0
VS Malik,2009/10,3,6,5,120,1,7.1,8.65,0,0
A Mithun,2009/10,1,5,4,125,1,3,13,0,0
RR Powar,2009/10,7,5,8,62.5,3,23,6.96,0,0
SA Asnodkar,2009/10,1,5,4,125,0,0,,0,0
A Uniyal,2009/10,2,4,7,57.14,2,6,11,0,0
AN Ahmed,2009/10,1,4,7,57.14,0,2,13,0,0
DP Nannes,2009/10,9,4,13,30.77,7,34.2,6.52,0,0
MM Patel,2009/10,4,4,5,80,3,13,9.08,1,0
Mandeep Singh,2009/10,2,4,11,36.36,0,0,,0,0
P Kumar,2009/10,12,4,8,50,10,45,8.44,1,0
RS Sodhi,2009/10,1,4,2,200,0,0,,2,0
KB Arun Karthik,2009/10,1,3,5,60,0,0,,0,0
PP Ojha,2009/10,16,3,8,37.5,21,58.5,7.29,4,0
S Tyagi,2009/10,6,3,4,75,1,15.5,10.04,2,0
UT Yadav,2009/10,7,3,4,75,6,24,7.67,1,1
AA Bilakhia,2009/10,1,2,4,50,0,0,,1,0
CRD Fernando,2009/10,5,2,2,100,7,19,7.26,1,0
J Theron,2009/10,7,2,5,40,8,24.5,7.89,1,2
KP Appanna,2009/10,2,2,3,66.67,1,7,7.29,1,1
MS Gony,2009/10,3,2,6,33.33,1,8,11.5,1,0
RS Gavaskar,2009/10,1,2,8,25,0,1,8,0,0
BAW Mendis,2009/10,2,1,1,100,2,8,8.25,0,0
M Muralitharan,2009/10,12,1,2,50,16,48.4,6.97,3,0
Pankaj Singh,2009/10,2,1,2,50,2,8,10.12,0,0
RE van der Merwe,2009/10,1,1,2,50,2,4,6.75,0,0
SE Bond,2009/10,8,1,2,50,9,31,7.23,0,0
SJ Srivastava,2009/10,8,1,2,50,6,27,9.44,1,0
SL Malinga,2009/10,13,1,1,100,15,49,7.02,2,2
Y Nagar,2009/10,1,1,6,16.67,1,3,9.33,2,0
AB Dinda,2009/10,7,0,1,0,9,23.1,6.56,0,1
AG Murtaza,2009/10,3,0,0,,3,12,7.58,1,0
AG Paunikar,2009/10,1,0,1,0,0,0,,0,0
B Akhil,2009/10,1,0,0,,0,1,6,0,0
C Ganapathy,2009/10,1,0,0,,0,1,13,0,0
CK Langeveldt,2009/10,3,0,1,0,5,11,8,0,0
DS Kulkarni,2009/10,1,0,0,,1,4,10,0,0
Harmeet Singh,2009/10,8,0,1,0,8,24,7.25,0,0
Iqbal Abdulla,2009/10,3,0,1,0,1,8.3,7.18,0,1
JD Unadkat,2009/10,3,0,0,,4,10.2,8.23,1,1
Joginder Sharma,2009/10,3,0,0,,2,8,11.12,1,0
Kamran Khan,2009/10,3,0,0,,3,6,8.83,0,0
L Ablish,2009/10,2,0,0,,3,4,9,0,0
MB Parmar,2009/10,1,0,0,,0,3,11,0,0
ND Doshi,2009/10,1,0,0,,1,4,4.25,0,0
NLTC Perera,2009/10,1,0,0,,0,1,19,0,0
S Ladda,2009/10,5,0,9,0,4,15,9.53,0,1
SB Jakati,2009/10,11,0,0,,13,38,7.66,1,1
SB Wagh,2009/10,1,0,0,,1,1,16,0,0
VRV Singh,2009/10,1,0,0,,0,3,13.33,0,0
VY Mahesh,2009/10,1,0,0,,1,3,7.67,0,0
YA Abdulla,2009/10,2,0,1,0,1,6.5,9.66,0,0
CH Gayle,2011,12,608,332,183.13,8,36,6.78,2,0
V Kohli,2011,16,557,460,121.09,2,17,8.18,7,0
SR Tendulkar,2011,16,553,488,113.32,0,0,,4,1
SE Marsh,2011,13,504,344,146.51,0,0,,6,0
MEK Hussey,2011,14,492,414,118.84,0,0,,6,0
PC Valthaty,2011,14,463,338,136.98,7,24.1,7.82,2,0
SK Raina,2011,16,438,325,134.77,4,27.3,7.31,3,0
M Vijay,2011,16,434,339,128.02,0,0,,5,0
JH Kallis,2011,14,424,378,112.17,7,24,7.08,9,0
V Sehwag,2011,11,424,240,176.67,0,0,,9,0
S Dhawan,2011,14,400,310,129.03,1,2,5.5,6,0
S Badrinath,2011,12,396,313,126.52,0,0,,1,0
AT Rayudu,2011,16,395,350,112.86,0,0,,7,2
MS Dhoni,2011,13,392,247,158.7,0,0,,5,4
AC Gilchrist,2011,14,383,295,129.83,0,0,,9,0
G Gambhir,2011,15,378,317,119.24,0,0,,1,2
RG Sharma,2011,13,372,297,125.25,0,4,13.25,7,1
MK Tiwary,2011,13,359,325,110.46,0,2,11.5,6,0
KC Sangakkara,2011,13,358,293,122.18,0,0,,17,0
BB McCullum,2011,13,357,275,129.82,0,0,,2,0
R Dravid,2011,12,343,314,109.24,0,0,,2,1
Yuvraj Singh,2011,13,343,261,131.42,9,29,6.62,4,1
Y Venugopal Rao,2011,14,336,280,120,0,2,13,4,0
SR Watson,2011,11,330,253,130.43,6,36,6.69,3,0
DA Warner,2011,13,324,276,117.39,0,0,,4,1
AB de Villiers,2011,13,312,243,128.4,0,0,,7,3
DPMD Jayawardene,2011,13,299,257,116.34,0,0,,6,1
JD Ryder,2011,13,292,197,148.22,4,15.2,7.7,4,0
BJ Hodge,2011,14,285,236,120.76,7,11,7,1,0
RA Jadeja,2011,14,283,228,124.12,8,42,7.26,1,3
YK Pathan,2011,14,283,201,140.8,13,39,6.1,4,1
KD Karthik,2011,13,282,220,128.18,0,0,,7,0
RV Uthappa,2011,13,264,209,126.32,0,0,,12,1
S Sohal,2011,10,249,191,130.37,0,0,,0,0
MK Pandey,2011,9,246,227,108.37,0,0,,5,0
J Botha,2011,10,230,198,116.16,7,36,6.64,6,2
TM Dilshan,2011,10,226,180,125.56,1,12,9,1,0
B Chipli,2011,13,207,170,121.76,0,1,20,1,0
JP Duminy,2011,10,205,174,117.82,4,18,7.94,1,0
PA Patel,2011,13,202,183,110.38,0,0,,8,3
JR Hopes,2011,9,196,158,124.05,7,32,8.5,3,0
DT Christian,2011,14,190,159,119.5,11,45.4,7.66,7,2
SS Tiwary,2011,13,187,188,99.47,0,0,,5,0
DB Ravi Teja,2011,9,183,144,127.08,0,1,9,5,0
LRPL Taylor,2011,11,181,152,119.08,0,1,11,4,0
AL Menaria,2011,10,180,152,118.42,2,15,8.07,2,0
NV Ojha,2011,14,160,161,99.38,0,0,,8,0
IK Pathan,2011,13,150,138,108.7,11,45.5,7.51,4,0
KA Pollard,2011,16,146,133,109.77,10,42.3,8.49,9,1
MA Agarwal,2011,7,141,120,117.5,0,0,,3,0
JA Morkel,2011,14,138,102,135.29,15,45,8.49,3,0
EJG Morgan,2011,9,137,117,117.09,0,0,,3,2
A Symonds,2011,9,135,138,97.83,1,4,10.25,5,1
AC Blizzard,2011,6,120,87,137.93,0,0,,4,0
AM Rahane,2011,7,120,98,122.45,0,0,,2,0
M Manhas,2011,10,114,123,92.68,0,7,6,3,0
Y Nagar,2011,10,111,100,111,1,5,13.4,1,3
JEC Franklin,2011,6,107,78,137.18,3,10.1,9.74,2,0
RN ten Doeschate,2011,3,107,73,146.58,0,1,7,2,0
CL White,2011,6,104,109,95.41,0,0,,2,1
Harbhajan Singh,2011,15,103,71,145.07,14,53,6.98,0,1
DJ Jacobs,2011,6,92,88,104.55,0,0,,2,0
R McLaren,2011,6,90,96,93.75,5,18,9.89,2,0
S Anirudha,2011,5,83,74,112.16,0,0,,8,0
TR Birt,2011,5,75,58,129.31,0,0,,0,0
M Klinger,2011,4,73,77,94.81,0,0,,0,0
MS Bisla,2011,5,72,89,80.9,0,0,,1,0
A Mishra,2011,14,68,49,138.78,19,53.2,6.71,1,0
WP Saha,2011,2,68,63,107.94,0,0,,2,1
MD Mishra,2011,5,67,60,111.67,0,0,,0,0
TL Suman,2011,6,65,51,127.45,0,6,8.33,2,2
DJ Hussey,2011,8,64,63,101.59,1,3,12.67,6,2
AM Nayar,2011,9,61,67,91.04,2,10.1,9.34,2,0
AS Raut,2011,4,60,58,103.45,0,1,8,4,0
LA Pomersbach,2011,4,51,39,130.77,0,0,,5,0
MR Marsh,2011,5,50,49,102.04,7,14.1,6.99,0,0
R Vinay Kumar,2011,13,50,47,106.38,12,44.4,7.5,3,1
SC Ganguly,2011,3,50,59,84.75,0,0,,1,0
AG Paunikar,2011,4,49,57,85.96,0,0,,1,1
CJ Ferguson,2011,4,48,54,88.89,0,0,,1,0
PP Chawla,2011,12,48,55,87.27,16,41.2,8.13,3,0
AJ Finch,2011,6,47,46,102.17,0,2,6.5,4,0
Mandeep Singh,2011,5,47,41,114.63,0,0,,1,1
RV Gomez,2011,8,46,50,92,5,15,8.27,1,1
VVS Laxman,2011,3,44,42,104.76,0,0,,0,0
Sunny Singh,2011,5,43,31,138.71,0,0,,1,0
GC Smith,2011,4,42,51,82.35,0,0,,1,0
M Kaif,2011,4,41,33,124.24,0,0,,5,1
M Morkel,2011,11,40,25,160,13,43,7.56,1,0
STR Binny,2011,3,37,31,119.35,0,4,11,2,1
WD Parnell,2011,8,37,39,94.87,9,29.2,7.26,1,1
DW Steyn,2011,12,36,35,102.86,14,45.3,6.57,1,0
CA Pujara,2011,3,34,31,109.68,0,0,,1,0
AUK Pathan,2011,5,33,16,206.25,0,5.3,8.91,2,1
RJ Harris,2011,13,31,39,79.49,16,47,8.13,7,0
SP Goswami,2011,4,29,29,100,0,0,,4,2
Shakib Al Hasan,2011,7,29,22,131.82,11,25.3,6.86,1,1
IR Jaggi,2011,2,28,37,75.68,0,0,,1,0
A Mithun,2011,12,27,20,135,5,34,9.44,7,1
P Kumar,2011,13,27,31,87.1,10,46,7.5,2,0
NL McCullum,2011,2,26,22,118.18,0,5,6.8,1,0
OA Shah,2011,2,26,15,173.33,0,0,,2,0
R Bhatia,2011,12,25,22,113.64,8,32,6.56,4,1
R Sathish,2011,4,25,34,73.53,0,5.1,7.94,3,1
R Sharma,2011,14,24,21,114.29,16,50,5.46,6,0
Bipul Sharma,2011,4,23,18,127.78,4,12,6.5,1,0
DL Vettori,2011,13,23,28,82.14,12,51.4,6.02,4,0
NLTC Perera,2011,4,23,27,85.19,2,14,7.93,0,1
MS Wade,2011,3,22,33,66.67,0,0,,0,0
CA Ingram,2011,3,21,26,80.77,0,0,,0,0
Z Khan,2011,15,21,24,87.5,14,59,7.71,4,0
FY Fazal,2011,2,19,19,100,0,0,,0,0
Y Gnaneswara Rao,2011,1,19,17,111.76,0,1,7,2,0
AN Ahmed,2011,6,18,13,138.46,5,20,8.45,1,0
BJ Haddin,2011,1,18,11,163.64,0,0,,0,0
JJ van der Wath,2011,3,18,16,112.5,3,12,10.75,0,0
KM Jadhav,2011,4,18,23,78.26,0,0,,2,1
S Rana,2011,1,18,16,112.5,0,0.4,3,0,0
DH Yagnik,2011,4,16,22,72.73,0,0,,3,1
Iqbal Abdulla,2011,15,15,12,125,16,50,6.1,2,1
J Syed Mohammad,2011,5,15,12,125,5,15,8.47,1,0
Harpreet Singh,2011,2,14,20,70,0,0,,2,0
LR Shukla,2011,1,14,10,140,0,0,,0,0
RE van der Merwe,2011,4,14,16,87.5,5,14.5,6.2,2,1
B Akhil,2011,1,13,9,144.44,0,2,11,0,0
S Aravind,2011,13,13,8,162.5,21,46,8,1,0
M Kartik,2011,6,12,15,80,1,20.5,7.97,1,0
DJ Bravo,2011,6,11,6,183.33,6,20,7.85,2,0
RR Powar,2011,5,11,13,84.62,2,12,9.33,0,0
AA Jhunjhunwala,2011,2,10,18,55.56,0,2,11,4,0
SK Warne,2011,12,10,20,50,13,47,6.32,1,0
SW Tait,2011,4,10,10,100,6,14.5,8.56,3,0
TD Paine,2011,2,10,26,38.46,0,0,,0,0
SA Asnodkar,2011,1,9,9,100,0,0,,0,0
SD Chitnis,2011,1,9,9,100,0,0,,0,0
AB McDonald,2011,1,8,7,114.29,0,2,11.5,0,0
CK Langeveldt,2011,3,8,8,100,5,11,7.64,0,0
SL Malinga,2011,16,8,9,88.89,28,63,5.95,2,2
AB Agarkar,2011,7,7,6,116.67,8,27,8.56,0,1
I Malhotra,2011,1,7,4,175,0,1,23,0,0
KB Arun Karthik,2011,2,7,8,87.5,0,0,,3,0
MV Boucher,2011,2,6,6,100,0,0,,1,0
B Lee,2011,12,5,9,55.56,5,45.2,7.46,2,0
M Muralitharan,2011,5,5,8,62.5,2,19,7.42,1,0
PR Shah,2011,1,5,5,100,0,0,,0,0
SB Styris,2011,1,5,2,250,0,1,13,1,1
I Sharma,2011,12,4,5,80,11,44,7.14,3,0
L Balaji,2011,14,4,2,200,10,44.2,8.37,1,1
S Sriram,2011,1,4,7,57.14,0,1,25,0,0
SJ Srivastava,2011,6,4,3,133.33,8,20,9.3,1,0
JE Taylor,2011,5,3,3,100,6,19.3,8.05,0,0
R Ninan,2011,2,3,6,50,3,6,10.83,1,0
AG Murtaza,2011,5,2,5,40,3,20,5.85,1,0
DS Kulkarni,2011,6,2,4,50,5,20,7.45,1,0
R Ashwin,2011,16,2,6,33.33,20,63,6.16,3,0
RP Singh,2011,14,2,4,50,13,50,6.9,5,1
S Randiv,2011,8,2,4,50,6,29,7.69,2,1
SB Wagh,2011,7,2,3,66.67,4,16,7.56,1,1
UBT Chand,2011,2,2,12,16.67,0,0,,0,0
A Singh,2011,9,1,4,25,9,28.3,7.54,0,0
AA Chavan,2011,2,1,3,33.33,0,5,5.4,1,0
AC Thomas,2011,11,1,4,25,11,38.3,7.71,2,0
B Kumar,2011,4,1,1,100,3,11,6.09,2,0
NJ Rimmington,2011,1,1,1,100,0,3,6.33,0,0
P Parameswaran,2011,5,1,1,100,4,15.4,8.74,0,0
S Sreesanth,2011,9,1,9,11.11,7,31.5,6.47,1,0
UT Yadav,2011,6,1,5,20,2,18,9.39,3,0
A Mukund,2011,0,0,0,,0,0,,0,1
AA Kazi,2011,1,0,0,,0,2,10.5,0,0
AB Dinda,2011,5,0,5,0,5,17,8.94,0,0
AM Salvi,2011,2,0,0,,3,8,8.25,1,0
Anand Rajan,2011,2,0,0,,3,5,10,2,1
BA Bhatt,2011,8,0,5,0,9,27.5,8.23,0,0
DE Bollinger,2011,13,0,1,0,17,47,7,2,0
DP Nannes,2011,2,0,0,,2,4,7.75,1,0
F du Plessis,2011,0,0,0,,0,0,,1,0
Harmeet Singh,2011,2,0,0,,3,7,7.57,0,0
JD Unadkat,2011,6,0,0,,6,18,8.33,2,0
JDP Oram,2011,2,0,3,0,1,4,11.25,0,0
JP Faulkner,2011,1,0,0,,1,2,4.5,0,0
Joginder Sharma,2011,1,0,1,0,0,3,11.33,0,0
KMDN Kulasekara,2011,1,0,0,,1,3,8.67,0,0
Kamran Khan,2011,1,0,0,,0,3,15.67,0,0
L Ablish,2011,1,0,2,0,0,3,13,0,0
MJ Lumb,2011,1,0,2,0,0,0,,1,0
MM Patel,2011,15,0,1,0,22,54.2,6.59,3,0
MS Gony,2011,3,0,2,0,4,9,9.44,0,0
ND Doshi,2011,3,0,13,0,1,5.2,11.62,0,0
P Prasanth,2011,1,0,0,,0,1,18,0,0
PP Ojha,2011,10,0,0,,10,36.5,7.25,2,0
Pankaj Singh,2011,1,0,0,,0,2,11.5,0,0
RW Price,2011,1,0,0,,0,3,11,0,0
S Ladda,2011,2,0,0,,0,4,10.5,1,1
S Nadeem,2011,5,0,1,0,4,19,7.47,0,0
SB Jakati,2011,14,0,0,,10,44.1,7.61,7,0
SK Trivedi,2011,12,0,2,0,10,35.4,8.5,0,1
SS Mundhe,2011,1,0,0,,1,1,6,0,0
TG Southee,2011,5,0,0,,4,19,8.74,0,0
VR Aaron,2011,3,0,5,0,2,12,6.83,0,0
VS Malik,2011,1,0,0,,0,2,6.5,0,0
CH Gayle,2012,14,733,456,160.75,0,4.4,14.14,2,0
G Gambhir,2012,17,590,411,143.55,0,0,,4,3
S Dhawan,2012,15,569,439,129.61,3,6,9.17,5,1
AM Rahane,2012,16,560,433,129.33,0,0,,11,0
V Sehwag,2012,16,495,307,161.24,0,4,11.25,7,2
CL White,2012,13,479,320,149.69,0,3,9,3,0
R Dravid,2012,16,462,412,112.14,0,0,,5,1
SK Raina,2012,18,441,325,135.69,2,14,7.5,10,0
RG Sharma,2012,16,433,342,126.61,0,1,16,13,1
Mandeep Singh,2012,16,432,342,126.32,0,0,,5,0
JH Kallis,2012,17,409,384,106.51,15,54,7.46,2,1
RV Uthappa,2012,16,405,343,118.08,0,0,,6,1
F du Plessis,2012,12,398,304,130.92,0,1,16,4,2
DJ Hussey,2012,15,396,305,129.84,3,9,7,4,1
DJ Bravo,2012,18,371,264,140.53,15,57.4,8.01,9,3
V Kohli,2012,15,364,326,111.66,0,3,16.33,7,2
SPD Smith,2012,14,362,267,135.58,0,0.2,15,10,5
MS Dhoni,2012,17,358,278,128.78,0,0,,12,2
OA Shah,2012,13,340,256,132.81,0,0,,5,1
M Vijay,2012,13,336,267,125.84,0,0,,6,0
SE Marsh,2012,13,336,280,120,0,0,,8,2
DPMD Jayawardene,2012,15,335,298,112.42,0,0,,6,1
AT Rayudu,2012,15,333,252,132.14,0,0,,2,1
SR Tendulkar,2012,13,324,283,114.49,0,0,,0,0
AB de Villiers,2012,13,319,198,161.11,0,0,,4,2
KP Pietersen,2012,8,305,207,147.34,0,6,8.83,3,2
BB McCullum,2012,12,289,283,102.12,0,0,,9,3
TM Dilshan,2012,9,285,261,109.2,0,7,11,5,0
SC Ganguly,2012,15,268,271,98.89,2,10,9.5,6,0
MEK Hussey,2012,8,261,236,110.59,0,0,,4,0
MK Tiwary,2012,15,260,246,105.69,0,0,,10,0
DA Warner,2012,8,256,156,164.1,0,0,,1,1
JD Ryder,2012,11,256,212,120.75,1,7,10,4,0
NV Ojha,2012,16,255,224,113.84,0,0,,14,1
SR Watson,2012,7,255,168,151.79,6,23,7,2,0
BJ Hodge,2012,12,245,175,140,1,2,10.5,7,0
JP Duminy,2012,9,244,190,128.42,1,12,8.67,6,0
KD Karthik,2012,14,238,213,111.74,0,0,,5,1
MA Agarwal,2012,12,225,158,142.41,0,0,,9,0
AL Menaria,2012,12,220,202,108.91,1,3.2,6.9,2,0
JEC Franklin,2012,11,220,223,98.65,6,15,8.07,4,0
KA Pollard,2012,14,220,159,138.36,16,43.5,7.98,5,1
MS Bisla,2012,7,213,160,133.12,0,0,,6,0
KC Sangakkara,2012,12,200,184,108.7,0,0,,9,0
LRPL Taylor,2012,12,197,171,115.2,0,0,,3,0
S Badrinath,2012,9,196,181,108.29,0,0,,3,0
PA Patel,2012,12,194,165,117.58,0,0,,5,2
YK Pathan,2012,16,194,169,114.79,3,22,8.27,3,1
RA Jadeja,2012,14,191,151,126.49,12,35,7.8,2,3
SS Tiwary,2012,11,191,170,112.35,0,0,,3,0
Azhar Mahmood,2012,11,186,142,130.99,14,42.4,7.71,6,0
IK Pathan,2012,17,176,126,139.68,8,60,7.75,8,1
AC Gilchrist,2012,7,172,143,120.28,0,0,,5,0
DR Smith,2012,6,157,98,160.2,2,13,7.31,1,1
Y Nagar,2012,8,153,133,115.04,0,1,10,4,1
DT Christian,2012,7,145,118,122.88,8,27,8.63,5,0
MK Pandey,2012,9,143,112,127.68,0,0,,3,1
N Saini,2012,10,140,141,99.29,0,0,,11,1
Y Venugopal Rao,2012,7,132,126,104.76,0,2,13,0,1
AD Mathews,2012,9,127,108,117.59,7,26,7.38,3,1
DB Das,2012,10,126,93,135.48,0,0,,5,0
MN Samuels,2012,8,124,123,100.81,8,28.4,7.53,0,0
M Manhas,2012,7,120,96,125,0,0,,4,0
DJ Harris,2012,4,111,101,109.9,0,3,8.67,5,0
Harbhajan Singh,2012,16,108,80,135,6,54,7.11,6,2
JA Morkel,2012,15,107,68,157.35,13,49.3,7.78,2,0
PP Chawla,2012,16,106,88,120.45,16,57,7.35,2,0
DA Miller,2012,6,98,75,130.67,0,0,,2,1
MJ Clarke,2012,6,98,94,104.26,2,11,6.09,1,0
Shakib Al Hasan,2012,8,91,74,122.97,12,30,6.5,1,0
STR Binny,2012,6,90,67,134.33,3,10,7.8,1,0
AP Majumdar,2012,4,87,76,114.47,0,0,,0,0
Gurkeerat Singh,2012,4,86,52,165.38,0,0,,2,0
RE Levi,2012,6,83,73,113.7,0,0,,2,0
HH Gibbs,2012,3,81,88,92.05,0,0,,0,1
LR Shukla,2012,7,75,57,131.58,1,2,6,7,1
PA Reddy,2012,3,73,59,123.73,0,0,,0,0
Bipul Sharma,2012,4,72,47,153.19,0,7.4,10.3,1,0
SP Goswami,2012,6,69,67,102.99,0,0,,4,0
R Vinay Kumar,2012,14,68,62,109.68,19,55.5,8.6,5,1
SD Chitnis,2012,4,66,62,106.45,0,0,,1,0
J Botha,2012,11,58,54,107.41,9,41,7.24,2,0
AJ Finch,2012,2,55,51,107.84,0,0,,0,1
SL Malinga,2012,14,55,53,103.77,22,55.3,6.31,4,0
CJ Ferguson,2012,4,50,63,79.37,0,0,,1,0
AB McDonald,2012,3,47,35,134.29,5,10,6.1,0,0
AD Russell,2012,4,47,26,180.77,1,16,10.06,0,0
AM Nayar,2012,4,45,49,91.84,0,1,16,0,0
B Lee,2012,10,42,20,210,7,38,7.87,1,2
B Kumar,2012,11,40,40,100,8,39,7.21,0,0
KK Cooper,2012,6,38,20,190,10,24,7.25,2,1
B Chipli,2012,4,37,35,105.71,0,0,,1,0
P Negi,2012,6,36,29,124.14,7,22,6.91,1,1
UBT Chand,2012,2,36,34,105.88,0,0,,1,0
A Ashish Reddy,2012,9,35,29,120.69,11,27.1,8.72,0,1
P Kumar,2012,16,35,30,116.67,9,63,6.89,1,1
R Bhatia,2012,16,35,28,125,13,53.1,7.32,6,0
RJ Peterson,2012,5,32,30,106.67,3,8,8.75,1,0
DL Vettori,2012,9,31,26,119.23,5,35,6.74,3,0
PC Valthaty,2012,6,30,51,58.82,0,1,16,1,0
M Kartik,2012,11,26,21,123.81,4,36,7.39,3,0
DH Yagnik,2012,3,25,13,192.31,0,0,,2,0
AA Jhunjhunwala,2012,3,24,26,92.31,1,6,6.33,2,0
RN ten Doeschate,2012,3,21,21,100,1,3,8,1,0
AC Thomas,2012,4,19,15,126.67,3,14,7.79,1,1
DW Steyn,2012,12,19,21,90.48,18,46.4,6.11,2,0
S Anirudha,2012,2,19,7,271.43,0,0,,0,1
WD Parnell,2012,6,19,27,70.37,5,21,6.1,1,0
Ankit Sharma,2012,9,18,13,138.46,4,24.1,6.83,0,0
R Ashwin,2012,18,18,15,120,14,65.5,6.55,5,1
RJ Harris,2012,5,18,11,163.64,8,18,7.22,2,0
CA Pujara,2012,3,17,22,77.27,0,0,,2,0
A Mishra,2012,14,16,20,80,13,47,8.02,1,1
GB Hogg,2012,9,15,16,93.75,10,36,7.03,1,0
HV Patel,2012,11,15,15,100,9,41,8.29,7,1
Harmeet Singh,2012,7,15,7,214.29,7,22.2,8.55,0,0
IR Jaggi,2012,3,15,21,71.43,0,0,,1,0
P Dogra,2012,3,15,24,62.5,0,0,,2,0
TL Suman,2012,2,15,19,78.95,0,0,,1,0
AD Mascarenhas,2012,4,14,16,87.5,7,16,6.56,1,0
JP Faulkner,2012,2,14,13,107.69,3,8,9,1,0
M Kaif,2012,1,14,16,87.5,0,0,,0,0
S Aravind,2012,1,14,8,175,0,3,16,0,0
DAJ Bracewell,2012,1,12,9,133.33,3,4,8,1,1
Z Khan,2012,15,12,17,70.59,17,60,7.55,5,0
A Nehra,2012,13,11,12,91.67,11,48,8.38,1,0
AA Chavan,2012,8,11,8,137.5,7,27.2,8.63,2,0
K Upadhyay,2012,1,11,8,137.5,0,4,8.25,0,0
DS Kulkarni,2012,2,10,5,200,6,8,8,1,0
SP Narine,2012,15,9,7,128.57,24,59.1,5.48,0,0
CJ McKay,2012,2,8,15,53.33,1,7,8.57,0,0
J Theron,2012,2,7,6,116.67,2,8,8.25,0,0
SB Jakati,2012,15,7,12,58.33,9,41,8.2,4,0
AUK Pathan,2012,2,6,7,85.71,0,1,14,0,0
BA Bhatt,2012,5,6,2,300,2,16.3,8.24,0,0
CA Lynn,2012,1,6,9,66.67,0,0,,1,0
GJ Maxwell,2012,2,6,11,54.55,1,3,7.33,0,0
Harpreet Singh,2012,1,6,6,100,0,0,,0,0
M Muralitharan,2012,10,6,9,66.67,15,40,6.5,1,0
RP Singh,2012,11,6,12,50,10,41,7.76,3,1
WP Saha,2012,1,6,14,42.86,0,0,,1,0
KMDN Kulasekara,2012,4,5,3,166.67,4,14,6.71,3,0
SK Trivedi,2012,14,5,6,83.33,13,52,7.31,3,0
DB Ravi Teja,2012,2,4,4,100,0,0,,0,0
J Syed Mohammad,2012,2,4,1,400,0,7,9.29,0,0
MD Mishra,2012,1,4,4,100,0,0,,0,0
MS Gony,2012,6,4,8,50,3,24,8.62,1,0
NLTC Perera,2012,2,4,9,44.44,0,2.3,10.8,3,0
P Awana,2012,12,4,5,80,17,47,7.91,3,1
PP Ojha,2012,9,4,14,28.57,9,30,7.33,1,0
AG Murtaza,2012,1,3,5,60,0,2,5.5,0,0
DE Bollinger,2012,6,3,5,60,9,18,8.72,2,0
M Morkel,2012,16,3,5,60,25,63,7.19,1,0
AB Dinda,2012,7,2,5,40,9,24,7.04,1,0
BB Samantray,2012,1,2,2,100,0,0,,0,0
Iqbal Abdulla,2012,8,2,3,66.67,4,22,6.55,5,1
MM Patel,2012,12,2,7,28.57,15,46.4,7.86,5,0
R Sharma,2012,11,2,11,18.18,9,37,8.11,2,0
UT Yadav,2012,17,2,7,28.57,19,61,7.43,2,1
VR Aaron,2012,8,1,3,33.33,8,31,8.74,1,1
A Chandila,2012,4,0,1,0,5,14,6.14,1,0
A Mithun,2012,1,0,0,,0,3,11,0,0
A Singh,2012,9,0,3,0,10,32.5,9.44,1,0
AB Agarkar,2012,4,0,0,,3,14.2,9.35,2,0
AC Blizzard,2012,1,0,3,0,0,0,,0,0
AN Ahmed,2012,1,0,0,,0,2,8.5,0,1
Anand Rajan,2012,4,0,0,,3,11.5,9.21,0,0
BW Hilfenhaus,2012,9,0,0,,14,34,6.85,0,0
DJ Jacobs,2012,1,0,10,0,0,0,,1,0
JD Unadkat,2012,1,0,0,,0,3,10.67,0,0
KP Appanna,2012,6,0,0,,6,17,8.71,2,2
L Balaji,2012,8,0,0,,11,30,5.4,1,0
LA Pomersbach,2012,0,0,0,,0,0,,1,0
LJ Wright,2012,1,0,0,,0,2,12,0,1
M de Lange,2012,3,0,0,,3,10,10.7,0,0
P Parameswaran,2012,3,0,1,0,5,10,8.7,0,0
PJ Sangwan,2012,1,0,0,,1,4,10.5,1,0
Pankaj Singh,2012,6,0,0,,7,21,8.1,0,0
R Shukla,2012,1,0,0,,0,3,10.33,0,0
RE van der Merwe,2012,3,0,0,,2,10,6,1,0
RR Bhatkal,2012,1,0,2,0,0,2,17.5,1,0
RR Powar,2012,1,0,0,,0,3,10.67,0,0
S Nadeem,2012,12,0,2,0,8,45,7.07,3,1
SA Yadav,2012,1,0,4,0,0,0,,0,0
SW Tait,2012,6,0,0,,6,22.5,6.61,0,1
Sunny Gupta,2012,1,0,1,0,0,3,15.67,0,0
T Mishra,2012,0,0,0,,0,0,,1,0
TP Sudhindra,2012,3,0,0,,1,11.4,11.66,0,0
V Pratap Singh,2012,9,0,1,0,10,34,8.71,0,0
VY Mahesh,2012,4,0,0,,3,9.2,8.68,1,0
MEK Hussey,2013,17,733,566,129.51,0,0,,10,1
CH Gayle,2013,16,720,459,156.86,3,4,10,4,0
V Kohli,2013,16,639,459,139.22,0,0,,7,3
SK Raina,2013,17,548,365,150.14,1,2,11.5,10,3
SR Watson,2013,16,543,380,142.89,13,41.4,7.15,6,1
RG Sharma,2013,19,538,409,131.54,0,1.2,4.5,7,1
KD Karthik,2013,19,510,411,124.09,0,0,,12,0
AM Rahane,2013,18,488,458,106.55,0,0,,10,1
R Dravid,2013,17,471,425,110.82,0,0,,3,2
MS Dhoni,2013,16,461,283,162.9,0,0,,15,2
AJ Finch,2013,14,456,336,135.71,1,4,12.25,2,0
RV Uthappa,2013,16,434,371,116.98,0,0,,7,0
KA Pollard,2013,18,420,281,149.47,10,31,9.42,11,0
DA Miller,2013,12,418,254,164.57,0,0,,8,0
DR Smith,2013,13,418,341,122.58,2,5,11.8,8,0
DA Warner,2013,16,410,324,126.54,0,0,,6,1
G Gambhir,2013,15,406,343,118.37,0,0,,2,0
AB de Villiers,2013,14,373,223,167.26,0,0,,8,1
YK Pathan,2013,16,332,240,138.33,1,9,8.11,4,1
DPMD Jayawardene,2013,15,331,313,105.75,0,0,,4,1
M Vijay,2013,15,312,286,109.09,0,0,,8,0
JH Kallis,2013,15,311,322,96.58,16,53,7.43,3,1
S Dhawan,2013,10,311,253,122.92,0,0,,3,0
EJG Morgan,2013,13,307,240,127.92,0,0,,6,2
SE Marsh,2013,8,300,249,120.48,0,0,,3,0
V Sehwag,2013,13,295,233,126.61,0,1,9,5,0
AC Gilchrist,2013,13,294,229,128.38,1,0.1,0,12,1
PA Patel,2013,13,294,255,115.29,0,0,,5,0
BJ Hodge,2013,14,293,218,134.4,0,1,3,6,1
STR Binny,2013,16,293,199,147.24,6,24,6.75,3,1
SR Tendulkar,2013,14,287,231,124.24,0,0,,4,1
AT Rayudu,2013,15,265,231,114.72,0,0,,8,1
Mandeep Singh,2013,14,260,223,116.59,0,0,,6,1
MS Bisla,2013,14,255,236,108.05,0,0,,7,2
GH Vihari,2013,17,241,278,86.69,1,6,6.33,4,1
Yuvraj Singh,2013,13,238,190,125.26,6,22,6.91,1,0
DJ Hussey,2013,11,235,209,112.44,0,11,8.27,4,0
NLTC Perera,2013,16,235,165,142.42,19,59.4,8.01,5,2
CL White,2013,13,226,196,115.31,1,2,8,10,1
SV Samson,2013,10,206,178,115.73,0,0,,13,2
RA Jadeja,2013,15,201,135,148.89,13,43.1,7.48,4,1
Azhar Mahmood,2013,11,196,154,127.27,15,43.5,7.53,1,0
BJ Rohrer,2013,8,193,141,136.88,0,1,12,3,2
DJG Sammy,2013,9,174,132,131.82,8,22.2,7.52,3,0
AD Mathews,2013,10,172,139,123.74,5,31,7.74,5,0
MC Henriques,2013,9,165,125,132,7,21.1,8.74,5,0
M Vohra,2013,10,161,117,137.61,0,0,,3,0
SPD Smith,2013,7,159,132,120.45,0,0,,4,0
UBT Chand,2013,9,158,158,100,0,0,,4,0
IK Pathan,2013,15,153,156,98.08,10,51.2,7.44,3,2
KM Jadhav,2013,10,152,124,122.58,0,0,,4,0
MK Tiwary,2013,9,146,140,104.29,0,0,,10,0
MR Marsh,2013,8,140,106,132.08,7,19.2,9.41,7,0
MK Pandey,2013,7,136,137,99.27,0,0,,6,0
A Ashish Reddy,2013,10,125,89,140.45,3,6.4,10.5,6,0
DH Yagnik,2013,9,125,96,130.21,0,0,,6,1
MC Juneja,2013,7,125,128,97.66,0,0,,0,0
S Badrinath,2013,7,124,121,102.48,0,0,,1,1
AP Tare,2013,5,123,84,146.43,0,0,,0,0
BB Samantray,2013,7,123,111,110.81,0,0,,3,1
DJ Bravo,2013,18,121,106,114.15,32,62.3,7.95,12,1
KC Sangakkara,2013,9,120,136,88.24,0,0,,3,0
Harbhajan Singh,2013,19,116,79,146.84,24,70,6.51,7,0
R Sathish,2013,8,109,77,141.56,0,4,12.75,0,2
SS Tiwary,2013,6,109,106,102.83,0,0,,2,0
Gurkeerat Singh,2013,9,108,95,113.68,0,0,,4,0
LJ Wright,2013,5,106,60,176.67,2,9.5,10.17,2,1
R Bhatia,2013,15,99,80,123.75,11,43.5,7.57,0,0
CA Pujara,2013,4,92,99,92.93,0,0,,1,0
PA Reddy,2013,7,91,101,90.1,0,0,,2,1
A Mishra,2013,17,89,96,92.71,21,62,6.35,1,1
KV Sharma,2013,13,85,86,98.84,12,34.5,6.6,3,0
RN ten Doeschate,2013,4,85,63,134.92,0,3,8,1,0
TM Dilshan,2013,5,76,93,81.72,0,1,10,2,0
DB Das,2013,6,75,74,101.35,0,0,,2,1
R Vinay Kumar,2013,16,70,44,159.09,23,61.1,8.39,6,2
WP Saha,2013,3,70,56,125,0,0,,0,0
MA Agarwal,2013,5,67,62,108.06,0,0,,3,0
AM Nayar,2013,9,66,73,90.41,2,8,7.38,1,1
PP Chawla,2013,16,64,57,112.28,11,58.2,7.17,0,1
LRPL Taylor,2013,5,63,76,82.89,0,0,,2,0
LA Pomersbach,2013,3,58,59,98.31,0,0,,0,0
JP Faulkner,2013,16,57,57,100,28,63.1,6.76,3,2
M Morkel,2013,10,57,29,196.55,7,40,8.38,0,1
DW Steyn,2013,17,53,36,147.22,19,68.5,5.8,3,1
B Kumar,2013,16,52,71,73.24,13,57,6.51,2,0
RT Ponting,2013,5,52,75,69.33,0,0,,2,0
TL Suman,2013,5,52,58,89.66,1,2,7.5,2,0
P Kumar,2013,15,47,39,120.51,12,56.2,6.62,1,0
JA Morkel,2013,7,46,37,124.32,7,24,6.62,1,2
MS Gony,2013,8,45,25,180,7,28,9.14,0,0
CM Gautam,2013,3,44,34,129.41,0,0,,0,0
J Botha,2013,6,43,52,82.69,5,16.4,6.54,4,0
KB Arun Karthik,2013,5,41,38,107.89,0,0,,9,0
KK Cooper,2013,14,39,22,177.27,19,54,8.31,7,2
MG Johnson,2013,17,39,36,108.33,24,64,7.17,7,1
R Rampaul,2013,10,38,37,102.7,15,38.4,7.03,4,0
UT Yadav,2013,16,38,38,100,16,58.5,8.89,5,1
GJ Maxwell,2013,3,36,27,133.33,0,2,11.5,1,1
R Ashwin,2013,18,35,49,71.43,15,58,6.72,3,0
KW Richardson,2013,3,34,36,94.44,2,11.5,8.54,0,0
OA Shah,2013,2,25,23,108.7,0,0,,0,0
BMAJ Mendis,2013,3,23,27,85.19,1,5,7.2,2,1
S Narwal,2013,1,23,15,153.33,0,2,8.5,0,0
RE van der Merwe,2013,3,22,25,88,3,11,6.45,0,0
B Lee,2013,3,21,12,175,4,12,7.17,1,0
R Dhawan,2013,5,21,21,100,2,15,7.27,3,1
SP Narine,2013,16,21,19,110.53,22,64,5.47,3,0
KL Rahul,2013,2,20,16,125,0,0,,2,0
A Mukund,2013,1,19,21,90.48,0,0,,0,0
B Chipli,2013,1,16,18,88.89,0,0,,0,0
CH Morris,2013,16,14,16,87.5,15,50,8.02,5,0
DB Ravi Teja,2013,2,14,17,82.35,0,0,,0,0
MDKJ Perera,2013,2,14,13,107.69,0,0,,0,0
S Nadeem,2013,12,14,27,51.85,9,44,5.89,1,1
M Manhas,2013,2,13,17,76.47,0,0,,2,0
AB Agarkar,2013,4,12,16,75,0,10,9.2,1,0
AD Russell,2013,3,11,14,78.57,0,7,9.71,1,0
R Sharma,2013,11,11,17,64.71,9,41,6.85,2,0
J Syed Mohammad,2013,4,10,13,76.92,3,10,9.1,0,0
SMSM Senanayake,2013,8,10,17,58.82,9,32,6.53,2,0
X Thalaivan Sargunam,2013,1,10,17,58.82,0,0,,0,0
AB Dinda,2013,13,9,11,81.82,16,49,9.49,3,1
KK Nair,2013,2,9,12,75,0,0,,0,0
L Balaji,2013,13,9,10,90,12,50,7.74,2,1
NM Coulter-Nile,2013,1,9,6,150,1,4,7.25,1,0
NV Ojha,2013,2,9,10,90,0,0,,1,0
SL Malinga,2013,17,9,18,50,20,65.2,7.16,2,0
Iqbal Abdulla,2013,5,8,14,57.14,7,18.5,7.54,0,0
MN Samuels,2013,2,8,18,44.44,1,4,8.5,1,0
S Kaul,2013,6,7,9,77.78,4,21.5,7.79,1,0
UA Birla,2013,1,7,14,50,0,0,,1,0
BB McCullum,2013,1,6,7,85.71,0,0,,1,0
DT Christian,2013,2,6,15,40,0,6,9.17,1,0
PC Valthaty,2013,1,6,17,35.29,0,0,,0,0
Q de Kock,2013,3,6,15,40,0,0,,3,0
AD Mascarenhas,2013,1,5,5,100,0,4,6.25,0,0
AG Murtaza,2013,3,5,4,125,3,10,9.4,1,1
M Rawat,2013,1,5,11,45.45,0,0,,1,0
Mohammed Shami,2013,3,5,10,50,1,9,8.67,0,1
P Dogra,2013,1,5,8,62.5,0,0,,1,0
Parvez Rasool,2013,2,5,9,55.56,1,5,5.6,0,0
WD Parnell,2013,4,5,7,71.43,7,14.5,9.24,1,0
A Chandila,2013,8,4,6,66.67,6,25,6.24,1,0
B Laughlin,2013,2,4,9,44.44,1,7,10.14,0,0
PJ Sangwan,2013,2,4,2,200,0,4,12.75,0,0
RV Gomez,2013,1,4,1,400,0,1,5,2,0
Harmeet Singh,2013,4,3,4,75,6,15.2,7.89,0,0
LR Shukla,2013,2,3,12,25,1,3,7.33,2,0
PV Tambe,2013,3,3,6,50,1,11,8,0,0
R McLaren,2013,2,3,6,50,3,7,13.43,1,0
SK Trivedi,2013,17,3,7,42.86,12,59.5,6.85,4,0
Sachin Baby,2013,1,3,7,42.86,0,0,,2,0
A Mithun,2013,1,2,2,100,1,4,9.25,0,0
AS Rajpoot,2013,2,2,6,33.33,1,4,8.75,0,0
BAW Mendis,2013,3,2,4,50,2,12,6.5,0,0
JD Unadkat,2013,13,2,2,100,13,49,7.55,1,1
M Kartik,2013,11,2,3,66.67,9,39,7.28,4,0
PP Ojha,2013,15,2,4,50,16,52.2,7.28,2,0
RJ Harris,2013,3,2,5,40,1,12,6,0,0
A Nehra,2013,10,1,8,12.5,11,36,8.78,0,0
AL Menaria,2013,1,1,2,50,0,0,,0,0
K Upadhyay,2013,2,1,1,100,0,5,9.6,1,0
P Awana,2013,14,1,9,11.11,15,54,7.63,1,0
R Shukla,2013,3,1,2,50,3,8,9.88,2,1
S Sreesanth,2013,7,1,4,25,5,21.4,7.52,0,0
SW Tait,2013,3,1,3,33.33,1,10,9.8,0,0
AA Chavan,2013,3,0,0,,1,9,7,0,0
AB McDonald,2013,1,0,2,0,1,2,8.5,0,0
AN Ahmed,2013,2,0,0,,3,7,6.43,1,0
AR Patel,2013,0,0,0,,0,0,,1,0
Anand Rajan,2013,2,0,0,,2,8,5.25,1,0
Ankit Sharma,2013,1,0,0,,0,2,8.5,1,0
BA Bhatt,2013,2,0,0,,1,5,6.4,0,0
Bipul Sharma,2013,1,0,0,,1,4,5.25,0,0
DP Nannes,2013,5,0,0,,4,19.5,7.97,3,0
DS Kulkarni,2013,6,0,0,,8,18.4,8.09,0,0
GB Hogg,2013,1,0,0,,0,3.2,9.3,0,0
I Sharma,2013,16,0,0,,15,59.4,7.81,6,2
IC Pandey,2013,2,0,2,0,1,4,12.5,0,0
JDP Oram,2013,1,0,0,,0,4,5.5,0,0
JJ Bumrah,2013,2,0,0,,3,7,10,0,0
JO Holder,2013,6,0,0,,2,20,8.4,3,0
M Muralitharan,2013,6,0,0,,3,23,7.7,1,1
MG Neser,2013,1,0,0,,0,4,15.5,0,0
MM Patel,2013,4,0,0,,3,15,9.13,0,0
MM Sharma,2013,15,0,5,0,20,50.4,6.43,2,1
P Negi,2013,1,0,0,,0,4,7,0,0
P Suyal,2013,1,0,0,,1,3,7,1,0
RP Singh,2013,11,0,0,,13,39.5,8.41,4,1
S Anirudha,2013,1,0,2,0,0,0,,0,0
S Badree,2013,1,0,0,,0,4,8.5,0,0
S Ladda,2013,1,0,0,,1,2,9,0,0
Sandeep Sharma,2013,4,0,1,0,8,16,7.44,0,0
VS Malik,2013,3,0,0,,2,10,5.9,0,0
YS Chahal,2013,1,0,0,,0,4,8.5,0,0
Z Khan,2013,2,0,0,,5,6,7.83,0,0
RV Uthappa,2014,16,660,479,137.79,0,0,,1,2
DR Smith,2014,16,566,416,136.06,4,10,9.5,5,0
GJ Maxwell,2014,16,552,294,187.76,1,11,12,9,1
DA Warner,2014,14,528,375,140.8,0,0,,8,1
SK Raina,2014,16,523,359,145.68,1,18,7.44,12,2
V Sehwag,2014,17,455,315,144.44,0,0,,5,0
DA Miller,2014,16,446,299,149.16,0,0,,14,0
JP Duminy,2014,14,410,305,134.43,3,33,7.27,2,0
MK Pandey,2014,15,409,343,119.24,0,0,,3,5
BB McCullum,2014,14,405,333,121.62,0,0,,6,1
AB de Villiers,2014,13,395,249,158.63,0,0,,7,0
LMP Simmons,2014,8,394,291,135.4,1,3,11.33,2,0
RG Sharma,2014,15,390,302,129.14,1,3,8.67,5,2
S Dhawan,2014,14,377,319,118.18,0,0,,5,0
Yuvraj Singh,2014,14,376,278,135.25,5,22.4,8.25,3,2
MS Dhoni,2014,15,371,250,148.4,0,0,,3,3
WP Saha,2014,13,362,249,145.38,0,0,,8,0
AT Rayudu,2014,14,361,287,125.78,0,0,,6,1
V Kohli,2014,14,359,294,122.11,0,0,,7,1
AM Rahane,2014,12,339,291,116.49,0,0,,6,1
SV Samson,2014,13,339,273,124.18,0,0,,5,4
G Gambhir,2014,16,335,293,114.33,0,0,,3,0
KK Nair,2014,11,330,232,142.24,0,0,,4,1
KD Karthik,2014,14,325,258,125.97,0,0,,7,2
M Vohra,2014,8,324,233,139.06,0,0,,3,1
AJ Finch,2014,13,309,263,117.49,0,0,,6,1
F du Plessis,2014,12,303,235,128.94,0,0,,13,1
KP Pietersen,2014,11,294,233,126.18,0,0,,2,0
KA Pollard,2014,15,273,203,134.48,2,25,10.48,7,1
YK Pathan,2014,12,268,165,162.42,0,1,10,5,1
CJ Anderson,2014,11,265,181,146.41,4,18,10.22,5,0
GJ Bailey,2014,16,257,190,135.26,0,0,,8,4
SR Watson,2014,13,246,199,123.62,7,21,7.86,3,0
NV Ojha,2014,10,232,161,144.1,0,0,,6,3
Shakib Al Hasan,2014,13,229,154,148.7,11,50,6.68,2,0
MEK Hussey,2014,9,209,182,114.84,0,0,,3,0
M Vijay,2014,11,207,193,107.25,0,1,13,8,0
PA Patel,2014,12,205,185,110.81,0,0,,11,2
CH Gayle,2014,9,196,184,106.52,0,0,,2,0
JP Faulkner,2014,13,181,94,192.55,11,44,9.75,2,1
KL Rahul,2014,8,166,164,101.22,0,0,,4,0
SA Yadav,2014,10,164,118,138.98,0,1,8,7,1
Q de Kock,2014,7,153,130,117.69,0,0,,2,0
MK Tiwary,2014,8,152,118,128.81,0,2,14,1,1
SPD Smith,2014,7,152,113,134.51,0,0,,9,1
JH Kallis,2014,8,151,129,117.05,4,22,8.45,2,0
KM Jadhav,2014,10,149,101,147.52,0,0,,3,0
RA Jadeja,2014,16,146,110,132.73,19,54.2,8.15,3,0
AP Tare,2014,11,126,98,128.57,0,0,,0,0
CA Pujara,2014,6,125,124,100.81,0,0,,0,0
STR Binny,2014,11,123,121,101.65,3,9,7.11,3,1
CM Gautam,2014,9,121,111,109.01,0,0,,3,0
DJ Hussey,2014,4,116,94,123.4,2,2.5,13.41,1,0
MA Agarwal,2014,8,115,91,126.37,0,0,,1,0
DJG Sammy,2014,9,108,91,118.68,3,14,11.21,5,0
YV Takawale,2014,5,104,91,114.29,0,0,,2,1
BJ Hodge,2014,4,101,72,140.28,0,0,,2,0
MA Starc,2014,14,85,84,101.19,14,53.4,7.49,9,0
R Dhawan,2014,13,82,75,109.33,13,47.2,7.71,3,1
S Rana,2014,7,73,65,112.31,0,2,8,3,0
Y Venugopal Rao,2014,5,71,63,112.7,0,2,8,2,0
SE Marsh,2014,2,70,52,134.62,0,0,,2,0
R Bhatia,2014,12,67,53,126.42,12,38,7.45,4,1
AR Patel,2014,17,62,60,103.33,17,66,6.14,7,0
LRPL Taylor,2014,4,59,59,100,0,0,,2,0
CA Lynn,2014,2,58,49,118.37,0,0,,2,0
MG Johnson,2014,14,56,50,112,17,53.3,8.3,4,2
IK Pathan,2014,10,55,54,101.85,4,23.4,8.66,2,0
RN ten Doeschate,2014,6,52,33,157.58,1,5,7,2,0
JA Morkel,2014,6,45,41,109.76,4,16,7.88,2,0
R Ashwin,2014,16,45,45,100,16,59.5,7.3,1,1
AM Nayar,2014,4,43,47,91.49,0,0,,1,0
JDS Neesham,2014,4,42,46,91.3,1,9,10.11,0,0
KV Sharma,2014,14,42,29,144.83,15,50.4,7.42,0,1
BR Dunk,2014,3,40,35,114.29,0,0,,4,0
KK Cooper,2014,5,39,26,150,4,18,7.44,2,0
RR Rossouw,2014,3,39,41,95.12,0,0,,1,0
DS Kulkarni,2014,8,35,25,140,6,27,8.19,2,0
M Manhas,2014,5,35,23,152.17,0,0,,3,0
VR Aaron,2014,10,35,34,102.94,16,36.4,8.15,0,0
Ankit Sharma,2014,2,34,30,113.33,4,8,5.38,0,0
LR Shukla,2014,5,31,38,81.58,1,9.2,8.89,1,0
PP Chawla,2014,11,31,19,163.16,14,39.3,7.67,2,2
VH Zol,2014,2,29,26,111.54,0,0,,0,0
Harbhajan Singh,2014,14,28,25,112,14,55,6.47,3,0
Mandeep Singh,2014,3,24,26,92.31,0,0,,1,0
DW Steyn,2014,14,22,26,84.62,11,56,7.7,7,0
R Shukla,2014,3,18,21,85.71,2,9,10.89,1,2
JO Holder,2014,1,16,12,133.33,1,3,11.67,2,0
NJ Maddinson,2014,2,16,14,114.29,0,0,,1,0
R Tewatia,2014,3,16,13,123.08,2,9,6.56,0,0
HV Patel,2014,3,13,7,185.71,4,11,10.27,0,0
R Rampaul,2014,2,13,13,100,1,6,6.17,0,0
S Gopal,2014,4,11,10,110,6,14,8.07,0,0
SP Narine,2014,16,10,14,71.43,21,65,6.43,2,1
MC Henriques,2014,4,9,14,64.29,4,10,9.6,1,0
BCJ Cutting,2014,1,8,6,133.33,1,4,7.75,1,1
DJ Bravo,2014,1,8,3,266.67,0,0,,0,0
Imran Tahir,2014,6,8,10,80,9,20.5,8.21,0,0
Z Khan,2014,6,8,7,114.29,5,22.2,6.54,0,0
S Nadeem,2014,11,7,19,36.84,8,38,8.18,0,1
PV Tambe,2014,13,5,9,55.56,15,49,7.27,0,0
Shivam Sharma,2014,4,5,3,166.67,3,16,7.56,1,0
A Mishra,2014,10,4,7,57.14,7,37.3,9.07,0,0
AB Dinda,2014,9,4,12,33.33,5,31,8.71,0,0
AN Ahmed,2014,4,4,1,400,3,14.2,7.88,0,0
DH Yagnik,2014,1,4,6,66.67,0,0,,1,0
M Morkel,2014,12,4,3,133.33,12,48,7.65,6,0
PP Ojha,2014,12,4,8,50,4,46,8.26,0,0
R Vinay Kumar,2014,9,4,6,66.67,7,32,8.78,1,0
TG Southee,2014,3,4,4,100,0,10,7.6,2,0
MS Bisla,2014,1,3,9,33.33,0,0,,1,0
Mohammed Shami,2014,12,3,7,42.86,7,44,8.39,0,2
S Anirudha,2014,1,3,5,60,0,0,,0,0
AD Russell,2014,2,2,8,25,1,5,10.4,0,0
S Kaul,2014,5,2,2,100,2,13,9.69,0,0
SL Malinga,2014,10,2,4,50,16,39.2,6.56,0,0
Sandeep Sharma,2014,11,2,5,40,18,40.1,8.81,1,0
UBT Chand,2014,1,2,9,22.22,0,0,,0,0
UT Yadav,2014,12,2,4,50,11,45,8.16,2,0
WD Parnell,2014,8,2,2,100,6,30.1,7.39,3,0
B Kumar,2014,14,1,4,25,20,53.1,6.66,0,1
JD Unadkat,2014,9,1,6,16.67,10,31.1,8.66,0,0
JJ Bumrah,2014,11,1,3,33.33,5,39.4,7.59,0,0
KW Richardson,2014,7,1,2,50,9,27,7.63,3,0
Karanveer Singh,2014,5,1,1,100,11,20,8.2,1,0
L Balaji,2014,9,1,3,33.33,12,34,8.79,0,0
M de Lange,2014,1,1,2,50,2,4,8,0,0
MM Sharma,2014,16,1,3,33.33,23,53.5,8.4,3,0
P Kumar,2014,3,1,2,50,3,12,6.5,0,2
VS Malik,2014,1,1,2,50,1,3,9.67,1,0
YS Chahal,2014,14,1,1,100,12,55,7.02,3,0
A Nehra,2014,4,0,0,,8,15,9.47,0,0
AV Wankhade,2014,0,0,0,,0,0,,1,0
BE Hendricks,2014,3,0,1,0,4,12,10.5,1,0
BW Hilfenhaus,2014,8,0,0,,8,28,8.79,1,0
I Sharma,2014,3,0,0,,3,11,9.18,0,0
IC Pandey,2014,12,0,0,,6,42,7.57,4,0
Iqbal Abdulla,2014,1,0,0,,0,2,8.5,1,0
JW Hastings,2014,1,0,0,,1,3,9.67,0,0
K Santokie,2014,2,0,0,,3,8,11.25,1,0
M Kartik,2014,2,0,0,,1,8,11.38,1,0
M Muralitharan,2014,5,0,0,,3,16,7.75,0,0
NM Coulter-Nile,2014,1,0,0,,2,4,6.75,0,0
P Awana,2014,7,0,0,,7,23.3,10.43,0,0
P Negi,2014,2,0,0,,0,7,10.71,1,0
P Suyal,2014,1,0,0,,1,3,11.67,0,0
PJ Cummins,2014,1,0,0,,1,4,7.25,0,0
Parvez Rasool,2014,3,0,0,,1,9,9.22,1,0
R Sharma,2014,2,0,0,,1,6,10.83,0,0
S Badree,2014,4,0,0,,2,14,6.93,0,0
SB Jakati,2014,1,0,0,,0,3.4,11.18,0,0
V Shankar,2014,1,0,0,,0,1,19,0,0
DA Warner,2015,14,562,359,156.55,0,0,,8,0
AM Rahane,2015,13,540,413,130.75,0,0,,3,2
LMP Simmons,2015,13,540,441,122.45,0,0,,6,1
AB de Villiers,2015,14,513,293,175.09,0,0,,8,1
V Kohli,2015,16,505,386,130.83,0,1.5,5.45,7,2
CH Gayle,2015,14,491,333,147.45,0,2,7.5,1,0
RG Sharma,2015,16,482,333,144.74,0,0,,5,1
SS Iyer,2015,14,439,342,128.36,0,0,,2,0
BB McCullum,2015,14,436,280,155.71,0,0,,2,0
KA Pollard,2015,14,419,256,163.67,3,12.4,9.47,8,1
JP Duminy,2015,13,414,315,131.43,8,17,7.41,7,1
DR Smith,2015,16,399,335,119.1,1,2,8.5,9,1
F du Plessis,2015,15,380,304,125,0,0,,8,1
SK Raina,2015,17,374,305,122.62,2,12,7.75,10,0
MS Dhoni,2015,17,372,305,121.97,0,0,,8,2
RV Uthappa,2015,13,364,277,131.41,0,0,,7,0
DA Miller,2015,13,357,267,133.71,0,0,,7,0
S Dhawan,2015,14,353,286,123.43,0,0,,6,0
SR Watson,2015,10,347,258,134.5,6,29,9.28,1,1
PA Patel,2015,14,339,246,137.8,0,0,,7,2
G Gambhir,2015,13,327,278,117.63,0,0,,3,1
AD Russell,2015,13,326,169,192.9,14,40.4,7.97,5,0
YK Pathan,2015,12,312,231,135.06,2,10,9.7,3,1
SPD Smith,2015,12,298,223,133.63,0,0,,7,1
MC Henriques,2015,9,287,211,136.02,11,25,6.32,1,0
AT Rayudu,2015,14,281,193,145.6,0,0,,9,0
GJ Bailey,2015,12,259,190,136.32,0,0,,1,1
M Vijay,2015,11,251,228,110.09,0,4,7,4,0
WP Saha,2015,13,249,197,126.4,0,0,,11,0
Yuvraj Singh,2015,13,248,210,118.1,1,9,8,2,0
MK Pandey,2015,12,225,184,122.28,0,0,,5,3
MA Agarwal,2015,10,213,177,120.34,0,0,,3,0
AR Patel,2015,14,206,174,118.39,13,46.4,8.4,6,2
SV Samson,2015,11,204,163,125.15,0,0,,9,2
DJ Bravo,2015,16,195,148,131.76,26,52.2,8.14,12,2
KM Jadhav,2015,12,189,140,135,0,0,,6,0
EJG Morgan,2015,9,187,151,123.84,0,0,,5,0
KK Nair,2015,12,181,145,124.83,0,0,,3,0
Mandeep Singh,2015,8,157,100,157,0,0,,7,0
SA Yadav,2015,13,157,113,138.94,0,0,,7,0
DJ Hooda,2015,9,151,95,158.95,1,15.1,8.51,1,1
GJ Maxwell,2015,11,146,113,129.2,2,10,9.7,2,0
RS Bopara,2015,8,145,120,120.83,6,20,8,1,0
AD Mathews,2015,10,144,104,138.46,7,30,8.2,5,0
JP Faulkner,2015,13,144,110,130.91,8,45,9.47,4,0
KL Rahul,2015,8,142,126,112.7,0,0,,1,1
KD Karthik,2015,11,141,117,120.51,0,0,,14,3
NV Ojha,2015,11,137,121,113.22,0,0,,6,0
RA Jadeja,2015,15,132,126,104.76,11,42.4,7.73,13,2
D Wiese,2015,13,122,86,141.86,16,42.2,8.34,4,0
Q de Kock,2015,3,122,77,158.44,0,0,,0,0
Harbhajan Singh,2015,15,117,73,160.27,18,57,7.82,2,0
P Negi,2015,10,116,73,158.9,6,30,8.4,4,1
CJ Anderson,2015,4,114,97,117.53,1,4,8.25,1,0
HH Pandya,2015,8,112,62,180.65,1,17,10.35,7,1
SN Khan,2015,7,111,71,156.34,0,0,,0,1
SS Tiwary,2015,6,109,78,139.74,0,0,,5,0
KV Sharma,2015,14,104,85,122.35,10,39.5,8.33,4,0
UBT Chand,2015,5,102,83,122.89,0,0,,4,0
V Sehwag,2015,8,99,84,117.86,0,0,,0,0
SE Marsh,2015,4,93,63,147.62,0,0,,0,0
JA Morkel,2015,4,86,65,132.31,3,12,9.08,1,0
M Vohra,2015,7,82,81,101.23,0,0,,2,0
MEK Hussey,2015,4,77,70,110,0,0,,1,0
CH Morris,2015,11,76,46,165.22,14,43,7.56,3,0
STR Binny,2015,10,74,66,112.12,5,19,7.37,5,1
A Ashish Reddy,2015,5,73,46,158.7,3,6,8.33,1,1
RN ten Doeschate,2015,5,61,45,135.56,0,1,4,1,2
MK Tiwary,2015,2,57,56,101.79,0,0,,2,0
PP Chawla,2015,13,54,47,114.89,11,35,7.69,2,0
R Ashwin,2015,13,52,32,162.5,10,39,5.85,3,0
J Suchith,2015,12,48,32,150,10,39,8.64,7,1
GH Vihari,2015,4,39,35,111.43,0,0,,2,1
MS Bisla,2015,2,37,30,123.33,0,0,,1,1
R Dhawan,2015,5,36,33,109.09,1,12,9.17,0,0
Shakib Al Hasan,2015,4,36,27,133.33,4,14,8.79,0,1
Gurkeerat Singh,2015,5,35,39,89.74,3,9,7.33,1,0
J Botha,2015,4,31,15,206.67,1,10,8.1,4,0
KS Williamson,2015,2,31,27,114.81,0,0,,2,0
MG Johnson,2015,9,31,36,86.11,10,36.2,9.41,0,0
UT Yadav,2015,12,29,14,207.14,10,42,9.1,5,0
MM Sharma,2015,16,28,18,155.56,14,57,8.44,5,0
AJ Finch,2015,3,23,33,69.7,0,0,,0,0
DW Steyn,2015,6,20,13,153.85,3,19,8.95,2,0
Iqbal Abdulla,2015,5,20,18,111.11,4,19,7.89,1,0
NM Coulter-Nile,2015,11,20,18,111.11,15,42.3,7.55,5,1
HV Patel,2015,14,19,12,158.33,17,43.5,7.48,1,1
Anureet Singh,2015,14,18,31,58.06,15,51.4,9,4,1
B Kumar,2015,14,17,10,170,18,51.4,7.88,4,1
P Kumar,2015,12,17,25,68,7,36,9.14,3,0
SA Abbott,2015,2,15,13,115.38,0,5,11.4,0,0
AP Tare,2015,2,14,17,82.35,0,0,,1,0
RR Rossouw,2015,2,14,10,140,0,0,,2,0
DJG Sammy,2015,2,13,18,72.22,0,3,8.33,1,0
MJ McClenaghan,2015,12,13,6,216.67,18,47,8.21,0,1
TG Southee,2015,7,13,9,144.44,6,28,8.82,4,1
NLTC Perera,2015,2,12,15,80,1,6,9.17,0,0
Karanveer Singh,2015,4,11,16,68.75,1,14,11.21,1,0
MA Starc,2015,12,11,14,78.57,20,43,6.77,7,0
AN Ahmed,2015,3,10,5,200,1,12,10.67,0,0
Sandeep Sharma,2015,14,9,14,64.29,13,50,7,2,0
A Mishra,2015,12,8,12,66.67,9,40.1,7.72,2,0
Ankit Sharma,2015,4,7,6,116.67,3,14,8.14,2,0
GB Hogg,2015,6,7,6,116.67,9,21,6.86,0,0
SN Thakur,2015,1,7,6,116.67,1,3,12.67,0,0
Azhar Mahmood,2015,1,6,7,85.71,0,3,13.67,0,0
SL Malinga,2015,15,6,10,60,24,60,7.4,2,1
VR Aaron,2015,5,6,3,200,3,17.2,10.21,1,0
Imran Tahir,2015,10,5,6,83.33,15,35.3,8.85,3,0
CM Gautam,2015,1,4,5,80,0,0,,0,0
DS Kulkarni,2015,11,4,11,36.36,13,35,7.91,3,0
M Morkel,2015,7,4,3,133.33,10,28,7.36,1,1
NJ Maddinson,2015,1,4,7,57.14,0,0,,0,0
PV Tambe,2015,10,3,5,60,7,34,7.82,0,0
Parvez Rasool,2015,2,2,2,100,1,5,6.2,0,0
RG More,2015,2,2,2,100,1,5.5,10.11,1,0
S Nadeem,2015,2,2,7,28.57,0,7,6.14,3,0
A Nehra,2015,16,1,7,14.29,22,62,7.24,3,0
BE Hendricks,2015,4,1,2,50,5,13,8.38,2,0
Bipul Sharma,2015,3,1,2,50,3,7,7.14,0,1
DJ Muthuswami,2015,6,1,3,33.33,4,14,7.21,0,0
J Theron,2015,1,1,1,100,1,4,10,0,0
S Gopal,2015,1,1,1,100,1,2.1,10.62,0,0
YS Chahal,2015,14,1,1,100,23,46.5,8.86,3,2
AB Dinda,2015,2,0,0,,0,5,12.4,1,0
B Aparajith,2015,0,0,0,,0,0,,1,0
BB Sran,2015,1,0,0,,0,3,11.67,0,0
GS Sandhu,2015,2,0,0,,1,8,10.25,0,0
I Sharma,2015,4,0,0,,1,14,11.36,0,0
IC Pandey,2015,10,0,0,,11,31,7.19,2,0
J Yadav,2015,3,0,0,,2,7,4.14,2,0
JD Unadkat,2015,1,0,0,,0,3,10,0,0
JJ Bumrah,2015,4,0,0,,3,15,12.27,0,0
KC Cariappa,2015,1,0,0,,1,2,14,0,0
M de Lange,2015,1,0,0,,0,4,7.5,0,0
P Suyal,2015,3,0,0,,0,10,9.5,0,0
PJ Cummins,2015,3,0,2,0,1,10,9.7,1,0
PP Ojha,2015,1,0,0,,0,2,11.5,0,0
R Bhatia,2015,2,0,1,0,0,5,9.2,0,0
R Tewatia,2015,1,0,0,,1,3,10.33,0,1
R Vinay Kumar,2015,13,0,2,0,7,43.3,8.46,6,0
S Aravind,2015,5,0,1,0,8,18,7.33,0,0
SP Narine,2015,8,0,1,0,7,32,7.31,0,0
Shivam Sharma,2015,1,0,0,,1,3,14.67,0,0
TA Boult,2015,7,0,0,,9,28,8.43,2,2
Z Khan,2015,7,0,0,,7,24.1,6.46,0,0
V Kohli,2016,16,973,640,152.03,0,1,13,6,1
DA Warner,2016,17,848,560,151.43,0,0,,4,0
AB de Villiers,2016,16,687,407,168.8,0,0,,19,0
G Gambhir,2016,15,501,411,121.9,0,0,,1,0
S Dhawan,2016,17,501,429,116.78,0,0,,5,1
RG Sharma,2016,14,489,368,132.88,0,0,,2,1
AM Rahane,2016,14,480,379,126.65,0,0,,7,1
M Vijay,2016,14,453,364,124.45,0,1,8,2,0
Q de Kock,2016,13,445,327,136.09,0,0,,2,0
SK Raina,2016,15,399,312,127.88,0,10,8.2,7,1
KL Rahul,2016,12,397,271,146.49,0,0,,5,1
RV Uthappa,2016,15,394,289,136.33,0,0,,10,0
AJ Finch,2016,12,393,299,131.44,0,0,,3,0
YK Pathan,2016,13,361,248,145.56,1,6,5.5,3,0
KK Nair,2016,12,357,297,120.2,0,0,,3,1
BB McCullum,2016,16,354,262,135.11,0,0,,0,1
KD Karthik,2016,15,335,266,125.94,0,0,,11,1
AT Rayudu,2016,12,334,278,120.14,0,0,,4,1
DR Smith,2016,12,324,221,146.61,8,18,8.5,7,0
SV Samson,2016,14,291,259,112.36,0,0,,3,0
MS Dhoni,2016,12,284,210,135.24,0,0,,8,1
SPD Smith,2016,7,270,176,153.41,0,0,,2,0
WP Saha,2016,12,270,212,127.36,0,0,,7,0
JC Buttler,2016,14,255,184,138.59,0,0,,7,0
MK Pandey,2016,11,248,183,135.52,0,0,,7,2
KH Pandya,2016,11,237,124,191.13,6,31.1,7.57,2,0
Yuvraj Singh,2016,10,236,179,131.84,0,6.1,8.43,1,1
CH Gayle,2016,10,227,150,151.33,2,10,6.3,4,0
KA Pollard,2016,12,207,144,143.75,0,6,13.5,5,0
F du Plessis,2016,6,206,162,127.16,0,0,,4,0
RR Pant,2016,10,198,152,130.26,0,0,,3,0
CH Morris,2016,12,195,109,178.9,13,44,7,8,2
JP Duminy,2016,8,191,156,122.44,2,7,7.86,3,1
RA Jadeja,2016,15,191,177,107.91,8,40.1,7.74,4,0
AD Russell,2016,12,188,114,164.91,15,36.3,7.97,1,1
MC Henriques,2016,17,182,158,115.19,12,52,7.98,11,1
SA Yadav,2016,11,182,143,127.27,0,0,,6,1
GJ Maxwell,2016,10,179,124,144.35,0,9,8.89,3,2
SR Watson,2016,16,179,134,133.58,20,56.3,8.58,6,4
PA Patel,2016,10,177,152,116.45,0,0,,9,0
SS Tiwary,2016,7,170,141,120.57,0,0,,4,3
DA Miller,2016,13,161,131,122.9,0,0,,10,3
M Vohra,2016,7,161,131,122.9,0,0,,3,0
SE Marsh,2016,6,159,134,118.66,0,0,,1,0
HM Amla,2016,6,157,119,131.93,0,0,,0,0
NLTC Perera,2016,11,150,93,161.29,9,33.1,9.83,5,1
MP Stoinis,2016,7,146,108,135.19,8,23,8.43,0,0
DJ Hooda,2016,15,144,121,119.01,3,13,7.46,3,2
NV Ojha,2016,13,136,138,98.55,0,0,,18,1
UT Khawaja,2016,6,127,100,127,0,0,,1,0
KS Williamson,2016,6,124,122,101.64,0,1,7,5,0
EJG Morgan,2016,6,123,105,117.14,0,0,,3,0
Sachin Baby,2016,6,119,79,150.63,2,1.4,4.8,1,1
Shakib Al Hasan,2016,9,114,106,107.55,5,31,7.84,4,2
Gurkeerat Singh,2016,6,113,86,131.4,2,4,7.75,5,0
AR Patel,2016,14,111,77,144.16,13,47.5,8.11,2,0
N Rana,2016,3,104,75,138.67,0,1,3,0,0
DJ Bravo,2016,15,99,82,120.73,17,56,8.82,4,1
Harbhajan Singh,2016,14,92,84,109.52,9,49,8,3,2
SW Billings,2016,4,88,64,137.5,0,0,,3,1
GJ Bailey,2016,5,84,98,85.71,0,0,,2,0
CR Brathwaite,2016,8,83,38,218.42,7,23.1,8.16,3,1
JP Faulkner,2016,7,77,59,130.51,2,17,9.82,3,1
KP Pietersen,2016,4,73,61,119.67,0,0,,1,0
SN Khan,2016,4,66,31,212.9,0,0,,0,0
BCJ Cutting,2016,4,65,34,191.18,5,11.1,7.16,1,0
STR Binny,2016,11,63,39,161.54,1,17,7.88,3,0
MJ Guptill,2016,3,57,55,103.64,0,0,,0,0
P Negi,2016,6,57,59,96.61,1,9,9.33,2,1
TM Head,2016,3,54,40,135,0,0,,0,0
Bipul Sharma,2016,6,51,25,204,3,14,8.64,2,0
A Ashish Reddy,2016,3,47,29,162.07,1,3.5,10.17,1,0
HH Pandya,2016,10,44,63,69.84,3,16.4,9.18,6,0
B Kumar,2016,17,43,27,159.26,23,66,7.42,5,1
Ishan Kishan,2016,5,42,41,102.44,0,0,,1,0
KM Jadhav,2016,3,42,32,131.25,0,0,,1,0
R Ashwin,2016,14,41,38,107.89,10,44,7.25,3,0
Iqbal Abdulla,2016,8,37,27,137.04,6,25,8.52,3,0
KV Sharma,2016,5,36,30,120,0,16.2,10.47,0,0
MJ McClenaghan,2016,14,34,23,147.83,17,53.2,8.17,0,0
R Bhatia,2016,10,34,20,170,6,34,7.18,2,0
MM Sharma,2016,14,32,26,123.08,13,48.3,8.39,2,1
C Munro,2016,3,30,30,100,0,2,7.5,2,0
SS Iyer,2016,6,30,43,69.77,0,0,,4,2
TG Southee,2016,11,30,19,157.89,9,43,7.65,3,1
DS Kulkarni,2016,14,27,16,168.75,18,49,7.43,2,0
MA Agarwal,2016,3,27,25,108,0,0,,0,0
PP Chawla,2016,11,27,26,103.85,11,35.2,7.73,3,1
CA Lynn,2016,2,25,22,113.64,0,0,,1,0
ER Dwivedi,2016,2,24,14,171.43,0,0,,2,0
P Kumar,2016,16,24,26,92.31,9,51.3,7.79,2,0
R Sathish,2016,3,24,24,100,1,6,9.83,3,2
NS Naik,2016,2,23,31,74.19,0,0,,2,0
JO Holder,2016,4,22,19,115.79,2,13,7.92,0,0
AD Nath,2016,3,20,27,74.07,0,0,,0,0
P Sahu,2016,5,19,13,146.15,3,17.3,8.34,0,0
JA Morkel,2016,2,16,9,177.78,2,5,13.2,1,0
F Behardien,2016,3,14,13,107.69,0,0,,1,0
R Dhawan,2016,2,14,6,233.33,2,7,8,0,0
KC Cariappa,2016,5,13,11,118.18,3,17,9.35,2,0
KJ Abbott,2016,5,13,8,162.5,2,16,11.06,0,0
R Vinay Kumar,2016,3,13,12,108.33,3,9,7.11,0,1
IK Pathan,2016,3,11,13,84.62,0,8,7.62,1,0
Parvez Rasool,2016,4,10,9,111.11,1,14,9.21,2,0
NM Coulter-Nile,2016,4,9,14,64.29,3,15,7.6,0,0
UT Yadav,2016,9,9,5,180,10,26,9,1,0
AP Tare,2016,2,8,15,53.33,0,0,,1,0
JJ Bumrah,2016,14,8,11,72.73,15,52,7.81,1,0
LMP Simmons,2016,1,8,8,100,0,0,,0,0
Sandeep Sharma,2016,14,8,9,88.89,15,50,7.32,2,0
MR Marsh,2016,3,7,11,63.64,4,9,5,0,0
PV Tambe,2016,7,7,19,36.84,5,16,8.94,1,0
SP Narine,2016,11,7,13,53.85,11,42.4,7.12,1,0
J Yadav,2016,5,6,10,60,2,17,7.35,1,0
PSP Handscomb,2016,1,6,12,50,0,0,,0,0
Z Khan,2016,12,6,13,46.15,10,43.4,7.72,0,3
D Wiese,2016,1,5,4,125,0,4,12.25,1,0
Imran Tahir,2016,4,5,7,71.43,5,16,8.62,0,0
MG Johnson,2016,3,5,14,35.71,2,11,9.64,1,1
A Mishra,2016,14,4,14,28.57,13,46,7.48,2,1
BB Sran,2016,14,4,4,100,14,49.3,8.34,2,2
Ankit Sharma,2016,3,3,3,100,1,11,7.64,1,0
CJ Jordan,2016,9,3,4,75,11,28,9.21,3,0
Mohammed Shami,2016,8,2,4,50,5,25.1,9.7,1,1
S Gopal,2016,1,2,16,12.5,0,3,6,0,0
A Nehra,2016,8,1,1,100,9,26,7.65,1,0
DW Steyn,2016,1,1,2,50,0,2,8.5,0,0
KW Richardson,2016,4,1,1,100,8,14,9.71,1,1
M Morkel,2016,10,1,1,100,10,35.3,8.37,0,0
S Nadeem,2016,4,1,5,20,2,15,8.47,0,0
SB Jakati,2016,6,1,2,50,2,20,8.9,4,1
A Zampa,2016,5,0,1,0,12,17,6.76,0,0
AB Dinda,2016,9,0,0,,11,30.3,7.57,0,0
AF Milne,2016,1,0,0,,1,4,10.75,1,0
AS Rajpoot,2016,4,0,0,,3,11,8.91,0,1
Anureet Singh,2016,2,0,0,,0,6,7.17,0,0
DL Chahar,2016,2,0,0,,0,5,8.2,1,0
GB Hogg,2016,5,0,0,,4,16,8.88,3,1
HV Patel,2016,5,0,0,,1,14,10.5,2,0
I Sharma,2016,4,0,0,,3,15,9.87,2,0
J Suchith,2016,1,0,0,,0,2,15.5,0,0
JD Unadkat,2016,1,0,0,,0,3,16.33,0,0
JW Hastings,2016,2,0,0,,2,6.4,5.55,0,0
Kuldeep Yadav,2016,3,0,0,,6,12,8.33,0,1
M Ashwin,2016,10,0,1,0,7,28.3,8.46,0,0
Mandeep Singh,2016,0,0,0,,0,0,,1,0
Mustafizur Rahman,2016,16,0,0,,17,61,6.9,2,0
PJ Sangwan,2016,2,0,0,,0,4,12.25,1,0
RP Singh,2016,4,0,0,,3,12,9.25,0,0
S Aravind,2016,9,0,0,,11,29.1,7.41,3,0
S Kaushik,2016,7,0,1,0,6,23,8.35,0,0
S Ladda,2016,1,0,0,,0,2,10.5,0,0
SM Boland,2016,2,0,0,,2,7,7.71,0,0
Swapnil Singh,2016,1,0,1,0,0,3,9.67,0,0
T Shamsi,2016,4,0,0,,3,16,9.19,0,0
TA Boult,2016,1,0,0,,1,4,9.75,1,1
UBT Chand,2016,1,0,4,0,0,0,,0,0
V Shankar,2016,0,0,0,,0,0,,2,0
VR Aaron,2016,8,0,0,,2,23.4,9.59,0,0
YS Chahal,2016,13,0,0,,21,49.1,8.16,4,1
DA Warner,2017,14,641,452,141.81,0,0,,10,1
G Gambhir,2017,16,498,389,128.02,0,0,,6,0
S Dhawan,2017,14,479,376,127.39,0,0,,7,0
SPD Smith,2017,15,472,387,121.96,0,0,,7,2
SK Raina,2017,14,442,307,143.97,1,12,8.5,4,1
HM Amla,2017,10,420,288,145.83,0,0,,0,0
MK Pandey,2017,12,396,308,128.57,0,0,,8,0
KA Pollard,2017,16,395,279,141.58,0,1.5,16.36,15,0
PA Patel,2017,16,395,293,134.81,0,0,,6,1
RA Tripathi,2017,14,391,267,146.44,0,1,12,5,0
RV Uthappa,2017,13,388,235,165.11,0,0,,9,0
SV Samson,2017,14,386,273,141.39,0,0,,4,1
AM Rahane,2017,16,382,323,118.27,0,0,,6,1
RR Pant,2017,14,366,221,165.61,0,0,,8,0
KD Karthik,2017,13,361,259,139.38,0,0,,8,0
SS Iyer,2017,12,338,243,139.09,0,0,,3,1
N Rana,2017,12,333,264,126.14,0,0,,4,0
RG Sharma,2017,16,333,273,121.98,0,0,,10,0
MK Tiwary,2017,13,324,236,137.29,0,0,,6,0
BB McCullum,2017,11,320,220,145.45,0,0,,8,2
BA Stokes,2017,12,316,221,142.99,12,44,7.18,5,1
GJ Maxwell,2017,13,310,179,173.18,7,19,6.58,7,0
V Kohli,2017,10,308,252,122.22,0,0,,5,1
AJ Finch,2017,13,300,184,163.04,0,0,,6,1
CA Lynn,2017,7,295,163,180.98,0,0,,2,0
MS Dhoni,2017,15,290,250,116,0,0,,10,2
KK Nair,2017,13,281,226,124.34,0,0,,2,2
Ishan Kishan,2017,10,277,206,134.47,0,0,,4,0
MC Henriques,2017,12,277,203,136.45,1,24,10.33,5,0
JC Buttler,2017,10,273,179,152.51,0,0,,1,0
KM Jadhav,2017,13,267,186,143.55,0,0,,7,0
SE Marsh,2017,8,264,194,136.08,0,0,,2,0
KS Williamson,2017,7,256,169,151.48,0,0,,1,0
Yuvraj Singh,2017,11,252,177,142.37,1,2,11,3,0
HH Pandya,2017,16,250,160,156.25,6,26,8.19,12,1
KH Pandya,2017,13,243,179,135.75,10,40,6.82,1,0
DR Smith,2017,11,239,156,153.21,2,13,11.38,3,0
WP Saha,2017,11,234,187,125.13,0,0,,10,0
M Vohra,2017,9,229,159,144.03,0,0,,2,0
AR Patel,2017,14,227,162,140.12,15,48,7.54,5,1
SP Narine,2017,15,224,130,172.31,10,59,6.98,3,0
AB de Villiers,2017,9,216,163,132.52,0,0,,6,0
CH Gayle,2017,9,200,163,122.7,0,0,,2,0
Mandeep Singh,2017,10,188,177,106.21,0,0,,6,0
RA Jadeja,2017,12,158,113,139.82,5,38,9.18,2,5
CH Morris,2017,9,154,94,163.83,12,31,7.74,4,0
TM Head,2017,7,151,108,139.81,2,8,10.12,3,0
P Negi,2017,12,144,111,129.73,17,32.1,6.12,2,1
YK Pathan,2017,11,143,115,124.35,1,4,10.25,2,0
CJ Anderson,2017,11,142,123,115.45,3,18.5,9.88,5,0
SW Billings,2017,6,138,104,132.69,0,0,,4,0
LMP Simmons,2017,7,137,112,122.32,0,0,,2,0
MJ Guptill,2017,7,132,88,150,0,0,,6,0
C de Grandhomme,2017,9,126,92,136.96,4,16,8.44,2,1
SA Yadav,2017,7,105,88,119.32,0,0,,5,0
V Shankar,2017,4,101,75,134.67,0,0,,3,1
AT Rayudu,2017,5,91,78,116.67,0,0,,3,0
DA Miller,2017,4,83,80,103.75,0,0,,3,0
DT Christian,2017,13,79,49,161.22,11,40,7.45,6,1
NV Ojha,2017,5,79,65,121.54,0,0,,6,0
DJ Hooda,2017,6,78,52,150,2,4,10.5,5,0
STR Binny,2017,7,78,76,102.63,4,6,8.33,1,0
PJ Cummins,2017,12,77,53,145.28,15,46.1,8.08,1,1
SR Watson,2017,8,71,78,91.03,5,26.5,9.13,2,0
EJG Morgan,2017,4,65,62,104.84,0,0,,3,0
JJ Roy,2017,3,59,40,147.5,0,0,,1,0
K Rabada,2017,6,55,64,85.94,6,21.2,8.81,0,2
JP Faulkner,2017,8,54,57,94.74,8,27.1,9.9,3,1
AJ Tye,2017,6,53,30,176.67,12,21,6.71,0,0
SS Tiwary,2017,1,52,43,120.93,0,0,,0,0
BCJ Cutting,2017,4,51,26,196.15,1,12.4,9.71,1,1
MM Sharma,2017,14,51,50,102,13,45.4,8.98,2,0
A Mishra,2017,14,49,52,94.23,10,38.5,8.83,3,1
KV Sharma,2017,9,49,41,119.51,13,30.4,6.98,2,0
CR Woakes,2017,13,46,47,97.87,17,44,8.77,5,0
SP Jackson,2017,3,38,31,122.58,0,0,,2,1
Mohammed Shami,2017,8,36,24,150,5,26,9.35,0,1
IR Jaggi,2017,2,33,39,84.62,0,0,,0,0
AD Mathews,2017,2,32,27,118.52,0,5,11.2,2,0
S Aravind,2017,10,32,40,80,5,30.3,9.02,1,0
Bipul Sharma,2017,7,31,24,129.17,3,16.2,7.9,1,1
MN Samuels,2017,4,29,31,93.55,0,3,11.33,1,0
Basil Thampi,2017,12,28,28,100,11,44.4,9.49,2,1
MA Agarwal,2017,3,26,27,96.3,0,0,,2,1
A Choudhary,2017,5,25,20,125,5,16.5,8.55,0,0
Ankit Sharma,2017,1,25,15,166.67,0,1,16,0,0
Kuldeep Yadav,2017,11,20,22,90.91,12,41,8.29,1,1
MG Johnson,2017,5,20,17,117.65,7,20,7.05,1,0
R Tewatia,2017,3,19,11,172.73,3,9,5.44,0,0
Vishnu Vinod,2017,3,19,26,73.08,0,0,,0,0
AP Tare,2017,3,18,23,78.26,0,0,,0,0
MP Stoinis,2017,5,17,24,70.83,2,10.3,10.48,3,0
Harbhajan Singh,2017,11,16,16,100,8,41,6.49,2,0
JJ Bumrah,2017,16,16,12,133.33,20,60.2,7.36,1,3
MJ McClenaghan,2017,14,16,15,106.67,19,54,9.39,1,0
R Bhatia,2017,3,16,17,94.12,2,7,7.86,1,0
Anureet Singh,2017,1,15,12,125,0,2,13,0,0
Sachin Baby,2017,3,15,15,100,0,0,,2,0
DL Chahar,2017,3,14,6,233.33,1,7,10.57,0,0
NM Coulter-Nile,2017,8,14,12,116.67,15,28.2,8.05,1,1
S Badree,2017,7,13,23,56.52,9,25,7.52,2,0
YS Chahal,2017,13,13,26,50,14,43.3,7.66,3,0
AR Bawne,2017,1,12,12,100,0,0,,0,0
CR Brathwaite,2017,2,12,15,80,1,6,11.17,1,0
Swapnil Singh,2017,4,12,19,63.16,1,7,8.71,0,0
Rashid Khan,2017,14,11,9,122.22,17,54,6.63,5,2
UT Yadav,2017,14,10,13,76.92,17,48.3,8.45,4,1
Washington Sundar,2017,10,9,12,75,8,30,6.17,5,0
F du Plessis,2017,1,8,7,114.29,0,0,,0,0
I Sharma,2017,6,8,12,66.67,0,18,9.94,0,0
P Kumar,2017,6,8,9,88.89,6,16.3,9.15,0,0
TS Mills,2017,5,8,11,72.73,5,17.5,8.58,1,0
AB Dinda,2017,3,7,7,100,1,10,11.9,0,0
AF Milne,2017,4,7,12,58.33,3,14,9.57,4,0
Ankit Soni,2017,6,7,9,77.78,2,18.1,7.93,1,0
SL Malinga,2017,12,7,3,233.33,11,44.5,8.52,1,0
Sandeep Sharma,2017,13,7,6,116.67,17,48,8.29,2,0
TG Southee,2017,3,7,3,233.33,3,10,9.6,1,0
DM Bravo,2017,1,6,5,120,0,0,,0,0
A Zampa,2017,6,5,7,71.43,7,19.5,8.22,0,0
Iqbal Abdulla,2017,2,5,7,71.43,2,5,11,0,0
TA Boult,2017,6,5,8,62.5,5,23.5,9.06,0,0
AS Rajpoot,2017,5,4,7,57.14,4,14,7.64,1,0
B Kumar,2017,14,4,4,100,26,52.2,7.05,3,1
VR Aaron,2017,6,4,10,40,7,20,8.15,0,0
Z Khan,2017,11,4,13,30.77,10,40.1,7.79,4,0
RD Chahar,2017,2,3,2,150,2,7,8.29,1,0
IK Pathan,2017,1,2,3,66.67,0,2,13,0,1
JD Unadkat,2017,12,2,5,40,24,45.5,7.03,5,2
KC Cariappa,2017,4,2,7,28.57,4,15,8.47,0,0
Mohammad Nabi,2017,3,2,3,66.67,2,11,5.27,0,0
PJ Sangwan,2017,5,2,4,50,5,18,10.06,0,0
PP Chawla,2017,6,2,6,33.33,6,20,8.95,1,0
S Nadeem,2017,7,2,9,22.22,6,17.5,6.67,2,1
DS Kulkarni,2017,6,1,2,50,3,18.5,9.19,0,0
LH Ferguson,2017,4,1,1,100,3,13,7.15,0,1
Shakib Al Hasan,2017,1,1,1,100,0,3,10.33,0,0
A Nehra,2017,6,0,0,,8,21.1,9.31,1,0
AD Nath,2017,1,0,1,0,0,0,,0,0
Avesh Khan,2017,1,0,0,,1,4,5.75,0,0
B Stanlake,2017,2,0,0,,2,8,8.75,1,0
BB Sran,2017,1,0,0,,0,2,14.5,0,0
CJ Jordan,2017,1,0,1,0,1,1,9,1,1
Gurkeerat Singh,2017,0,0,0,,0,0,,1,0
HV Patel,2017,1,0,0,,3,4,10.75,0,0
Imran Tahir,2017,12,0,2,0,18,47,7.85,0,0
J Suchith,2017,0,0,0,,0,0,,2,1
J Yadav,2017,2,0,0,,0,6,7,0,0
MJ Henry,2017,2,0,0,,1,5,14.2,0,0
MM Patel,2017,2,0,1,0,1,7,8.14,0,0
MS Gony,2017,1,0,0,,0,2,16,0,0
Mohammed Siraj,2017,6,0,0,,10,23,9.22,1,0
Mustafizur Rahman,2017,1,0,0,,0,2.4,12.75,0,0
NB Singh,2017,2,0,0,,1,4,3.75,0,0
R Dhawan,2017,0,0,0,,0,0,,2,0
R Powell,2017,0,0,0,,0,0,,1,0
R Vinay Kumar,2017,1,0,0,,2,3,10.33,0,0
S Kaul,2017,10,0,2,0,16,35.4,8.41,3,0
S Kaushik,2017,3,0,0,,0,11,9.55,0,0
SB Jakati,2017,2,0,0,,0,5,10.4,0,0
SN Thakur,2017,12,0,3,0,11,38.1,8.25,4,2
SS Agarwal,2017,1,0,0,,1,4,10.5,0,0
T Natarajan,2017,6,0,0,,2,12.4,9.08,0,0
Tejas Baroka,2017,1,0,0,,0,3.3,9.43,0,0
KS Williamson,2018,17,735,516,142.44,0,0,,6,0
RR Pant,2018,14,684,394,173.6,0,0,,4,0
KL Rahul,2018,14,659,416,158.41,0,0,,10,0
AT Rayudu,2018,16,602,402,149.75,0,0,,2,0
SR Watson,2018,15,555,359,154.6,6,28,8.96,3,0
JC Buttler,2018,13,548,353,155.24,0,0,,9,0
V Kohli,2018,14,530,381,139.11,0,0,,8,0
SA Yadav,2018,14,512,384,133.33,0,0,,8,0
KD Karthik,2018,16,498,337,147.77,0,0,,14,0
S Dhawan,2018,16,497,363,136.91,0,0,,12,0
CA Lynn,2018,16,491,377,130.24,0,0,,3,0
AB de Villiers,2018,11,480,275,174.55,0,0,,6,0
MS Dhoni,2018,15,455,302,150.66,0,0,,11,0
SK Raina,2018,15,445,336,132.44,0,0,,9,0
SV Samson,2018,15,441,320,137.81,0,0,,5,0
SS Iyer,2018,13,411,310,132.58,0,0,,5,0
E Lewis,2018,13,382,276,138.41,0,0,,3,0
AM Rahane,2018,14,370,313,118.21,0,0,,4,0
CH Gayle,2018,11,368,252,146.03,0,0,,2,0
SP Narine,2018,16,357,188,189.89,17,61,7.66,1,0
RV Uthappa,2018,16,351,265,132.45,0,0,,5,0
AD Russell,2018,15,316,171,184.8,13,37.5,9.38,8,0
N Rana,2018,15,304,232,131.03,4,6.1,7.14,2,0
KK Nair,2018,12,301,221,136.2,0,0,,9,0
RG Sharma,2018,14,286,215,133.02,0,0,,8,0
MK Pandey,2018,13,284,246,115.45,0,0,,9,0
Ishan Kishan,2018,12,275,184,149.46,0,0,,9,0
HH Pandya,2018,13,260,195,133.33,18,42.4,8.93,6,0
YK Pathan,2018,13,260,200,130,1,2,7,3,0
Mandeep Singh,2018,13,252,186,135.48,0,0,,4,0
PP Shaw,2018,9,245,160,153.12,0,0,,4,0
Shakib Al Hasan,2018,17,239,197,121.32,14,57,8,2,0
KH Pandya,2018,13,228,157,145.22,12,40.1,7.07,6,0
RA Tripathi,2018,12,226,167,135.33,0,0,,4,0
V Shankar,2018,9,212,148,143.24,1,5,11.6,6,0
Shubman Gill,2018,10,203,139,146.04,0,0,,3,0
Q de Kock,2018,8,201,162,124.07,0,0,,7,0
BA Stokes,2018,12,196,161,121.74,8,37,8.19,6,0
GJ Maxwell,2018,12,169,120,140.83,5,16,8.25,4,0
F du Plessis,2018,6,162,129,125.58,0,0,,1,0
PA Patel,2018,6,153,109,140.37,0,0,,3,0
AD Hales,2018,6,148,118,125.42,0,0,,2,0
DJ Bravo,2018,16,141,91,154.95,14,53.3,9.96,7,0
AJ Finch,2018,9,134,100,134,0,0,,4,0
KA Pollard,2018,8,133,100,133,0,0,,4,0
C de Grandhomme,2018,8,131,84,155.95,2,15,8.6,3,0
BB McCullum,2018,6,127,88,144.32,0,0,,1,0
K Gowtham,2018,15,126,64,196.88,11,40,7.8,9,0
WP Saha,2018,10,122,102,119.61,0,0,,5,0
JJ Roy,2018,5,120,94,127.66,0,0,,4,0
MA Agarwal,2018,11,120,94,127.66,0,0,,2,0
DJM Short,2018,7,115,99,116.16,1,3,6.33,2,0
SW Billings,2018,8,108,78,138.46,0,0,,5,0
R Ashwin,2018,14,102,71,143.66,10,50.4,8.09,5,0
MP Stoinis,2018,7,99,76,130.26,3,11,10.91,2,0
BCJ Cutting,2018,7,96,58,165.52,2,17,9.88,7,0
RA Jadeja,2018,14,89,74,120.27,11,41,7.39,9,0
DJ Hooda,2018,8,87,81,107.41,0,3,8,5,0
G Gambhir,2018,5,85,88,96.59,0,0,,1,0
AR Patel,2018,8,80,69,115.94,3,26,8.38,2,0
MM Ali,2018,5,77,46,167.39,3,13.1,7.37,2,0
CR Brathwaite,2018,4,75,48,156.25,5,10.1,9.25,2,0
DA Miller,2018,3,74,64,115.62,0,0,,2,0
Washington Sundar,2018,7,65,38,171.05,4,20,9.6,0,0
Yuvraj Singh,2018,6,65,73,89.04,0,2,11.5,1,0
Abhishek Sharma,2018,3,63,33,190.91,0,0,,1,0
C Munro,2018,4,63,41,153.66,0,0,,2,0
HV Patel,2018,5,60,33,181.82,7,17.3,9.54,0,0
Rashid Khan,2018,17,59,31,190.32,21,68,6.74,6,0
H Klaasen,2018,4,57,47,121.28,0,0,,3,0
M Vohra,2018,4,55,47,117.02,0,0,,0,0
SP Goswami,2018,3,52,40,130,0,0,,5,0
TG Southee,2018,8,52,46,113.04,5,29,9,3,0
SN Khan,2018,6,51,41,124.39,0,0,,2,0
DL Chahar,2018,12,50,29,172.41,10,38.1,7.28,1,0
R Tewatia,2018,8,50,43,116.28,6,22,7.86,4,0
S Gopal,2018,10,50,45,111.11,11,31,7.61,0,0
JD Unadkat,2018,15,49,38,128.95,11,50.2,9.66,6,0
MK Tiwary,2018,4,47,44,106.82,0,1,10,5,0
CH Morris,2018,4,46,26,176.92,3,14,10.21,2,0
STR Binny,2018,5,44,39,112.82,0,2,16.5,1,0
JP Duminy,2018,2,36,40,90,0,3,12,3,0
AJ Tye,2018,14,32,38,84.21,24,56,8,5,0
Harbhajan Singh,2018,12,29,36,80.56,7,31.5,8.48,4,0
RK Singh,2018,4,29,31,93.55,0,0,,6,0
PP Chawla,2018,15,27,34,79.41,14,49,8.41,3,0
DT Christian,2018,4,26,33,78.79,4,11.5,8.54,0,0
Mohammed Siraj,2018,11,25,22,113.64,12,41,8.95,5,0
KM Jadhav,2018,1,24,22,109.09,0,0,,0,0
TK Curran,2018,5,23,28,82.14,6,10.1,11.61,1,0
M Markande,2018,14,21,24,87.5,15,44,8.36,3,0
MK Lomror,2018,2,20,21,95.24,0,3,9,0,0
Mohammad Nabi,2018,2,18,12,150,1,5,9.4,0,0
CJ Anderson,2018,3,17,22,77.27,3,8.4,13.27,0,0
CR Woakes,2018,5,17,19,89.47,8,18.2,10.36,1,0
MG Johnson,2018,6,16,11,145.45,2,21,10.29,2,0
JC Archer,2018,10,15,21,71.43,15,38.5,8.37,1,0
SN Thakur,2018,13,15,5,300,16,46.4,9.24,3,0
B Kumar,2018,12,13,16,81.25,9,46.1,7.67,2,0
Shivam Mavi,2018,9,13,15,86.67,5,28,9.64,4,0
Kuldeep Yadav,2018,16,12,24,50,17,51.2,8.14,3,0
M Vijay,2018,1,12,10,120,0,0,,0,0
AS Rajpoot,2018,8,11,18,61.11,11,26.1,8.52,2,0
MJ McClenaghan,2018,11,11,10,110,14,40,8.3,0,0
JJ Bumrah,2018,14,10,11,90.91,17,54,6.89,4,0
MM Sharma,2018,9,10,13,76.92,7,29.4,10.85,2,0
Mujeeb Ur Rahman,2018,11,10,7,142.86,14,41.2,6.99,1,0
AD Nath,2018,1,9,13,69.23,0,0,,1,0
DR Shorey,2018,1,8,9,88.89,0,0,,1,0
JPR Scantlebury-Searles,2018,3,8,6,133.33,2,7,12.71,4,0
P Chopra,2018,1,8,6,133.33,0,0,,0,0
Mohammed Shami,2018,4,7,6,116.67,3,13.5,10.41,2,0
DS Kulkarni,2018,8,6,7,85.71,4,19.5,9.48,1,0
R Vinay Kumar,2018,2,6,3,200,2,3.5,16.96,2,0
S Nadeem,2018,6,6,8,75,3,15,10.73,0,0
B Stanlake,2018,4,5,2,250,5,16,8.12,0,0
A Dananjaya,2018,1,4,5,80,0,4,11.75,0,0
Anureet Singh,2018,3,3,4,75,1,4,10.5,1,0
BB Sran,2018,6,3,7,42.86,5,22,10.41,2,0
Basil Thampi,2018,4,3,6,50,5,10.1,11.21,1,0
P Negi,2018,2,3,5,60,1,4,12.25,0,0
S Kaul,2018,17,3,14,21.43,21,66,8.29,2,0
UT Yadav,2018,14,3,11,27.27,20,53.1,7.86,2,0
Imran Tahir,2018,6,2,2,100,6,20.4,9.1,2,0
A Mishra,2018,10,1,2,50,12,37,7.14,0,0
B Laughlin,2018,7,1,4,25,9,21,10.05,1,0
IS Sodhi,2018,6,1,6,16.67,5,23,5.87,0,0
LE Plunkett,2018,7,1,3,33.33,4,25,9,2,0
M Ashwin,2018,2,1,2,50,3,7,7.57,0,0
M Prasidh Krishna,2018,7,1,5,20,10,28,9.29,1,0
MA Wood,2018,1,1,3,33.33,0,4,12.25,1,0
Mustafizur Rahman,2018,7,1,3,33.33,7,27.3,8.36,1,0
NV Ojha,2018,1,1,4,25,0,0,,0,0
Ankit Sharma,2018,1,0,0,,0,1,11,0,0
Avesh Khan,2018,6,0,0,,4,19,10.74,2,0
CJ Dala,2018,1,0,0,,0,3,11.33,0,0
CJ Jordan,2018,1,0,0,,0,4,7.75,0,0
DJ Willey,2018,3,0,0,,2,10,9.5,2,0
K Khejroliya,2018,3,0,0,,2,10.5,9.88,0,0
KK Ahmed,2018,1,0,0,,0,3,12.67,0,0
KM Asif,2018,2,0,0,,3,6,12.5,0,0
KV Sharma,2018,5,0,0,,4,9.3,9.37,3,0
L Ngidi,2018,7,0,0,,11,26,6,0,0
PJ Sangwan,2018,1,0,4,0,0,2,9.5,0,0
RD Chahar,2018,0,0,0,,0,0,,1,0
RK Bhui,2018,1,0,5,0,0,0,,0,0
S Lamichhane,2018,3,0,0,,5,12,6.83,0,0
Sandeep Sharma,2018,12,0,4,0,12,44,7.57,0,0
TA Boult,2018,14,0,2,0,18,52.4,8.85,9,0
YS Chahal,2018,14,0,4,0,12,50,7.26,1,0
DA Warner,2019,12,692,481,143.87,0,0,,2,0
KL Rahul,2019,14,593,438,135.39,0,0,,7,0
Q de Kock,2019,16,529,398,132.91,0,0,,17,0
S Dhawan,2019,16,521,384,135.68,0,0,,5,0
AD Russell,2019,13,514,252,203.97,11,30.1,9.51,4,0
RR Pant,2019,16,494,304,162.5,0,0,,18,0
CH Gayle,2019,13,490,319,153.61,0,0,,0,0
SS Iyer,2019,16,467,388,120.36,0,0,,8,0
V Kohli,2019,14,464,328,141.46,0,0,,5,0
JM Bairstow,2019,10,445,283,157.24,0,0,,9,0
AB de Villiers,2019,13,442,287,154.01,0,0,,6,0
SA Yadav,2019,15,424,324,130.86,0,0,,9,0
MS Dhoni,2019,12,416,309,134.63,0,0,,11,0
HH Pandya,2019,16,409,212,192.92,14,42.3,9.18,9,0
CA Lynn,2019,13,405,290,139.66,0,0,,1,0
RG Sharma,2019,15,405,315,128.57,0,0,,4,0
SR Watson,2019,17,398,312,127.56,0,0,,6,0
F du Plessis,2019,12,396,321,123.36,0,0,,12,0
AM Rahane,2019,13,393,285,137.89,0,0,,5,0
SK Raina,2019,17,383,314,121.97,0,1,6,7,0
PA Patel,2019,14,373,268,139.18,0,0,,6,0
PP Shaw,2019,16,353,264,133.71,0,0,,2,0
MK Pandey,2019,11,345,264,130.68,0,0,,7,0
N Rana,2019,11,344,235,146.38,3,8,9,3,0
SV Samson,2019,11,342,230,148.7,0,0,,4,0
MA Agarwal,2019,13,332,234,141.88,0,0,,7,0
SPD Smith,2019,10,319,275,116,0,0,,3,0
JC Buttler,2019,8,311,205,151.71,0,0,,8,0
Shubman Gill,2019,13,296,238,124.37,0,0,,7,0
RV Uthappa,2019,11,284,247,114.98,0,0,,4,0
AT Rayudu,2019,17,282,303,93.07,0,0,,6,0
KA Pollard,2019,12,281,179,156.98,0,0,,8,0
KD Karthik,2019,12,254,174,145.98,0,0,,7,0
V Shankar,2019,14,244,193,126.42,1,8,8.75,10,0
MM Ali,2019,10,220,133,165.41,6,25,6.76,1,0
DA Miller,2019,10,213,164,129.88,0,0,,7,0
MP Stoinis,2019,10,211,156,135.26,2,16.4,8.7,2,0
CA Ingram,2019,12,184,154,119.48,0,0,,1,0
KH Pandya,2019,16,183,150,122,12,46,7.28,4,0
SN Khan,2019,5,180,143,125.87,0,0.2,18,0,0
N Pooran,2019,6,168,107,157.01,0,0,,1,0
Mandeep Singh,2019,12,165,120,137.5,0,2,13,4,0
KM Jadhav,2019,12,162,169,95.86,0,0,,4,0
R Parag,2019,7,160,126,126.98,2,14,8.64,5,0
KS Williamson,2019,9,156,130,120,0,0,,2,0
SP Narine,2019,12,143,86,166.28,10,44.2,7.83,0,0
RA Tripathi,2019,7,141,118,119.49,0,0,,3,0
BA Stokes,2019,9,123,99,124.24,6,16.5,11.23,3,0
Mohammad Nabi,2019,8,121,78,155.13,8,29.1,6.65,6,0
AR Patel,2019,14,110,88,125,10,51,7.14,8,0
RA Jadeja,2019,16,106,88,120.45,15,54,6.35,9,0
Ishan Kishan,2019,6,101,100,101,0,0,,2,0
Gurkeerat Singh,2019,3,98,70,140,0,0,,1,0
Yuvraj Singh,2019,4,98,75,130.67,0,0,,0,0
SM Curran,2019,9,95,55,172.73,10,33,9.79,2,0
SO Hetmyer,2019,5,90,73,123.29,0,0,,3,0
WP Saha,2019,5,86,53,162.26,0,0,,3,0
C Munro,2019,4,84,70,120,0,0,,0,0
MJ Guptill,2019,3,82,54,151.85,0,0,,1,0
DJ Bravo,2019,12,80,66,121.21,11,41.1,8.02,5,0
SE Rutherford,2019,7,73,54,135.19,1,6.5,8.63,5,0
LS Livingstone,2019,4,70,48,145.83,0,1,13,4,0
STR Binny,2019,5,70,40,175,1,7,6.29,0,0
JC Archer,2019,11,67,40,167.5,11,43.1,6.72,3,0
DJ Hooda,2019,7,64,63,101.59,1,2,10.5,10,0
M Vijay,2019,2,64,61,104.92,0,0,,1,0
S Gopal,2019,14,63,46,136.96,20,48,7.23,3,0
AD Nath,2019,5,61,57,107.02,0,0,,1,0
E Lewis,2019,3,48,52,92.31,0,0,,3,0
C de Grandhomme,2019,4,46,49,93.88,0,5,11,1,0
PP Chawla,2019,13,42,37,113.51,10,44.3,8.97,5,0
R Ashwin,2019,14,42,28,150,15,55,7.27,3,0
S Dube,2019,4,40,33,121.21,0,1.4,4.8,1,0
YK Pathan,2019,7,40,45,88.89,0,1,8,1,0
RK Singh,2019,3,37,34,108.82,0,0,,1,0
Rashid Khan,2019,15,34,23,147.83,17,60.3,6.38,4,0
CH Morris,2019,9,32,37,86.49,13,33,9.27,3,0
MJ Santner,2019,4,32,23,139.13,4,14,6.71,1,0
R Tewatia,2019,4,26,22,118.18,2,6.2,6.63,7,0
UT Yadav,2019,11,25,25,100,8,37.5,9.81,4,0
A Mishra,2019,11,21,24,87.5,11,40,6.75,1,0
Harpreet Brar,2019,2,20,12,166.67,0,5,9.6,0,0
P Ray Barman,2019,1,19,24,79.17,0,4,14,0,0
BCJ Cutting,2019,3,18,17,105.88,1,2,13.5,0,0
K Gowtham,2019,7,18,19,94.74,1,20,8.3,0,0
KMA Paul,2019,8,18,24,75,9,27.1,8.72,5,0
P Simran Singh,2019,1,16,17,94.12,0,0,,1,0
AS Joseph,2019,3,15,13,115.38,6,8.4,10.04,0,0
SD Lad,2019,1,15,13,115.38,0,0,,0,0
K Rabada,2019,12,14,15,93.33,26,48,7.81,5,0
SN Thakur,2019,9,14,7,200,8,30,9.37,4,0
B Kumar,2019,15,12,19,63.16,13,59,7.81,4,0
Kuldeep Yadav,2019,9,12,8,150,4,33,8.67,2,0
RD Chahar,2019,13,12,11,109.09,13,47,6.55,3,0
CR Brathwaite,2019,2,11,10,110,0,3,9.67,0,0
MJ McClenaghan,2019,5,11,16,68.75,3,18,7.89,0,0
I Sharma,2019,13,10,3,333.33,13,46,7.59,1,0
Abhishek Sharma,2019,3,9,9,100,1,2,10.5,1,0
H Klaasen,2019,2,9,10,90,0,0,,1,0
KC Cariappa,2019,1,9,3,300,0,2,17,0,0
P Negi,2019,4,9,12,75,3,11.1,9.13,3,0
Shakib Al Hasan,2019,3,9,10,90,2,10.5,8.77,0,0
TG Southee,2019,3,9,9,100,1,9,13.11,3,0
MK Lomror,2019,1,8,3,266.67,0,0,,1,0
DL Chahar,2019,17,7,9,77.78,22,64.3,7.47,2,0
NS Naik,2019,1,7,16,43.75,0,0,,0,0
RK Bhui,2019,1,7,12,58.33,0,0,,0,0
TA Boult,2019,5,7,4,175,5,19,8.58,2,0
IS Sodhi,2019,2,6,11,54.55,4,7.1,9.35,0,0
J Suchith,2019,1,6,15,40,2,4,7,0,0
M Markande,2019,3,6,5,120,1,6,9.83,0,0
Sandeep Sharma,2019,11,6,3,200,12,42.4,8.25,1,0
YS Chahal,2019,14,6,16,37.5,18,49.2,7.82,3,0
DR Shorey,2019,1,5,8,62.5,0,0,,5,0
DS Kulkarni,2019,10,5,3,166.67,6,35,9.57,5,0
KK Nair,2019,1,5,6,83.33,0,0,,3,0
Rasikh Salam,2019,1,5,4,125,0,4,10.5,1,0
Avesh Khan,2019,1,4,3,133.33,0,3,10,1,0
GH Vihari,2019,2,4,8,50,0,1,9,0,0
Mohammed Siraj,2019,9,4,14,28.57,7,28.1,9.55,2,0
AJ Turner,2019,4,3,10,30,0,0,,0,0
BB Sran,2019,2,3,3,100,0,4,12.75,0,0
GC Viljoen,2019,6,3,7,42.86,7,23,9.65,0,0
M Ashwin,2019,10,3,5,60,5,34,7.5,3,0
VR Aaron,2019,5,3,7,42.86,4,12,9.67,1,0
Navdeep Saini,2019,13,2,4,50,11,48,8.27,3,0
Basil Thampi,2019,3,1,1,100,0,12,9.17,0,0
HF Gurney,2019,8,1,5,20,7,27,8.81,0,0
Harbhajan Singh,2019,11,1,3,33.33,16,44,7.09,3,0
JD Unadkat,2019,11,1,3,33.33,10,37.2,10.66,2,0
Mohammed Shami,2019,14,1,2,50,19,54,8.69,5,0
Washington Sundar,2019,3,1,3,33.33,4,9,8.22,2,0
AJ Tye,2019,6,0,2,0,3,22,10.59,1,0
AS Rajpoot,2019,4,0,0,,3,16,9.5,0,0
AS Roy,2019,1,0,0,,1,2,5.5,0,0
Anmolpreet Singh,2019,0,0,0,,0,0,,1,0
Arshdeep Singh,2019,3,0,0,,3,10,10.9,0,0
CV Varun,2019,1,0,0,,1,3,11.67,0,0
DW Steyn,2019,2,0,0,,4,8,8.62,0,0
HV Patel,2019,2,0,2,0,2,8,9.62,0,0
Imran Tahir,2019,17,0,0,,26,64.2,6.7,3,0
J Yadav,2019,2,0,0,,1,7,7.14,1,0
JJ Bumrah,2019,16,0,1,0,20,62.2,6.69,2,0
JL Denly,2019,1,0,1,0,0,0,,0,0
JP Behrendorff,2019,5,0,0,,5,19,8.68,0,0
K Khejroliya,2019,2,0,0,,1,5,9.2,0,0
KK Ahmed,2019,9,0,1,0,20,34.5,8.24,0,0
KV Sharma,2019,1,0,0,,1,2.5,11.65,0,0
LH Ferguson,2019,5,0,0,,2,17,10.76,0,0
M Prasidh Krishna,2019,11,0,2,0,5,41.2,9.36,2,0
MC Henriques,2019,0,0,0,,0,0,,1,0
MM Sharma,2019,1,0,2,0,1,3,9,0,0
Milind Kumar,2019,0,0,0,,0,0,,1,0
Mujeeb Ur Rahman,2019,5,0,4,0,3,19,10.05,1,0
O Thomas,2019,4,0,0,,5,10,7.9,1,0
P Chopra,2019,0,0,0,,0,0,,1,0
S Kaul,2019,7,0,1,0,6,27,8.96,1,0
S Lamichhane,2019,6,0,1,0,8,23,9.13,1,0
S Midhun,2019,1,0,0,,0,2,13.5,1,0
S Nadeem,2019,3,0,0,,2,9,10,0,0
S Sandeep Warrier,2019,3,0,0,,2,12,7.08,1,0
SC Kuggeleijn,2019,2,0,0,,2,8,8.88,0,0
SL Malinga,2019,12,0,0,,16,44.5,9.77,0,0
SW Billings,2019,1,0,4,0,0,0,,1,0
Y Prithvi Raj,2019,2,0,1,0,1,5,11.4,0,0
KL Rahul,2020/21,14,676,524,129.01,0,0,,10,0
S Dhawan,2020/21,17,618,427,144.73,0,0,,5,0
DA Warner,2020/21,16,548,408,134.31,0,0.1,12,12,0
SS Iyer,2020/21,17,519,421,123.28,0,0,,6,0
Ishan Kishan,2020/21,13,516,354,145.76,0,0,,1,0
Q de Kock,2020/21,16,506,361,140.17,0,0,,18,0
SA Yadav,2020/21,15,480,331,145.02,0,0,,8,0
D Padikkal,2020/21,15,473,379,124.8,0,0,,8,0
V Kohli,2020/21,15,471,386,122.02,0,0,,3,0
AB de Villiers,2020/21,14,460,290,158.62,0,0,,10,0
F du Plessis,2020/21,13,449,319,140.75,0,0,,12,0
Shubman Gill,2020/21,14,440,373,117.96,0,0,,7,0
MA Agarwal,2020/21,11,432,273,158.24,0,0,,6,0
MK Pandey,2020/21,15,425,333,127.63,0,0,,7,0
EJG Morgan,2020/21,14,419,304,137.83,0,0,,3,0
SV Samson,2020/21,14,375,236,158.9,0,0,,9,0
AT Rayudu,2020/21,11,359,282,127.3,0,0,,3,0
N Pooran,2020/21,14,353,210,168.1,0,0,,7,0
MP Stoinis,2020/21,17,352,237,148.52,13,29.4,9.54,3,0
N Rana,2020/21,14,352,254,138.58,0,2,11.5,2,0
JM Bairstow,2020/21,11,345,272,126.84,0,0,,7,0
RR Pant,2020/21,14,345,303,113.86,0,0,,13,0
RG Sharma,2020/21,12,334,263,127,0,0,,6,0
JC Buttler,2020/21,12,328,227,144.49,0,0,,6,0
KS Williamson,2020/21,11,317,237,133.76,0,2,12,6,0
SPD Smith,2020/21,14,311,237,131.22,0,0,,2,0
SR Watson,2020/21,11,299,247,121.05,0,0,,2,0
CH Gayle,2020/21,7,295,212,139.15,0,0.5,6,1,0
BA Stokes,2020/21,8,285,200,142.5,2,15,10.27,6,0
HH Pandya,2020/21,13,283,160,176.88,0,0,,6,0
KA Pollard,2020/21,12,281,149,188.59,4,21,9.05,8,0
AJ Finch,2020/21,12,268,241,111.2,0,0,,3,0
R Tewatia,2020/21,14,255,183,139.34,10,46,7.09,9,0
RA Jadeja,2020/21,13,232,135,171.85,6,36.2,8.75,5,0
RA Tripathi,2020/21,11,230,181,127.07,0,0,,3,0
PP Shaw,2020/21,13,228,167,136.53,0,0,,4,0
WP Saha,2020/21,4,214,153,139.87,0,0,,2,0
RD Gaikwad,2020/21,6,204,169,120.71,0,0,,4,0
MS Dhoni,2020/21,12,200,172,116.28,0,0,,15,0
RV Uthappa,2020/21,12,196,164,119.51,0,0,,3,0
SM Curran,2020/21,13,186,141,131.91,13,42,8.19,6,0
SO Hetmyer,2020/21,11,185,125,148,0,0,,7,0
KD Karthik,2020/21,14,169,136,124.26,0,0,,9,0
PJ Cummins,2020/21,14,146,114,128.07,12,52,7.87,3,0
PK Garg,2020/21,10,133,111,119.82,0,0,,8,0
Mandeep Singh,2020/21,7,130,109,119.27,0,0,,1,0
S Dube,2020/21,9,129,105,122.86,4,9,8.11,2,0
SP Narine,2020/21,10,121,85,142.35,5,38,7.95,2,0
AD Russell,2020/21,9,117,81,144.44,6,18,9.72,1,0
AR Patel,2020/21,15,117,85,137.65,9,51,6.41,8,0
AM Rahane,2020/21,8,113,107,105.61,0,0,,4,0
Abdul Samad,2020/21,7,113,67,168.66,1,7,13.71,5,0
JC Archer,2020/21,14,113,63,179.37,20,55.5,6.52,3,0
Washington Sundar,2020/21,15,111,95,116.84,8,50,5.96,0,0
KH Pandya,2020/21,16,109,92,118.48,6,50.1,7.57,4,0
GJ Maxwell,2020/21,11,108,106,101.89,3,21,8.05,4,0
SS Tiwary,2020/21,5,103,80,128.75,0,0,,1,0
DJ Hooda,2020/21,5,102,72,141.67,0,1,9,3,0
V Shankar,2020/21,5,97,96,101.04,4,13.1,6.23,1,0
R Parag,2020/21,8,86,77,111.69,0,2,13.5,1,0
TK Curran,2020/21,5,83,62,133.87,3,18.1,11.45,1,0
JR Philippe,2020/21,5,78,77,101.3,0,0,,0,0
Abhishek Sharma,2020/21,7,71,56,126.79,2,10,9.1,1,0
Gurkeerat Singh,2020/21,5,71,80,88.75,0,0,,6,0
JO Holder,2020/21,7,66,53,124.53,14,28,8.32,0,0
KM Jadhav,2020/21,5,62,66,93.94,0,0,,1,0
MK Lomror,2020/21,3,59,54,109.26,0,0,,0,0
K Rabada,2020/21,17,56,49,114.29,32,66.2,8.28,8,0
LH Ferguson,2020/21,5,43,29,148.28,8,20.2,7.38,0,0
K Gowtham,2020/21,2,42,27,155.56,1,8,10.5,0,0
YBK Jaiswal,2020/21,3,40,44,90.91,0,0,,1,0
R Ashwin,2020/21,15,37,34,108.82,13,51,7.67,1,0
S Gopal,2020/21,14,37,39,94.87,10,50,8.54,2,0
Rashid Khan,2020/21,16,35,30,116.67,20,64.4,5.34,2,0
CH Morris,2020/21,9,34,21,161.9,11,31.4,6.63,7,0
N Jagadeesan,2020/21,2,33,29,113.79,0,0,,0,0
SN Khan,2020/21,3,33,29,113.79,0,0,,2,0
AT Carey,2020/21,3,32,29,110.34,0,0,,2,0
M Vijay,2020/21,3,32,43,74.42,0,0,,0,0
CJ Jordan,2020/21,9,29,31,93.55,9,32.3,9.69,5,0
Navdeep Saini,2020/21,13,27,27,100,7,46.4,8.25,2,0
NM Coulter-Nile,2020/21,7,25,15,166.67,5,26,7.92,2,0
KL Nagarkoti,2020/21,9,22,31,70.97,5,26,8.88,4,0
HV Patel,2020/21,5,21,24,87.5,3,15,8.93,1,0
TU Deshpande,2020/21,5,21,12,175,3,17,11.29,1,0
JDS Neesham,2020/21,5,19,18,105.56,2,15,9.87,1,0
T Banton,2020/21,2,18,20,90,0,0,,0,0
Mohammed Siraj,2020/21,9,17,14,121.43,11,27.1,8.69,4,0
KK Nair,2020/21,3,16,14,114.29,0,0,,1,0
I Udana,2020/21,10,15,11,136.36,8,29,9.72,3,0
JL Pattinson,2020/21,10,15,13,115.38,11,35.3,9.01,2,0
P Simran Singh,2020/21,2,15,15,100,0,0,,1,0
Imran Tahir,2020/21,3,13,10,130,1,11,6.91,0,0
Kuldeep Yadav,2020/21,4,13,21,61.9,1,12,7.67,0,0
MM Ali,2020/21,3,12,16,75,1,5,8.4,1,0
SN Thakur,2020/21,9,12,21,57.14,10,32.2,8.51,2,0
Sandeep Sharma,2020/21,13,12,15,80,14,52,7.19,0,0
Mohammad Nabi,2020/21,1,11,8,137.5,0,4,5.75,0,0
RK Singh,2020/21,1,11,11,100,0,0,,1,0
CV Varun,2020/21,13,10,15,66.67,17,52,6.85,2,0
Shivam Mavi,2020/21,8,10,14,71.43,9,26,8.15,3,0
AS Rajpoot,2020/21,6,9,10,90,2,17.1,11.53,0,0
JD Unadkat,2020/21,7,9,13,69.23,4,23,9.91,1,0
A Nortje,2020/21,16,7,6,116.67,22,61,8.39,4,0
DJ Bravo,2020/21,6,7,6,116.67,6,21,8.57,0,0
DL Chahar,2020/21,14,7,12,58.33,12,52,7.62,1,0
P Dubey,2020/21,3,7,13,53.85,0,8,9,1,0
Ravi Bishnoi,2020/21,14,7,12,58.33,12,51,7.37,2,0
S Nadeem,2020/21,7,7,8,87.5,5,22,8.09,1,0
AJ Tye,2020/21,1,6,6,100,1,4.1,11.76,0,0
JJ Bumrah,2020/21,15,5,3,166.67,29,62,6.77,0,0
Kartik Tyagi,2020/21,10,4,6,66.67,9,38.1,9.62,2,0
M Ashwin,2020/21,9,4,4,100,10,31.3,7.46,4,0
DS Kulkarni,2020/21,1,3,2,150,0,3,7.33,0,0
T Natarajan,2020/21,16,3,5,60,16,62.5,8.02,2,0
M Prasidh Krishna,2020/21,6,2,4,50,4,17.4,9.23,1,0
Mohammed Shami,2020/21,14,2,3,66.67,20,55,8.51,2,0
RD Chahar,2020/21,15,2,4,50,15,53,8.17,3,0
DW Steyn,2020/21,3,1,2,50,1,11.4,11.4,0,0
Mujeeb Ur Rahman,2020/21,2,1,3,33.33,0,8,10.38,0,0
NS Naik,2020/21,1,1,3,33.33,0,0,,1,0
Shahbaz Ahmed,2020/21,2,1,1,100,2,6,7.33,1,0
VR Aaron,2020/21,3,1,10,10,0,8,11.75,0,0
YS Chahal,2020/21,15,1,3,33.33,21,57.1,7.08,0,0
A Mishra,2020/21,3,0,0,,3,10,7.2,1,0
A Zampa,2020/21,3,0,0,,2,11,8.36,1,0
AS Roy,2020/21,0,0,0,,0,0,,3,0
Arshdeep Singh,2020/21,8,0,3,0,9,24.5,8.78,1,0
Avesh Khan,2020/21,1,0,0,,0,4,10.5,0,0
B Kumar,2020/21,4,0,2,0,3,14.1,6.99,0,0
Basil Thampi,2020/21,1,0,0,,1,4,11.5,0,0
CJ Green,2020/21,1,0,0,,0,2.5,8.47,1,0
DA Miller,2020/21,0,0,0,,0,0,,1,0
DR Sams,2020/21,3,0,2,0,0,12,9.5,3,0
Harpreet Brar,2020/21,1,0,0,,0,4,10.25,0,0
I Sharma,2020/21,1,0,0,,0,3,8.67,0,0
J Suchith,2020/21,0,0,0,,0,0,,1,0
J Yadav,2020/21,2,0,0,,1,7,6.14,0,0
JR Hazlewood,2020/21,3,0,0,,1,10,6.4,0,0
KK Ahmed,2020/21,7,0,2,0,8,25.4,9.43,1,0
KMA Paul,2020/21,0,0,0,,0,0,,1,0
KV Sharma,2020/21,5,0,0,,5,19,8.68,0,0
L Ngidi,2020/21,4,0,0,,9,16,10.44,0,0
Lalit Yadav,2020/21,0,0,0,,0,0,,3,0
MJ Santner,2020/21,2,0,0,,2,7,7.57,1,0
MM Sharma,2020/21,1,0,0,,1,4,11.25,0,0
MR Marsh,2020/21,1,0,1,0,0,0.4,9,0,0
Monu Kumar,2020/21,1,0,0,,0,2,10,0,0
P Negi,2020/21,0,0,0,,0,0,,3,0
PP Chawla,2020/21,7,0,0,,6,21,9.1,0,0
S Kaul,2020/21,1,0,0,,2,4,16,0,0
S Sandeep Warrier,2020/21,1,0,0,,0,3,11.33,0,0
SP Goswami,2020/21,2,0,4,0,0,0,,2,0
SS Cottrell,2020/21,6,0,2,0,6,20,8.8,0,0
TA Boult,2020/21,15,0,1,0,25,58,8.14,4,0
UT Yadav,2020/21,2,0,2,0,0,7.1,11.44,0,0
RD Gaikwad,2021,16,635,466,136.27,0,0,,6,0
F du Plessis,2021,16,633,458,138.21,0,0,,12,0
KL Rahul,2021,13,626,451,138.8,0,0,,11,0
S Dhawan,2021,16,587,473,124.1,0,0,,9,0
GJ Maxwell,2021,14,513,356,144.1,3,16,8.44,5,0
SV Samson,2021,14,484,354,136.72,0,0,,7,0
PP Shaw,2021,15,479,301,159.14,0,0,,1,0
Shubman Gill,2021,17,478,402,118.91,0,0,,6,0
MA Agarwal,2021,12,441,314,140.45,0,0,,5,0
RR Pant,2021,16,424,330,128.48,0,0,,10,1
D Padikkal,2021,14,411,328,125.3,0,0,,7,0
V Kohli,2021,15,405,339,119.47,0,0,,8,0
RA Tripathi,2021,16,397,283,140.28,0,0,,8,1
N Rana,2021,16,383,314,121.97,0,2,6,4,0
RG Sharma,2021,13,381,299,127.42,0,1.1,11.14,1,0
VR Iyer,2021,10,370,288,128.47,3,8.3,8.12,7,1
MM Ali,2021,15,357,260,137.31,6,25.2,6.36,6,0
SA Yadav,2021,14,317,221,143.44,0,0,,5,0
AB de Villiers,2021,14,313,211,148.34,0,0,,15,0
Q de Kock,2021,11,297,256,116.02,0,0,,4,0
MK Pandey,2021,8,292,236,123.73,0,0,,5,0
KS Williamson,2021,10,270,238,113.45,0,0,,7,1
AT Rayudu,2021,13,257,170,151.18,0,0,,2,1
JC Buttler,2021,7,254,166,153.01,0,0,,3,0
YBK Jaiswal,2021,10,249,168,148.21,0,0,,3,0
JM Bairstow,2021,7,248,175,141.71,0,0,,2,0
KA Pollard,2021,13,245,165,148.48,5,13.1,7.22,6,1
SO Hetmyer,2021,12,242,144,168.06,0,0,,4,0
Ishan Kishan,2021,10,241,180,133.89,0,0,,3,0
S Dube,2021,9,230,193,119.17,0,5,9.8,2,0
RA Jadeja,2021,16,227,156,145.51,13,49,7.06,13,0
KD Karthik,2021,15,223,170,131.18,0,0,,5,2
DA Warner,2021,8,197,184,107.07,0,0,,2,0
CH Gayle,2021,10,193,154,125.32,0,0,,3,0
KS Bharat,2021,6,191,156,122.44,0,0,,4,0
AD Russell,2021,8,183,120,152.5,11,19,9.89,2,0
SS Iyer,2021,8,175,171,102.34,0,0,,6,1
DJ Hooda,2021,11,160,123,130.08,2,16,8.5,7,0
SK Raina,2021,11,160,128,125,0,0,,7,0
R Tewatia,2021,13,155,147,105.44,8,37,9.19,2,0
M Shahrukh Khan,2021,10,153,114,134.21,0,0,,4,0
SPD Smith,2021,7,152,135,112.59,0,0,,10,1
E Lewis,2021,5,151,93,162.37,0,0,,0,0
JJ Roy,2021,5,150,121,123.97,0,0,,3,0
AK Markram,2021,6,146,119,122.69,0,4,5.75,3,0
KH Pandya,2021,12,143,123,116.26,5,33.1,7.99,6,0
EJG Morgan,2021,15,133,139,95.68,0,0,,9,1
WP Saha,2021,9,131,140,93.57,0,0,,6,0
HH Pandya,2021,11,127,112,113.39,0,0,,4,0
DA Miller,2021,8,124,113,109.73,0,0,,4,0
RV Uthappa,2021,4,115,84,136.9,0,0,,0,0
SS Tiwary,2021,4,115,97,118.56,0,0,,1,0
MS Dhoni,2021,11,114,107,106.54,0,0,,13,1
Abdul Samad,2021,10,111,87,127.59,1,1,9,8,0
Abhishek Sharma,2021,7,98,75,130.67,4,10,6.4,2,0
MK Lomror,2021,4,94,73,128.77,1,7,6.71,1,0
PJ Cummins,2021,7,93,56,166.07,9,26.5,8.83,2,0
R Parag,2021,10,93,83,112.05,1,6.1,11.84,6,1
MP Stoinis,2021,8,89,72,123.61,2,11.1,10.48,2,0
JO Holder,2021,8,85,72,118.06,16,31.5,7.76,2,0
N Pooran,2021,10,85,76,111.84,0,0,,3,0
Rashid Khan,2021,14,83,69,120.29,18,57,6.67,2,0
PK Garg,2021,5,72,74,97.3,0,0,,0,0
RM Patidar,2021,4,71,62,114.52,0,0,,1,0
Lalit Yadav,2021,5,68,73,93.15,4,14,7.21,5,0
CH Morris,2021,11,67,49,136.73,15,41,9.17,4,0
KA Jamieson,2021,9,65,55,118.18,9,28,9.61,2,0
Harpreet Brar,2021,7,64,58,110.34,5,23,6.04,2,0
SP Narine,2021,14,62,47,131.91,16,56,6.45,2,0
HV Patel,2021,15,59,46,128.26,32,56.2,8.15,3,1
Shahbaz Ahmed,2021,7,59,53,111.32,7,14,6.57,3,0
V Shankar,2021,5,58,52,111.54,3,11,9.09,2,0
SM Curran,2021,9,56,29,193.1,9,33,9.94,1,0
KM Jadhav,2021,5,55,52,105.77,0,0,,2,0
CA Lynn,2021,1,49,35,140,0,0,,2,0
DJ Bravo,2021,11,47,18,261.11,14,33.4,7.81,2,0
Shakib Al Hasan,2021,8,47,48,97.92,4,26,7.19,3,1
R Ashwin,2021,13,44,42,104.76,7,44.4,7.41,2,0
LS Livingstone,2021,5,42,41,102.44,0,0,,3,0
M Vohra,2021,4,42,39,107.69,0,0,,0,0
JD Unadkat,2021,6,41,29,141.38,4,22,7.64,0,0
AR Patel,2021,12,40,46,86.96,15,47,6.64,4,0
B Kumar,2021,11,34,30,113.33,6,42,7.98,0,0
J Yadav,2021,5,34,26,130.77,2,17,7.65,1,0
Mohammad Nabi,2021,3,34,20,170,2,8,10.75,5,0
CJ Jordan,2021,4,32,21,152.38,4,12,8,0,0
MC Henriques,2021,5,31,32,96.88,4,10,4.5,1,0
Washington Sundar,2021,6,31,47,65.96,3,16,7.38,1,0
DJ Malan,2021,1,26,26,100,0,0,,1,0
GD Phillips,2021,3,26,33,78.79,1,2,10,1,0
RV Patel,2021,2,25,27,92.59,0,3,7.33,1,0
Shivam Mavi,2021,9,25,20,125,11,32.1,7.24,5,0
TK Curran,2021,3,21,17,123.53,4,11.2,9.18,0,0
Mohammed Siraj,2021,15,20,26,76.92,11,52,6.79,4,0
P Simran Singh,2021,2,19,23,82.61,0,0,,0,0
LH Ferguson,2021,8,18,11,163.64,13,30,7.47,3,1
NT Ellis,2021,3,18,16,112.5,1,11,8.18,0,0
AF Milne,2021,4,16,17,94.12,4,14,9.36,2,0
Anmolpreet Singh,2021,1,16,14,114.29,0,0,,0,0
C Sakariya,2021,14,16,25,64,14,52,8.19,4,0
JJ Bumrah,2021,14,16,17,94.12,21,55,7.45,2,0
CR Woakes,2021,3,15,11,136.36,5,11,7.45,0,0
JA Richardson,2021,3,15,24,62.5,3,11,10.64,1,0
M Ashwin,2021,3,15,24,62.5,1,11,8.82,0,0
Mandeep Singh,2021,1,15,14,107.14,0,0,,1,0
Virat Singh,2021,2,15,26,57.69,0,0,,2,0
DT Christian,2021,9,14,24,58.33,4,16.4,9.3,9,0
J Suchith,2021,2,14,6,233.33,0,7,9.43,4,0
RD Chahar,2021,11,14,15,93.33,13,43,7.4,2,0
K Rabada,2021,15,13,6,216.67,15,56,8.14,6,0
Mohammed Shami,2021,14,13,17,76.47,19,52.4,7.5,0,1
YS Chahal,2021,15,10,27,37.04,18,53,7.06,4,0
AM Rahane,2021,1,8,8,100,0,0,,0,0
Mustafizur Rahman,2021,14,8,14,57.14,14,51.5,8.41,0,0
S Kaul,2021,8,8,8,100,7,30,8.23,1,0
Sandeep Sharma,2021,7,8,7,114.29,3,23.3,8.64,0,0
S Gopal,2021,3,7,5,140,0,7,12,0,0
Sachin Baby,2021,1,7,17,41.18,0,0,,0,0
DR Sams,2021,2,6,6,100,1,6,6.5,0,0
FA Allen,2021,3,6,12,50,1,11,8.18,2,0
Avesh Khan,2021,16,5,3,166.67,24,61,7.38,1,0
SN Thakur,2021,16,5,5,100,21,59.5,8.81,2,0
Harbhajan Singh,2021,3,4,4,100,0,7,9,1,0
NM Coulter-Nile,2021,5,4,5,80,7,20,6.35,1,0
TG Southee,2021,3,3,5,60,3,12,7.92,2,0
Arshdeep Singh,2021,12,2,3,66.67,18,41.2,8.27,1,0
CV Varun,2021,17,2,4,50,18,68,6.59,1,1
GHS Garton,2021,5,2,4,50,3,15,9,1,0
Kartik Tyagi,2021,4,2,4,50,4,14,8.86,1,0
Navdeep Saini,2021,2,2,4,50,0,4,13,1,0
T Shamsi,2021,1,2,4,50,0,4,8.5,0,0
TL Seifert,2021,1,2,4,50,0,0,,0,0
DL Chahar,2021,15,1,1,100,14,54,8.35,5,0
KK Ahmed,2021,7,1,2,50,5,27,8.11,0,0
Mujeeb Ur Rahman,2021,1,1,1,100,2,4,7.25,0,0
PWH de Silva,2021,2,1,2,50,0,6,10,0,0
Ravi Bishnoi,2021,9,1,4,25,12,36,6.39,2,1
TA Boult,2021,14,1,4,25,13,51.2,7.91,4,0
TH David,2021,1,1,3,33.33,0,0,,0,0
A Mishra,2021,4,0,0,,6,14,7.79,0,0
A Nortje,2021,8,0,0,,12,30.2,6.16,1,0
AS Roy,2021,0,0,0,,0,0,,1,0
AU Rashid,2021,1,0,0,,0,3,11.67,0,0
Akash Singh,2021,1,0,0,,0,4,9.75,0,0
Anuj Rawat,2021,1,0,1,0,0,0,,4,0
BA Stokes,2021,1,0,3,0,0,1,12,1,0
DS Kulkarni,2021,1,0,0,,0,4,12,0,0
I Sharma,2021,3,0,0,,1,12,8.08,0,0
IC Porel,2021,1,0,0,,1,4,9.75,0,0
Imran Tahir,2021,1,0,0,,2,4,4,0,0
JDS Neesham,2021,3,0,2,0,5,9,7.33,0,0
JR Hazlewood,2021,9,0,0,,11,35,8.37,1,0
Jalaj S Saxena,2021,1,0,0,,0,3,9,0,0
K Gowtham,2021,0,0,0,,0,0,,1,0
K Yadav,2021,1,0,4,0,0,2,8,0,0
KK Nair,2021,0,0,0,,0,0,,0,1
KL Nagarkoti,2021,1,0,2,0,0,2,12.5,3,0
KM Asif,2021,1,0,0,,1,2.1,8.31,0,0
KW Richardson,2021,1,0,0,,1,3,9.67,1,0
L Ngidi,2021,3,0,0,,5,12,10.42,1,0
LI Meriwala,2021,1,0,0,,1,3,10.67,0,0
M Jansen,2021,2,0,3,0,2,6,7.5,1,0
M Markande,2021,1,0,0,,0,3,8.67,0,0
M Prasidh Krishna,2021,10,0,1,0,12,38.3,9.12,3,0
MJ Santner,2021,0,0,0,,0,0,,1,0
PP Chawla,2021,1,0,2,0,1,4,9.5,0,0
RP Meredith,2021,5,0,0,,4,17,9.94,0,0
S Nadeem,2021,1,0,1,0,1,4,9,1,0
S Sandeep Warrier,2021,1,0,0,,0,2,7.5,0,0
SN Khan,2021,2,0,4,0,0,0,,2,1
T Natarajan,2021,2,0,0,,2,8,8.62,0,0
Umran Malik,2021,3,0,0,,2,12,8,0,0
JC Buttler,2022,17,863,579,149.05,0,0,,9,0
KL Rahul,2022,14,616,455,135.38,0,0,,9,2
Q de Kock,2022,15,508,341,148.97,0,0,,12,2
HH Pandya,2022,15,487,371,131.27,8,30.3,7.28,2,2
Shubman Gill,2022,16,483,365,132.33,0,0,,7,0
DA Miller,2022,16,481,337,142.73,0,0,,6,1
F du Plessis,2022,16,468,367,127.52,0,0,,4,1
S Dhawan,2022,14,460,375,122.67,0,0,,10,0
SV Samson,2022,17,458,312,146.79,0,0,,14,3
DJ Hooda,2022,14,451,330,136.67,1,4,10.75,8,0
LS Livingstone,2022,14,437,240,182.08,6,23,8.78,5,0
DA Warner,2022,12,432,287,150.52,0,0,,6,0
Abhishek Sharma,2022,14,426,320,133.12,0,4,9.5,1,0
Ishan Kishan,2022,14,418,348,120.11,0,0,,13,4
RA Tripathi,2022,14,413,261,158.24,0,0,,6,0
SS Iyer,2022,14,401,298,134.56,0,1,7,5,3
Tilak Varma,2022,14,397,303,131.02,0,2,6.5,10,0
AK Markram,2022,12,381,274,139.05,1,6,10.67,6,0
D Padikkal,2022,17,376,306,122.88,0,0,,5,1
RD Gaikwad,2022,14,368,291,126.46,0,0,,4,0
N Rana,2022,14,361,251,143.82,0,2,11.5,6,1
V Kohli,2022,16,341,294,115.99,0,0,,9,0
RR Pant,2022,13,340,224,151.79,0,0,,8,1
AD Russell,2022,13,335,192,174.48,17,28.1,9.87,1,0
RM Patidar,2022,7,333,218,152.75,0,0,,4,0
KD Karthik,2022,16,330,180,183.33,0,0,,10,0
WP Saha,2022,11,317,259,122.39,0,0,,11,3
SO Hetmyer,2022,15,314,204,153.92,0,0,,3,1
N Pooran,2022,13,306,212,144.34,0,0,,8,3
SA Yadav,2022,8,303,208,145.67,0,0,,3,0
GJ Maxwell,2022,13,301,178,169.1,6,24,6.88,5,2
S Dube,2022,11,289,185,156.22,0,2,18,6,0
PP Shaw,2022,10,283,185,152.97,0,0,,4,0
AT Rayudu,2022,11,274,224,122.32,0,0,,4,0
RG Sharma,2022,14,268,223,120.18,0,0,,7,0
YBK Jaiswal,2022,10,258,194,132.99,0,0.1,36,2,0
JM Bairstow,2022,11,253,175,144.57,0,0,,2,2
DP Conway,2022,7,252,173,145.66,0,0,,2,1
MR Marsh,2022,8,251,189,132.8,4,12,8.5,0,0
R Powell,2022,12,250,167,149.7,0,1,17,10,0
MM Ali,2022,10,244,177,137.85,8,23.5,6.63,5,0
JM Sharma,2022,10,234,143,163.64,0,0,,9,2
MS Dhoni,2022,12,232,188,123.4,0,0,,9,1
RV Uthappa,2022,11,230,171,134.5,0,0,,5,1
Shahbaz Ahmed,2022,14,219,181,120.99,4,35,9.6,8,1
R Tewatia,2022,12,217,147,147.62,1,6,12.67,5,1
KS Williamson,2022,12,216,231,93.51,0,0,,10,0
PBB Rajapaksa,2022,9,206,129,159.69,0,0,,4,0
MA Agarwal,2022,12,196,160,122.5,0,0,,10,1
R Ashwin,2022,17,191,135,141.48,12,67,7.51,5,0
TH David,2022,8,186,86,216.28,0,0,,6,0
KH Pandya,2022,13,183,145,126.21,10,38,6.97,7,1
R Parag,2022,14,183,132,138.64,1,4,14.75,17,0
AR Patel,2022,13,182,120,151.67,6,43,7.47,8,0
VR Iyer,2022,12,182,169,107.69,0,4,11.5,4,1
RK Singh,2022,7,174,117,148.72,0,0,,9,1
SW Billings,2022,8,169,138,122.46,0,0,,6,0
A Badoni,2022,11,161,130,123.85,2,2,5.5,8,1
D Brevis,2022,7,161,113,142.48,1,0.3,16,3,0
Lalit Yadav,2022,8,161,146,110.27,4,18,8.33,6,1
MS Wade,2022,10,157,138,113.77,0,0,,7,1
MP Stoinis,2022,10,156,106,147.17,4,7,11.29,4,0
B Sai Sudharsan,2022,5,145,114,127.19,0,0,,1,0
KA Pollard,2022,11,144,134,107.46,4,14,8.93,7,0
AM Rahane,2022,7,133,128,103.91,0,0,,3,1
Anuj Rawat,2022,8,129,118,109.32,0,0,,6,0
SN Thakur,2022,14,120,87,137.93,15,48.2,9.79,6,0
M Shahrukh Khan,2022,8,117,108,108.33,0,0,,3,0
RA Jadeja,2022,10,116,98,118.37,5,33,7.52,7,0
A Manohar,2022,7,108,75,144,0,0,,4,0
Washington Sundar,2022,8,101,69,146.38,6,28,8.54,1,0
Rashid Khan,2022,16,91,44,206.82,19,63.5,6.6,7,0
SN Khan,2022,5,91,67,135.82,0,0,,2,0
MK Pandey,2022,6,88,80,110,0,0,,3,0
AJ Finch,2022,5,86,61,140.98,0,0,,1,0
MK Lomror,2022,5,86,57,150.88,0,2,9,2,0
RD Chahar,2022,13,77,68,113.24,14,46.4,7.71,4,0
E Lewis,2022,5,73,56,130.36,0,0,,3,0
SP Narine,2022,14,71,40,177.5,9,56,5.57,2,0
Shashank Singh,2022,5,69,47,146.81,0,2,10,3,0
SS Prabhudessai,2022,5,67,59,113.56,0,0,,5,2
PJ Cummins,2022,5,63,24,262.5,7,19.5,10.69,1,0
JD Unadkat,2022,5,59,37,159.46,6,20,9.5,1,0
JO Holder,2022,12,58,44,131.82,14,41.3,9.42,4,0
R Shepherd,2022,3,58,41,141.46,3,9,10.89,0,0
UT Yadav,2022,12,55,40,137.5,16,48,7.06,3,0
OF Smith,2022,6,51,44,115.91,6,15,11.87,2,0
K Rabada,2022,13,48,43,111.63,23,48,8.46,2,0
Kuldeep Yadav,2022,14,48,52,92.31,21,49.4,8.44,4,0
PK Garg,2022,2,46,33,139.39,0,0,,3,0
Ramandeep Singh,2022,4,45,40,112.5,6,6,9,0,1
D Pretorius,2022,6,44,28,157.14,6,21,10,2,0
HR Shokeen,2022,5,43,48,89.58,2,15,8.47,2,0
HV Patel,2022,15,43,39,110.26,19,53.3,7.66,2,0
PVD Chameera,2022,12,43,28,153.57,9,44,8.73,2,0
N Jagadeesan,2022,2,40,37,108.11,0,0,,0,0
TA Boult,2022,16,40,29,137.93,16,62,7.94,2,0
DR Sams,2022,11,38,36,105.56,13,42,8.81,7,0
PWH de Silva,2022,16,38,43,88.37,26,57,7.54,1,1
R Dhawan,2022,6,37,40,92.5,6,19,8.21,2,1
DJ Mitchell,2022,2,33,44,75,0,2,13.5,2,0
SE Rutherford,2022,2,33,50,66,0,0,,0,0
JDS Neesham,2022,2,31,27,114.81,0,3,9.67,1,0
Mohammed Siraj,2022,15,30,33,90.91,9,51,10.08,5,0
B Kumar,2022,14,24,26,92.31,12,52.1,7.34,2,1
TL Seifert,2022,2,24,19,126.32,0,0,,1,0
DJ Bravo,2022,10,23,24,95.83,16,34.2,8.71,3,0
Mohsin Khan,2022,9,23,16,143.75,14,33,5.97,1,0
SP Jackson,2022,5,23,26,88.46,0,0,,5,0
Avesh Khan,2022,13,22,13,169.23,19,47.4,8.73,2,0
HE van der Dussen,2022,3,22,24,91.67,0,0,,0,1
Harpreet Brar,2022,5,22,25,88,4,16,9.12,3,0
MJ Santner,2022,6,22,27,81.48,4,19,6.84,1,1
Arshdeep Singh,2022,14,21,29,72.41,10,50,7.7,4,0
B Indrajith,2022,3,21,30,70,0,0,,1,1
M Vohra,2022,1,19,11,172.73,0,0,,0,0
V Shankar,2022,4,19,35,54.29,0,1.3,10,3,1
DJ Willey,2022,4,18,30,60,1,11,6.55,1,0
JR Hazlewood,2022,12,18,26,69.23,20,46.3,8.11,0,0
Mandeep Singh,2022,3,18,23,78.26,0,0,,1,0
KK Nair,2022,2,16,18,88.89,0,0,,1,0
P Simran Singh,2022,1,14,11,127.27,0,0,,0,0
Anmolpreet Singh,2022,2,13,13,100,0,0,,0,0
CV Varun,2022,11,12,18,66.67,6,39.1,8.45,2,0
M Ashwin,2022,8,12,14,85.71,9,29,7.86,0,0
CJ Jordan,2022,4,11,8,137.5,2,12.5,10.52,4,0
RA Bawa,2022,2,11,14,78.57,0,0,,0,0
M Jansen,2022,8,9,7,128.57,7,32,8.56,3,0
S Gopal,2022,1,9,7,128.57,1,3,11.33,0,0
FA Allen,2022,1,8,7,114.29,1,4,11.5,0,0
KS Bharat,2022,2,8,7,114.29,0,0,,0,0
OC McCoy,2022,7,8,5,160,11,26,9.08,1,0
Kartik Tyagi,2022,2,7,6,116.67,1,8,9.88,0,0
M Theekshana,2022,9,7,7,100,12,35,7.46,0,0
Rasikh Salam,2022,2,7,6,116.67,0,4,7,0,0
SA Abbott,2022,1,7,5,140,1,4,11.75,0,0
Simarjeet Singh,2022,6,7,8,87.5,4,18,7.67,1,0
M Prasidh Krishna,2022,17,6,12,50,19,66.3,8.29,2,1
Mukesh Choudhary,2022,13,6,6,100,16,45.3,9.32,3,0
RV Patel,2022,1,6,3,200,0,0,,1,0
AS Joseph,2022,9,5,7,71.43,7,30,8.8,1,1
Aman Hakim Khan,2022,1,5,3,166.67,0,1,13,0,0
LH Ferguson,2022,13,5,4,125,12,47.4,8.96,2,0
VG Arora,2022,5,5,13,38.46,3,17.5,9.2,1,0
YS Chahal,2022,17,5,8,62.5,27,68,7.75,0,0
A Tomar,2022,1,4,8,50,0,0,,0,0
Abdul Samad,2022,2,4,7,57.14,0,1,8,1,0
KS Sharma,2022,1,4,4,100,0,0,,0,0
PN Mankad,2022,1,4,1,400,0,0,,1,0
Umran Malik,2022,14,4,8,50,22,49.2,8.98,3,0
K Kartikeya,2022,4,3,5,60,5,13,7.85,0,0
Mustafizur Rahman,2022,8,3,5,60,8,32,7.62,1,0
Shivam Mavi,2022,6,3,7,42.86,5,22,10.32,4,0
Fazalhaq Farooqi,2022,3,2,8,25,2,12,9.17,0,0
Harshit Rana,2022,2,2,2,100,1,5,10.2,0,0
J Suchith,2022,5,2,8,25,7,18,7.78,3,0
Navdeep Saini,2022,2,2,2,100,3,6,12,2,0
PJ Sangwan,2022,3,2,5,40,3,9,7.22,1,0
T Stubbs,2022,2,2,4,50,0,0,,0,0
TG Southee,2022,9,2,12,16.67,14,35,7.86,3,0
A Nortje,2022,6,1,6,16.67,9,22.2,9.72,2,0
NM Coulter-Nile,2022,1,1,2,50,0,3,16,0,0
AF Milne,2022,1,0,0,,0,2.3,7.6,0,0
AJ Tye,2022,3,0,0,,2,11,9.73,1,0
AS Roy,2022,2,0,2,0,1,7,7.86,1,0
Akash Deep,2022,5,0,2,0,5,18.5,10.88,1,0
Basil Thampi,2022,5,0,0,,5,16,9.5,1,0
C Sakariya,2022,3,0,0,,3,11,7.64,2,0
DG Nalkande,2022,2,0,0,,2,5.1,11.42,0,0
JJ Bumrah,2022,14,0,8,0,15,53.2,7.18,1,0
K Gowtham,2022,4,0,1,0,5,12,8.25,4,0
KK Ahmed,2022,10,0,2,0,16,39.1,8.04,0,0
KL Nagarkoti,2022,1,0,0,,0,2,14.5,2,0
KR Sen,2022,7,0,3,0,8,25.1,9.42,2,0
M Markande,2022,2,0,0,,1,7,8.14,2,0
M Pathirana,2022,2,0,0,,2,6.5,7.61,1,0
Mohammed Shami,2022,16,0,0,,20,61,8,3,0
NT Ellis,2022,2,0,2,0,3,6,9.17,1,0
PH Solanki,2022,2,0,0,,2,6,6.33,0,0
R Sai Kishore,2022,5,0,0,,6,16,7.56,3,0
R Sanjay Yadav,2022,1,0,2,0,0,2,11.5,0,0
RP Meredith,2022,8,0,1,0,8,28,8.43,1,0
Ravi Bishnoi,2022,14,0,1,0,13,54,8.44,3,1
S Kaul,2022,1,0,0,,0,4,10.75,0,0
Sandeep Sharma,2022,5,0,0,,2,20,7.65,2,0
T Natarajan,2022,11,0,0,,18,43,9.44,1,1
TS Mills,2022,5,0,3,0,6,17,11.18,0,0
TU Deshpande,2022,2,0,0,,1,7,9,1,0
VR Aaron,2022,2,0,0,,2,5,10.4,0,0
Yash Dayal,2022,9,0,1,0,11,32,9.25,1,0
Shubman Gill,2023,17,890,564,157.8,0,0,,6,0
F du Plessis,2023,14,730,475,153.68,0,0,,3,0
DP Conway,2023,15,672,481,139.71,0,0,,6,0
V Kohli,2023,14,639,457,139.82,0,0,,13,0
YBK Jaiswal,2023,14,625,382,163.61,0,0,,8,2
SA Yadav,2023,16,605,334,181.14,0,0,,6,0
RD Gaikwad,2023,15,590,400,147.5,0,0,,17,0
DA Warner,2023,14,516,392,131.63,0,0,,7,0
RK Singh,2023,14,474,317,149.53,0,0,,8,0
Ishan Kishan,2023,15,454,318,142.77,0,0,,10,3
C Green,2023,16,452,282,160.28,7,38,9.5,5,0
H Klaasen,2023,11,448,253,177.08,0,0,,3,4
S Dube,2023,14,418,264,158.33,0,0,,6,0
N Rana,2023,14,413,293,140.96,3,8.5,8.49,3,0
MP Stoinis,2023,15,408,272,150,5,10.5,9.23,4,0
VR Iyer,2023,14,404,277,145.85,0,0,,3,0
GJ Maxwell,2023,14,400,218,183.49,3,10.2,9.1,4,0
JC Buttler,2023,14,392,282,139.01,0,0,,9,2
KR Mayers,2023,13,379,263,144.11,0,7,8.43,2,0
S Dhawan,2023,11,373,261,142.91,0,0,,4,0
WP Saha,2023,17,371,287,129.27,0,0,,9,4
B Sai Sudharsan,2023,8,362,256,141.41,0,0,,2,0
SV Samson,2023,14,362,236,153.39,0,0,,3,3
N Pooran,2023,15,358,207,172.95,0,0,,6,0
P Simran Singh,2023,14,358,238,150.42,0,0,,1,0
HH Pandya,2023,15,346,253,136.76,3,25,9.12,7,0
Tilak Varma,2023,11,343,209,164.11,0,1,7,4,0
RG Sharma,2023,16,332,250,132.8,0,0,,1,2
AM Rahane,2023,11,326,189,172.49,0,0,,8,1
JM Sharma,2023,14,309,198,156.06,0,0,,3,1
V Shankar,2023,10,301,188,160.11,0,0,,2,1
SO Hetmyer,2023,13,299,197,151.78,0,0,,11,0
JJ Roy,2023,8,285,188,151.6,0,0,,2,0
AR Patel,2023,13,283,203,139.41,11,47,7.19,7,0
LS Livingstone,2023,9,279,171,163.16,2,7,13.43,3,0
SM Curran,2023,14,276,203,135.96,10,47.5,10.22,5,0
KL Rahul,2023,9,274,242,113.22,0,0,,4,0
RA Tripathi,2023,13,273,213,128.17,0,0,,2,0
MA Agarwal,2023,10,270,210,128.57,0,0,,6,0
D Padikkal,2023,11,261,200,130.5,0,0,,4,0
DA Miller,2023,13,259,178,145.51,0,0,,11,0
AK Markram,2023,13,248,197,125.89,1,8.1,8.57,10,0
N Wadhera,2023,10,241,166,145.18,0,0,,4,1
A Badoni,2023,12,238,172,138.37,0,0.1,0,2,0
TH David,2023,15,231,146,158.22,0,0,,10,1
AD Russell,2023,14,227,156,145.51,7,15.1,11.34,6,1
Rahmanullah Gurbaz,2023,11,227,170,133.53,0,0,,10,0
Abhishek Sharma,2023,11,226,157,143.95,2,12,10.33,4,0
PD Salt,2023,9,218,133,163.91,0,0,,5,1
RR Rossouw,2023,9,209,141,148.23,0,0,,3,0
HC Brook,2023,11,190,154,123.38,0,0,,3,0
RA Jadeja,2023,16,190,133,142.86,20,57,7.56,7,0
KH Pandya,2023,14,188,165,113.94,9,42,7.45,8,0
Atharva Taide,2023,7,186,129,144.19,0,0,,5,0
Abdul Samad,2023,8,169,128,132.03,0,0,,4,0
MK Pandey,2023,9,160,146,109.59,0,0,,3,0
AT Rayudu,2023,12,158,113,139.82,0,0,,2,0
M Shahrukh Khan,2023,12,156,94,165.96,0,0,,7,1
Dhruv Jurel,2023,11,152,88,172.73,0,0,,1,0
Q de Kock,2023,4,143,102,140.2,0,0,,2,1
KD Karthik,2023,13,140,104,134.62,0,0,,8,1
Sikandar Raza,2023,7,139,98,141.84,3,12.1,9.7,5,0
MK Lomror,2023,10,135,97,139.18,0,2,8.5,4,0
Rashid Khan,2023,17,130,60,216.67,27,67,8.24,9,1
MR Marsh,2023,9,128,97,131.96,12,20.1,8.43,3,0
MM Ali,2023,11,124,91,136.26,9,26,7.5,3,2
MW Short,2023,6,117,92,127.17,0,4,6.25,5,0
A Manohar,2023,6,114,83,137.35,0,0,,4,1
SN Thakur,2023,9,113,70,161.43,7,21,10.48,4,0
Aman Hakim Khan,2023,9,110,101,108.91,0,0,,9,0
PP Shaw,2023,8,106,85,124.71,0,0,,1,0
Anmolpreet Singh,2023,4,105,82,128.05,0,0,,1,0
MS Dhoni,2023,12,104,57,182.46,0,0,,7,3
PN Mankad,2023,4,93,72,129.17,0,0,,5,0
Anuj Rawat,2023,7,91,71,128.17,0,0,,3,2
N Jagadeesan,2023,6,89,81,109.88,0,0,,1,0
R Tewatia,2023,10,87,57,152.63,0,2.1,6.92,8,0
DJ Hooda,2023,12,84,90,93.33,0,1,8,10,1
R Parag,2023,7,78,66,118.18,0,0,,1,0
Harpreet Singh,2023,3,76,59,128.81,0,0,,1,0
PBB Rajapaksa,2023,4,71,62,114.52,0,0,,0,0
Vivrant Sharma,2023,2,69,47,146.81,0,3,12.33,0,0
R Ashwin,2023,13,67,51,131.37,15,49,7.51,1,0
Lalit Yadav,2023,6,66,59,111.86,2,13,9.08,4,0
K Gowtham,2023,7,61,37,164.86,3,16,7.38,6,0
Washington Sundar,2023,7,60,60,100,3,17.4,8.26,2,0
MG Bracewell,2023,5,58,47,123.4,6,11,8.64,1,0
SN Khan,2023,4,53,62,85.48,0,0,,2,0
Harpreet Brar,2023,11,52,41,126.83,9,27.1,8.02,2,0
RV Patel,2023,4,49,43,113.95,0,0,,1,0
B Kumar,2023,14,42,47,89.36,16,51,8.33,2,0
Shahbaz Ahmed,2023,6,42,39,107.69,1,7,13.57,5,0
GD Phillips,2023,5,39,22,177.27,1,3,6.67,2,0
M Jansen,2023,8,39,43,90.7,10,27.1,9.79,3,0
A Nortje,2023,10,37,29,127.59,10,40,9.1,1,0
Vishnu Vinod,2023,3,37,31,119.35,0,0,,1,0
DJ Willey,2023,4,35,32,109.38,3,15,7,1,0
SS Prabhudessai,2023,4,35,29,120.69,0,0,,5,1
Abishek Porel,2023,4,33,31,106.45,0,0,,4,0
PWH de Silva,2023,8,33,28,117.86,9,29,8.9,0,1
Kuldeep Yadav,2023,14,31,48,64.58,10,49,7.37,1,0
MD Shanaka,2023,3,26,26,100,0,0,,2,0
PP Chawla,2023,16,25,22,113.64,22,61,8.11,1,0
T Stubbs,2023,2,25,31,80.65,1,2,7,0,0
AS Roy,2023,4,23,19,121.05,3,8,8.12,3,1
HR Shokeen,2023,8,23,17,135.29,3,19,9.84,3,0
AU Rashid,2023,2,22,16,137.5,2,7,8,0,0
PK Garg,2023,2,22,23,95.65,0,0,,0,0
D Wiese,2023,3,21,11,190.91,0,3,12.67,3,0
M Markande,2023,10,21,13,161.54,12,38,7.89,0,0
SP Narine,2023,14,21,25,84,11,48,7.98,1,0
R Dhawan,2023,4,20,12,166.67,1,7,8.57,3,0
Ravi Bishnoi,2023,14,20,27,74.07,16,50.3,7.74,8,0
A Mishra,2023,7,19,30,63.33,7,19,7.84,1,1
UT Yadav,2023,8,19,18,105.56,1,19,9.95,3,0
Umran Malik,2023,8,19,8,237.5,5,20,10.85,1,1
Arshad Khan,2023,6,18,15,120,5,14.1,13.41,1,0
Akash Deep,2023,2,17,8,212.5,1,5,11.8,1,0
AJ Hosein,2023,1,16,10,160,1,4,10,0,0
Naveen-ul-Haq,2023,7,16,21,76.19,11,28.1,7.74,2,0
P Dubey,2023,1,16,20,80,1,3,6.33,0,0
TA Boult,2023,10,16,14,114.29,13,38,8.21,3,0
YV Dhull,2023,3,16,23,69.57,0,0,,2,1
BA Stokes,2023,2,15,14,107.14,0,1,18,2,0
Mandeep Singh,2023,3,14,16,87.5,0,0,,0,0
Arjun Tendulkar,2023,4,13,9,144.44,3,9.5,9.36,0,0
Vijaykumar Vyshak,2023,7,13,9,144.44,9,24,10.54,1,0
JO Holder,2023,8,12,11,109.09,4,28.3,9.96,3,0
KM Jadhav,2023,1,12,10,120,0,0,,1,0
KS Sharma,2023,2,12,21,57.14,0,0,,0,0
MA Wood,2023,4,11,5,220,11,16,8.12,2,0
Sanvir Singh,2023,2,11,9,122.22,0,0,,0,0
A Zampa,2023,6,10,16,62.5,8,22,8.55,0,0
JE Root,2023,1,10,15,66.67,0,2,7,2,0
M Vohra,2023,1,10,11,90.91,0,0,,0,0
JD Unadkat,2023,3,9,7,128.57,0,8,11.5,0,0
Noor Ahmad,2023,13,8,9,88.89,16,47.1,7.82,1,0
AS Joseph,2023,7,7,12,58.33,7,24,9.38,2,0
Mukesh Kumar,2023,10,7,9,77.78,8,31,10.52,1,1
R Powell,2023,3,7,9,77.78,1,2,9,0,0
CJ Jordan,2023,6,6,12,50,3,22,10.77,1,0
HV Patel,2023,13,6,6,100,14,47.1,9.6,2,0
JP Behrendorff,2023,12,6,9,66.67,14,42,9.21,2,0
K Kartikeya,2023,8,6,7,85.71,5,26,8.73,1,0
Mohammed Shami,2023,17,5,6,83.33,28,65.1,7.99,4,0
C Sakariya,2023,2,4,6,66.67,3,8,11.12,0,0
JC Archer,2023,5,4,4,100,2,20,9.5,0,0
Liton Das,2023,1,4,4,100,0,0,,0,0
KV Sharma,2023,7,3,5,60,10,21.3,10.37,0,0
VG Arora,2023,5,3,2,150,5,16,9.12,3,0
Arshdeep Singh,2023,14,2,2,100,17,50.5,9.7,1,0
MJ Santner,2023,3,2,4,50,3,12,6.75,1,0
Sandeep Sharma,2023,12,2,6,33.33,10,46,8.61,4,0
Swapnil Singh,2023,2,2,4,50,0,2,9,0,0
WD Parnell,2023,7,2,5,40,9,25.1,9.38,4,0
Abdul Basith,2023,1,1,1,100,0,0,,0,0
CV Varun,2023,14,1,9,11.11,20,52.4,8.15,3,0
DL Chahar,2023,10,1,2,50,13,34,8.74,1,0
Fazalhaq Farooqi,2023,4,1,5,20,4,13.2,8.78,1,0
I Sharma,2023,8,1,1,100,10,25,8.24,0,0
JR Hazlewood,2023,3,1,2,50,3,9,8.44,0,0
Mohammed Siraj,2023,14,1,2,50,19,50,7.5,4,1
Mohit Rathee,2023,1,1,2,50,0,2,14.5,0,0
Mustafizur Rahman,2023,2,1,1,100,1,7,11.29,0,0
NT Ellis,2023,10,1,7,14.29,13,38,8.92,1,0
Yudhvir Singh,2023,3,1,2,50,3,8,8.75,0,0
Akash Madhwal,2023,8,0,0,,15,25.3,8.59,0,0
Akash Singh,2023,6,0,0,,5,19,9.89,1,0
Avesh Khan,2023,9,0,1,0,8,29,9.76,2,0
D Ferreira,2023,0,0,0,,0,0,,1,0
D Jansen,2023,1,0,0,,1,4,13.25,2,0
D Pretorius,2023,1,0,0,,0,4,7,1,0
DG Nalkande,2023,1,0,1,0,1,4,11,0,0
DR Sams,2023,0,0,0,,0,0,,1,0
Gurnoor Brar,2023,1,0,0,,0,3,14,0,0
H Sharma,2023,1,0,0,,0,3,9.33,0,0
Harshit Rana,2023,6,0,1,0,5,17,8.65,2,0
J Little,2023,10,0,0,,7,34,8.65,5,0
J Yadav,2023,1,0,0,,0,4,6.5,2,0
K Khejroliya,2023,2,0,0,,2,4.2,14.77,0,0
K Rabada,2023,6,0,2,0,7,23.1,9.97,0,0
K Yadav,2023,2,0,0,,2,7,9.71,0,0
KK Ahmed,2023,9,0,0,,9,33,9.12,2,1
KM Asif,2023,4,0,2,0,3,14.1,9.67,1,0
KR Sen,2023,2,0,0,,0,3,9.33,0,0
KS Bharat,2023,0,0,0,,0,0,,1,0
Kartik Tyagi,2023,3,0,0,,1,6.1,14.92,0,0
LH Ferguson,2023,3,0,0,,1,7.4,12.52,0,0
M Ashwin,2023,2,0,0,,0,4,13.25,0,0
M Pathirana,2023,12,0,0,,19,46.2,8.01,4,0
M Theekshana,2023,13,0,0,,11,49,8,3,0
MM Sharma,2023,14,0,1,0,27,44.1,8.17,5,1
Mayank Dagar,2023,3,0,0,,1,11,7.55,0,0
Mohsin Khan,2023,4,0,7,0,3,10,10.7,0,0
NA Saini,2023,1,0,0,,0,2,17,0,0
Navdeep Saini,2023,1,0,0,,3,4,10,0,0
Nithish Kumar Reddy,2023,2,0,0,,0,5,10.8,1,0
OC McCoy,2023,1,0,0,,0,1,13,0,0
R Goyal,2023,1,0,0,,0,4,8.25,1,0
R Shepherd,2023,1,0,1,0,0,0,,0,0
RD Chahar,2023,14,0,9,0,8,49.4,7.75,4,0
RJW Topley,2023,1,0,0,,1,2,7,0,0
RP Meredith,2023,5,0,2,0,7,19.4,10.53,1,0
RS Hangargekar,2023,2,0,0,,3,6,10,0,0
Ramandeep Singh,2023,0,0,0,,0,0,,3,0
SK Rasheed,2023,0,0,0,,0,0,,1,0
SSB Magala,2023,2,0,0,,1,6,8.5,1,0
Shivam Mavi,2023,0,0,0,,0,0,,1,0
Sonu Yadav,2023,0,0,0,,0,0,,0,1
Subhransu Senapati,2023,0,0,0,,0,0,,0,1
Suyash Sharma,2023,11,0,0,,10,39,8.23,0,0
T Natarajan,2023,12,0,0,,10,45,9.11,3,2
TG Southee,2023,2,0,0,,2,6,13.17,0,0
TU Deshpande,2023,16,0,1,0,21,57,9.88,2,0
YS Chahal,2023,14,0,0,,21,52.5,8.18,1,0
Yash Dayal,2023,5,0,0,,2,14,11.79,1,0
Yash Thakur,2023,9,0,0,,13,31.5,9.08,1,1
V Kohli,2024,15,741,479,154.7,0,0,,8,3
RD Gaikwad,2024,14,583,413,141.16,0,0,,5,0
R Parag,2024,14,573,384,149.22,0,3,9,7,0
TM Head,2024,15,567,296,191.55,0,1.4,19.2,0,0
SV Samson,2024,15,531,346,153.47,0,0,,6,2
B Sai Sudharsan,2024,12,527,373,141.29,0,0,,0,0
KL Rahul,2024,14,520,382,136.13,0,0,,15,0
N Pooran,2024,14,499,280,178.21,0,0,,7,1
SP Narine,2024,14,488,270,180.74,17,55,6.69,7,1
Abhishek Sharma,2024,16,484,237,204.22,2,7,7.29,7,0
H Klaasen,2024,15,479,280,171.07,0,0,,8,0
RR Pant,2024,13,446,287,155.4,0,0,,11,0
F du Plessis,2024,15,438,271,161.62,0,0,,8,0
PD Salt,2024,12,435,239,182.01,0,0,,12,2
YBK Jaiswal,2024,15,435,279,155.91,0,0,,4,0
Shubman Gill,2024,12,426,289,147.4,0,0,,1,0
RG Sharma,2024,14,417,278,150,0,0,,3,0
Tilak Varma,2024,13,416,278,149.64,0,0.4,12,9,1
S Dube,2024,14,396,244,162.3,1,1,14,2,0
RM Patidar,2024,13,395,223,177.13,0,0,,3,0
MP Stoinis,2024,14,388,263,147.53,4,14,9,4,0
T Stubbs,2024,13,378,198,190.91,3,2,7.5,7,1
VR Iyer,2024,13,370,233,158.8,0,1,28,4,0
JC Buttler,2024,11,359,255,140.78,0,0,,3,1
Shashank Singh,2024,14,354,215,164.65,1,1,5,7,1
SS Iyer,2024,14,351,239,146.86,0,0,,10,1
SA Yadav,2024,11,345,206,167.48,0,0,,4,0
P Simran Singh,2024,14,334,213,156.81,0,0,,1,0
J Fraser-McGurk,2024,9,330,141,234.04,0,0,,5,1
Abishek Porel,2024,12,327,205,159.51,0,0,,2,1
KD Karthik,2024,13,326,174,187.36,0,0,,4,1
Ishan Kishan,2024,14,320,215,148.84,0,0,,9,2
DJ Mitchell,2024,13,318,223,142.6,1,6,11.67,9,0
Nithish Kumar Reddy,2024,11,303,212,142.92,3,13.1,11.62,5,1
JM Bairstow,2024,11,298,195,152.82,0,0,,8,1
SM Curran,2024,13,270,219,123.29,16,41,10.15,7,0
RA Jadeja,2024,14,267,187,142.78,8,47,7.85,6,0
C Green,2024,13,255,178,143.26,10,35.1,8.62,5,1
Q de Kock,2024,11,250,186,134.41,0,0,,3,1
AM Rahane,2024,12,242,196,123.47,0,0,,1,0
TH David,2024,11,241,152,158.55,0,0,,6,0
A Badoni,2024,12,235,171,137.43,0,2,12.5,3,0
AR Patel,2024,14,235,179,131.28,11,44,7.66,11,0
WG Jacks,2024,8,230,131,175.57,2,9,11.11,3,0
AD Russell,2024,14,222,120,185,19,29.2,10.06,3,0
R Ravindra,2024,10,222,138,160.87,0,2,3.5,8,1
AK Markram,2024,11,220,177,124.29,0,2,7.5,5,0
HH Pandya,2024,13,216,151,143.05,11,36,10.75,4,0
Shahbaz Ahmed,2024,15,215,166,129.52,7,27.3,9.82,3,1
RR Rossouw,2024,8,211,116,181.9,0,0,,4,0
DA Miller,2024,9,210,139,151.08,0,0,,5,1
PP Shaw,2024,8,198,121,163.64,0,0,,2,0
Dhruv Jurel,2024,11,195,141,138.3,0,0,,11,0
Ashutosh Sharma,2024,9,189,113,167.26,0,0,,2,0
R Tewatia,2024,9,188,129,145.74,0,0,,6,0
JM Sharma,2024,12,187,142,131.69,0,0,,13,2
SD Hope,2024,9,183,122,150,0,0,,6,1
Abdul Samad,2024,12,182,108,168.52,0,0,,9,0
DA Warner,2024,8,168,125,134.4,0,0,,5,0
RK Singh,2024,11,168,113,148.67,0,0,,7,0
RA Tripathi,2024,6,165,115,143.48,0,0,,2,0
A Raghuvanshi,2024,7,163,105,155.24,0,0,,4,0
MS Dhoni,2024,11,161,73,220.55,0,0,,10,1
S Dhawan,2024,5,152,121,125.62,0,0,,3,0
DJ Hooda,2024,9,145,105,138.1,0,3,7.33,4,0
Naman Dhir,2024,7,140,79,177.22,0,4.4,11.79,3,1
PJ Cummins,2024,16,136,95,143.16,18,61,9.28,7,1
WP Saha,2024,9,136,115,118.26,0,0,,5,3
KH Pandya,2024,12,133,105,126.67,6,33,7.73,3,0
MM Ali,2024,5,128,98,130.61,2,8,8.88,2,0
M Shahrukh Khan,2024,7,127,75,169.33,0,2,7.5,6,0
MK Lomror,2024,10,125,68,183.82,0,1,18,3,0
Ramandeep Singh,2024,9,125,62,201.61,0,0.4,13.5,8,1
SO Hetmyer,2024,9,113,69,163.77,0,0,,4,0
LS Livingstone,2024,7,111,78,142.31,3,12,7,1,0
N Wadhera,2024,6,109,84,129.76,0,2,6.5,2,0
R Powell,2024,7,103,68,151.47,0,0,,8,0
Rashid Khan,2024,12,102,71,143.66,10,43.4,8.4,6,0
Anuj Rawat,2024,5,98,77,127.27,0,0,,5,0
R Ashwin,2024,14,86,74,116.22,9,55,8.49,4,0
V Shankar,2024,7,83,72,115.28,0,0,,4,0
Arshad Khan,2024,3,78,50,156,1,8.1,11.02,1,0
Harpreet Brar,2024,13,75,54,138.89,7,38,7.97,7,0
D Brevis,2024,3,69,59,116.95,0,0,,1,0
MA Agarwal,2024,4,64,57,112.28,0,0,,2,0
Rahmanullah Gurbaz,2024,2,62,46,134.78,0,0,,5,1
Atharva Taide,2024,2,61,39,156.41,0,0.1,24,0,0
MR Marsh,2024,4,61,38,160.53,1,8,12.88,0,0
R Shepherd,2024,5,57,21,271.43,1,12,13.25,0,0
GJ Maxwell,2024,9,52,43,120.93,6,16,8.06,3,0
Sameer Rizvi,2024,5,51,43,118.6,0,0,,4,0
T Kohler-Cadmore,2024,3,48,54,88.89,0,0,,1,0
Kuldeep Yadav,2024,11,47,41,114.63,16,43,8.65,2,0
Sikandar Raza,2024,2,43,38,113.16,0,2,11,0,0
Azmatullah Omarzai,2024,7,42,33,127.27,4,21,8.86,0,0
MK Pandey,2024,1,42,31,135.48,0,0,,4,0
N Rana,2024,2,42,34,123.53,0,0,,0,0
D Padikkal,2024,7,38,53,71.7,0,0,,4,1
Swapnil Singh,2024,7,37,21,176.19,6,15,8.87,2,1
Mohammad Nabi,2024,6,35,31,112.9,2,12.2,8.84,7,0
SB Dubey,2024,3,33,19,173.68,0,0,,0,0
KV Sharma,2024,9,31,15,206.67,7,24,10.58,5,0
Rasikh Salam,2024,8,28,30,93.33,9,24.3,10.98,1,0
Harpreet Singh,2024,2,27,34,79.41,0,0,,0,0
KS Williamson,2024,2,27,27,100,0,0,,1,0
JD Unadkat,2024,11,24,26,92.31,8,31.1,10.24,0,1
SS Prabhudessai,2024,1,24,18,133.33,0,0,,0,0
Tanush Kotian,2024,1,24,31,77.42,0,0,,0,1
B Kumar,2024,16,23,29,79.31,11,57,9.35,1,0
AJ Turner,2024,2,21,18,116.67,0,0,,0,0
RD Chahar,2024,9,21,15,140,10,31,9,2,0
SN Thakur,2024,9,21,17,123.53,5,31.4,9.76,4,0
Yudhvir Singh,2024,2,21,14,150,1,4,13,0,0
K Rabada,2024,11,20,14,142.86,11,42,8.86,5,0
Gulbadin Naib,2024,1,19,15,126.67,0,1,12,1,0
M Jansen,2024,3,18,13,138.46,1,10,12.9,6,0
Saurav Chauhan,2024,3,18,15,120,0,0,,0,0
Sumit Kumar,2024,3,18,24,75,0,3.2,11.4,1,2
PP Chawla,2024,11,15,15,100,13,35,8.91,1,0
G Coetzee,2024,10,14,22,63.64,13,33.3,10.18,1,0
MJ Santner,2024,3,14,17,82.35,2,9,7.11,1,1
Sanvir Singh,2024,3,14,12,116.67,0,0,,3,0
TA Boult,2024,15,14,16,87.5,16,53.2,8.31,4,0
HV Patel,2024,14,13,19,68.42,24,49,9.73,5,2
R Sai Kishore,2024,5,13,6,216.67,7,15,9.13,1,0
DG Nalkande,2024,3,12,11,109.09,3,4.5,9.31,2,0
JJ Bumrah,2024,13,12,12,100,20,51.5,6.48,1,0
Mohammed Siraj,2024,14,12,8,150,15,54,9.19,3,0
UT Yadav,2024,7,12,15,80,8,21,10,1,0
Avesh Khan,2024,15,10,5,200,20,54.5,9.59,1,0
Lalit Yadav,2024,2,10,12,83.33,0,3,18.67,0,0
A Manohar,2024,2,9,16,56.25,0,0,,2,0
AA Kulkarni,2024,2,9,8,112.5,0,0,,0,0
L Wood,2024,2,9,3,300,1,6,15.5,0,0
MA Starc,2024,13,9,11,81.82,17,41.5,10.61,5,0
D Ferreira,2024,2,8,11,72.73,0,0,,2,0
V Viyaskanth,2024,3,7,5,140,1,10,8.6,2,0
SH Johnson,2024,5,6,7,85.71,4,16,9.44,1,0
Anmolpreet Singh,2024,2,5,6,83.33,0,0,,0,0
Arshad Khan (2),2024,1,5,4,125,0,2,12,0,0
Noor Ahmad,2024,10,5,9,55.56,8,34.5,8.33,5,0
A Nortje,2024,6,4,8,50,7,22,13.36,1,0
Akash Madhwal,2024,5,4,5,80,5,18.1,11.28,1,0
Arshdeep Singh,2024,14,4,3,133.33,19,50.2,10.03,1,0
MS Wade,2024,1,4,6,66.67,0,0,,1,0
Ravi Bishnoi,2024,14,4,6,66.67,10,43.4,8.77,3,1
AS Roy,2024,3,3,3,100,0,5.4,10.59,0,0
Kumar Kushagra,2024,3,3,7,42.86,0,0,,1,0
Mukesh Kumar,2024,10,3,9,33.33,17,35.3,10.37,3,0
RJW Topley,2024,4,3,6,50,4,15,11.2,1,0
RK Bhui,2024,2,3,9,33.33,0,0,,0,0
A Kamboj,2024,3,2,2,100,2,10,11.4,3,0
Akash Deep,2024,1,2,2,100,1,3.3,15.71,0,0
BR Sharath,2024,1,2,5,40,0,0,,1,0
JA Richardson,2024,1,2,2,100,0,4,10,0,0
MM Sharma,2024,11,2,15,13.33,13,39,10.9,3,0
Mohsin Khan,2024,10,2,1,200,10,38,10.13,1,0
Naveen-ul-Haq,2024,10,2,4,50,14,36.3,10.19,4,0
RJ Gleeson,2024,2,2,2,100,1,7.5,9.06,0,0
Shivam Singh,2024,1,2,3,66.67,0,0,,2,0
I Sharma,2024,9,1,7,14.29,10,27,9.81,2,1
KA Maharaj,2024,2,1,2,50,2,6,6.5,1,0
LB Williams,2024,2,1,2,50,1,6.1,11.51,1,0
LH Ferguson,2024,7,1,1,100,9,24,10.62,4,0
MJ Suthar,2024,1,1,2,50,0,2,13,0,0
SZ Mulani,2024,2,1,1,100,0,5,11.4,0,0
VG Arora,2024,10,1,1,100,11,30.1,9.12,1,0
Vijaykumar Vyshak,2024,4,1,3,33.33,4,14.3,9.79,3,0
A Mishra,2024,1,0,0,,1,2,10,0,0
AS Joseph,2024,3,0,0,,1,9.4,11.9,0,0
Arjun Tendulkar,2024,1,0,0,,0,2.2,9.43,0,0
CV Varun,2024,14,0,0,,21,50.1,7.99,3,0
DL Chahar,2024,8,0,0,,5,23.3,8.6,0,0
H Sharma,2024,1,0,0,,0,2,14.5,0,0
Harshit Rana,2024,11,0,0,,19,42.1,9.08,3,0
J Little,2024,1,0,0,,4,4,11.25,0,0
K Gowtham,2024,1,0,0,,0,2,14.5,1,0
KK Ahmed,2024,14,0,0,,17,50,9.58,1,0
KR Sen,2024,3,0,0,,6,12,10.17,1,0
KT Maphaka,2024,2,0,0,,1,6,14.83,0,0
Kartik Tyagi,2024,1,0,0,,0,4,12.75,0,0
M Markande,2024,7,0,0,,8,22,11.77,2,0
M Pathirana,2024,6,0,0,,13,22,7.68,1,0
M Siddharth,2024,3,0,0,,1,9.1,7.64,0,0
M Theekshana,2024,5,0,0,,2,20,7.2,1,0
MJ Henry,2024,4,0,0,,1,12,9.17,0,0
MP Yadav,2024,4,0,0,,7,12.1,6.99,1,0
Mayank Dagar,2024,5,0,1,0,1,11.5,10.14,3,0
Mukesh Choudhary,2024,1,0,0,,0,1,27,0,0
Mustafizur Rahman,2024,9,0,0,,14,34.3,9.19,1,0
N Burger,2024,5,0,0,,7,17,8.53,2,0
N Thushara,2024,7,0,0,,8,26,9.88,1,1
NT Ellis,2024,1,0,0,,1,4,6,0,0
PVD Chameera,2024,1,0,0,,0,3,16,0,0
R Dhawan,2024,1,0,0,,0,3,11.67,0,0
S Gopal,2024,3,0,0,,3,7,9.57,0,0
S Joseph,2024,1,0,0,,0,4,11.75,0,0
S Sandeep Warrier,2024,5,0,0,,6,11,10.82,0,0
Sandeep Sharma,2024,10,0,0,,13,38,8.18,3,1
Simarjeet Singh,2024,4,0,0,,5,12,10.08,2,0
Suyash Sharma,2024,2,0,0,,0,4,12.75,1,0
T Natarajan,2024,14,0,0,,19,51.2,9.06,2,0
TU Deshpande,2024,13,0,1,0,17,48,8.83,2,0
Tanay Thyagarajan,2024,0,0,0,,0,0,,1,1
Umran Malik,2024,1,0,0,,0,1,15,0,0
V Kaverappa,2024,1,0,0,,2,4,9,0,0
Washington Sundar,2024,2,0,1,0,1,5,14.6,0,0
YS Chahal,2024,15,0,0,,18,58,9.41,4,0
Yash Dayal,2024,14,0,0,,15,50.2,9.1,3,1
Yash Thakur,2024,10,0,0,,11,35.3,11.32,1,0
B Sai Sudharsan,2025,15,759,486,156.17,0,0,,7,0
SA Yadav,2025,16,717,427,167.92,0,0,,6,0
V Kohli,2025,15,657,454,144.71,0,0,,3,1
Shubman Gill,2025,15,650,417,155.88,0,0,,8,0
MR Marsh,2025,13,627,383,163.71,0,0,,1,0
SS Iyer,2025,17,604,345,175.07,0,0,,7,0
P Simran Singh,2025,18,599,370,161.89,0,0,,2,0
YBK Jaiswal,2025,14,559,350,159.71,0,0,,10,0
KL Rahul,2025,13,546,363,150.41,0,0,,3,3
Priyansh Arya,2025,18,545,299,182.27,0,0,,8,0
JC Buttler,2025,13,538,330,163.03,0,0,,8,1
N Pooran,2025,14,524,267,196.25,0,0,,8,0
H Klaasen,2025,13,487,282,172.7,0,0,,7,2
AK Markram,2025,13,445,299,148.83,4,11,9.27,7,0
Abhishek Sharma,2025,13,439,227,193.39,0,11,10.18,8,0
RG Sharma,2025,15,418,280,149.29,0,0,,1,0
PD Salt,2025,13,403,229,175.98,0,0,,9,0
R Parag,2025,14,397,238,166.81,3,20,8.5,8,1
AM Rahane,2025,12,390,264,147.73,0,0,,5,0
RD Rickelton,2025,14,388,257,150.97,0,0,,11,3
TM Head,2025,12,374,230,162.61,0,0,,3,0
N Wadhera,2025,15,369,253,145.85,0,0.5,10.8,6,0
S Dube,2025,14,357,270,132.22,0,2,16.5,4,0
Ishan Kishan,2025,13,354,232,152.59,0,0.1,24,8,2
Shashank Singh,2025,14,350,228,153.51,0,2,13.5,7,0
Tilak Varma,2025,13,343,248,138.31,0,0,,9,0
Dhruv Jurel,2025,13,333,213,156.34,0,0,,7,1
A Badoni,2025,11,329,222,148.2,2,1.4,7.8,4,0
RM Patidar,2025,14,312,217,143.78,0,0,,2,0
T Stubbs,2025,13,306,200,153,0,2,20,10,0
Abishek Porel,2025,13,301,205,146.83,0,0,,3,2
RA Jadeja,2025,14,301,222,135.59,10,37.5,8.56,6,1
A Raghuvanshi,2025,11,300,215,139.53,0,0,,2,0
SE Rutherford,2025,11,291,185,157.3,0,0,,1,0
SV Samson,2025,9,285,203,140.39,0,0,,4,0
JP Inglis,2025,11,278,171,162.57,0,0,,9,0
RR Pant,2025,13,269,202,133.17,0,0,,5,1
AR Patel,2025,12,263,167,157.49,5,36,8.69,4,0
JM Sharma,2025,11,261,148,176.35,0,0,,19,0
Naman Dhir,2025,12,252,138,182.61,0,4,5.25,12,0
V Suryavanshi,2025,7,252,122,206.56,0,0,,0,0
D Padikkal,2025,10,247,164,150.61,0,0,,1,0
SP Narine,2025,12,246,144,170.83,12,45,7.8,3,1
SO Hetmyer,2025,13,245,168,145.83,0,0,,13,0
A Mhatre,2025,7,240,127,188.98,0,0,,4,0
Aniket Verma,2025,12,236,142,166.2,0,0,,6,1
WG Jacks,2025,11,233,172,135.47,6,14,8.57,6,0
D Brevis,2025,6,225,125,180,0,0,,6,0
HH Pandya,2025,14,224,137,163.5,14,35,9.77,3,2
N Rana,2025,11,217,134,161.94,0,2,9,2,0
RK Singh,2025,11,206,134,153.73,0,0,,9,1
Ashutosh Sharma,2025,9,204,127,160.63,0,0,,2,0
F du Plessis,2025,9,202,163,123.93,0,0,,4,0
KK Nair,2025,8,198,115,172.17,0,0,,2,2
MS Dhoni,2025,13,196,145,135.17,0,0,,6,1
R Ravindra,2025,8,191,149,128.19,0,0,,2,0
TH David,2025,9,187,101,185.15,0,0,,7,2
Nithish Kumar Reddy,2025,11,182,153,118.95,2,5,9.4,6,0
M Shahrukh Khan,2025,11,179,100,179,1,1,13,5,0
AD Russell,2025,10,167,102,163.73,8,18.1,11.94,4,0
Abdul Samad,2025,12,164,93,176.34,0,0.2,18,4,0
MP Stoinis,2025,11,160,86,186.05,1,14.1,12.35,1,0
DP Conway,2025,6,156,119,131.09,0,0,,2,0
DA Miller,2025,10,153,120,127.5,0,0,,5,0
Q de Kock,2025,8,152,117,129.91,0,0,,3,0
V Nigam,2025,13,142,79,179.75,12,39,9.13,3,1
VR Iyer,2025,7,142,102,139.22,0,0,,4,1
Washington Sundar,2025,5,133,80,166.25,2,10.5,10.25,3,0
RD Gaikwad,2025,5,122,81,150.62,0,0,,3,0
Sameer Rizvi,2025,4,121,79,153.16,0,0,,2,0
V Shankar,2025,5,118,91,129.67,0,0,,2,0
SM Curran,2025,5,114,84,135.71,1,12,11.08,3,0
LS Livingstone,2025,8,112,84,133.33,2,9,8.44,4,0
KH Pandya,2025,15,109,86,126.74,17,46,8.24,6,0
SB Dubey,2025,8,106,66,160.61,0,0,,1,0
R Tewatia,2025,11,99,59,167.8,0,0,,4,0
PJ Cummins,2025,14,97,58,167.24,16,49.4,9.06,5,0
MA Agarwal,2025,4,95,64,148.44,0,0,,0,0
MK Pandey,2025,3,92,65,141.54,0,0,,0,0
PHKD Mendis,2025,5,92,69,133.33,2,7,8.57,1,0
JM Bairstow,2025,2,85,46,184.78,0,0,,1,0
M Jansen,2025,14,75,63,119.05,16,47.2,9.15,6,0
Rahmanullah Gurbaz,2025,5,74,53,139.62,0,0,,2,0
SK Rasheed,2025,5,71,63,112.7,0,0,,1,0
R Shepherd,2025,7,70,24,291.67,6,14,10.79,4,0
Urvil Patel,2025,3,68,32,212.5,0,0,,2,0
JG Bethell,2025,2,67,39,171.79,0,0,,1,0
JC Archer,2025,12,63,50,126,11,45.4,9.42,1,0
A Manohar,2025,5,61,61,100,0,0,,7,0
Azmatullah Omarzai,2025,8,57,41,139.02,8,27,10.33,0,0
Harshit Rana,2025,13,57,53,107.55,15,44,10.18,6,0
J Fraser-McGurk,2025,6,55,52,105.77,0,0,,3,1
RA Tripathi,2025,5,55,57,96.49,0,0,,1,0
GJ Maxwell,2025,6,48,49,97.96,4,13,8.46,5,0
C Bosch,2025,2,47,32,146.88,1,7,7.86,2,0
Ramandeep Singh,2025,7,47,35,134.29,0,0,,5,0
MJ Santner,2025,13,40,33,121.21,10,39.3,7.92,7,1
Rashid Khan,2025,15,40,28,142.86,9,55,9.35,6,0
DL Chahar,2025,14,37,25,148,11,41,9.17,2,0
R Ashwin,2025,9,33,30,110,7,31,9.13,3,0
DJ Hooda,2025,5,31,41,75.61,0,1,15,3,0
Arshad Khan,2025,9,23,19,121.05,6,21,10.33,4,0
Sediqullah Atal,2025,1,22,16,137.5,0,0,,0,0
Avesh Khan,2025,13,21,12,175,13,47.2,10.29,2,0
HV Patel,2025,13,21,26,80.77,16,43.5,9.81,3,0
BKG Mendis,2025,1,20,10,200,0,0,,1,0
Kuldeep Yadav,2025,14,18,16,112.5,15,53,7.36,0,0
SN Thakur,2025,10,18,12,150,15,34,11.03,4,0
G Coetzee,2025,4,17,11,154.55,2,12,10.92,2,0
J Overton,2025,3,15,7,214.29,0,6,13.83,0,0
A Kamboj,2025,8,14,12,116.67,8,21.3,8,1,0
B Kumar,2025,14,14,25,56,17,52,9.29,5,0
MP Breetzke,2025,1,14,12,116.67,0,0,,0,0
Atharva Taide,2025,1,13,9,144.44,0,0,,0,0
Ravi Bishnoi,2025,11,13,16,81.25,9,37,10.84,5,0
Harpreet Brar,2025,7,11,13,84.62,10,22,8.64,0,0
XC Bartlett,2025,4,11,15,73.33,2,10,9.6,5,0
M Theekshana,2025,11,10,27,37.04,11,42,9.76,0,0
Mohammed Shami,2025,9,10,10,100,6,30,11.23,2,0
PVD Chameera,2025,6,10,14,71.43,4,17,11.65,1,0
K Rabada,2025,4,9,8,112.5,2,14,11.57,0,0
PWA Mulder,2025,1,9,11,81.82,0,1,16,1,0
PWH de Silva,2025,11,9,15,60,11,41,9.05,2,1
Shahbaz Ahmed,2025,3,9,8,112.5,1,8.3,12,0,0
KT Maphaka,2025,2,8,2,400,1,5,10.8,2,0
RA Bawa,2025,1,8,4,200,0,0,,3,1
Noor Ahmad,2025,14,7,17,41.18,24,50,8.16,2,0
Suryansh Shedge,2025,3,7,11,63.64,0,3,13.33,1,0
TU Deshpande,2025,10,7,8,87.5,9,32,10.62,2,0
Akash Deep,2025,6,6,2,300,3,19,12.05,0,0
MA Starc,2025,11,6,10,60,14,38.5,10.3,7,0
R Minz,2025,2,6,15,40,0,0,,0,0
Sandeep Sharma,2025,10,6,5,120,9,37.1,10.06,0,0
MM Ali,2025,5,5,14,35.71,6,16,8.5,2,0
Prince Yadav,2025,6,5,10,50,3,22.5,9.85,2,1
R Powell,2025,1,5,5,100,0,0,,1,0
R Sai Kishore,2025,15,5,10,50,19,42.3,9.25,4,0
Akash Madhwal,2025,4,4,9,44.44,4,15,11.07,0,0
LH Ferguson,2025,4,4,1,400,6,11.2,9.18,0,0
Yash Dayal,2025,15,4,8,50,13,49,9.59,3,0
K Kartikeya,2025,4,3,5,60,2,8,9.75,0,0
M Tiwari,2025,1,3,4,75,0,1,14,2,0
Mohammed Siraj,2025,15,3,4,75,16,57,9.25,5,0
Simarjeet Singh,2025,4,3,7,42.86,2,10,14.1,0,0
Arshdeep Singh,2025,16,2,6,33.33,21,58.2,8.88,4,1
Fazalhaq Farooqi,2025,5,2,2,100,0,17,12.35,0,0
SH Johnson,2025,4,2,4,50,1,11.2,11.74,1,0
TA Boult,2025,16,2,3,66.67,22,57.4,8.97,1,0
CV Varun,2025,13,1,1,100,17,50,7.66,2,0
D Ferreira,2025,1,1,3,33.33,0,0,,0,0
DS Rathi,2025,13,1,3,33.33,14,52,8.25,3,0
KK Ahmed,2025,14,1,2,50,15,46.4,9.58,1,1
KV Sharma,2025,5,1,1,100,7,15,8.53,1,0
MM Sharma,2025,8,1,3,33.33,2,25,10.28,1,0
MS Bhandage,2025,1,1,4,25,0,0,,2,0
PVSN Raju,2025,2,1,1,100,1,4,13.25,1,0
A Nortje,2025,2,0,0,,1,7,11.86,1,0
A Zampa,2025,2,0,0,,2,8,11.75,0,0
AS Roy,2025,1,0,1,0,1,4,6.75,1,0
Akash Singh,2025,3,0,0,,4,11.1,8.87,0,0
Ashok Sharma,2025,0,0,0,,0,0,,1,0
Ashwani Kumar,2025,7,0,0,,11,20.3,11.32,2,0
C Sakariya,2025,1,0,0,,0,3,13,0,0
E Malinga,2025,7,0,0,,13,26.4,8.92,1,1
Harsh Dubey,2025,3,0,0,,5,10,9.8,0,0
Himmat Singh,2025,0,0,0,,0,0,,1,0
I Sharma,2025,7,0,0,,4,18.2,11.18,2,0
JD Unadkat,2025,7,0,0,,11,23.5,7.34,0,1
JJ Bumrah,2025,12,0,1,0,18,47.2,6.68,2,0
JR Hazlewood,2025,12,0,1,0,22,44,8.77,1,0
K Khejroliya,2025,1,0,0,,1,3,9.67,1,0
KA Jamieson,2025,4,0,5,0,5,15,9.8,0,0
KS Rathore,2025,1,0,5,0,0,0,,0,0
Karim Janat,2025,1,0,0,,0,1,30,0,0
L Ngidi,2025,2,0,2,0,4,8,10.12,0,0
M Pathirana,2025,12,0,0,,13,41.5,10.14,3,0
M Prasidh Krishna,2025,15,0,0,,25,59,8.27,4,0
M Siddharth,2025,2,0,0,,2,7,9.57,1,0
MJ Owen,2025,1,0,2,0,0,0,,2,0
MK Lomror,2025,0,0,0,,0,0,,1,0
MP Yadav,2025,2,0,0,,2,8,12.5,2,0
Mujeeb Ur Rahman,2025,1,0,0,,1,2,14,0,0
Mukesh Choudhary,2025,2,0,0,,1,6,11.83,0,0
Mukesh Kumar,2025,12,0,0,,12,39.3,10.33,1,0
Musheer Khan,2025,1,0,3,0,1,2,13.5,0,0
Mustafizur Rahman,2025,3,0,1,0,4,11,7.91,0,0
N Thushara,2025,1,0,0,,1,4,6.5,0,0
NT Ellis,2025,1,0,0,,1,4,9.5,0,0
P Dubey,2025,1,0,0,,1,2,10,1,0
RD Chahar,2025,1,0,0,,0,1,9,0,0
RJ Gleeson,2025,1,0,0,,1,3.3,11.14,0,0
RJW Topley,2025,1,0,0,,0,3,13.33,1,0
Rasikh Salam,2025,2,0,0,,1,6,11.67,1,0
Suyash Sharma,2025,14,0,0,,8,50,8.84,1,0
T Natarajan,2025,2,0,0,,1,4.1,12.72,0,0
T Vijay,2025,0,0,0,,0,0,,1,0
V Puthur,2025,5,0,0,,6,12,9.08,1,0
VG Arora,2025,12,0,8,0,17,42.3,10.12,4,0
Vijaykumar Vyshak,2025,5,0,0,,4,17,10.65,1,0
W O'Rourke,2025,3,0,0,,6,10.2,12.77,1,0
YS Chahal,2025,13,0,0,,16,45,9.56,2,0
Yash Thakur,2025,2,0,0,,1,6.3,12.15,0,0
Yudhvir Singh,2025,4,0,0,,4,11.1,11.64,0,0
Zeeshan Ansari,2025,10,0,0,,6,33.5,9.84,3,0
V Suryavanshi,2026,16,776,327,237.31,0,0,,2,0
Shubman Gill,2026,16,732,449,163.03,0,0,,12,2
B Sai Sudharsan,2026,17,722,457,157.99,0,0,,4,1
V Kohli,2026,16,675,407,165.85,0,0,,9,0
H Klaasen,2026,15,624,390,160,0,0,,13,0
Ishan Kishan,2026,15,602,330,182.42,0,0,,8,3
KL Rahul,2026,14,593,340,174.41,0,0,,2,1
Abhishek Sharma,2026,15,563,275,204.73,0,4.5,10.14,10,0
MR Marsh,2026,13,563,345,163.19,0,0,,4,0
JC Buttler,2026,17,526,345,152.46,0,0,,25,1
Dhruv Jurel,2026,16,515,333,154.65,0,0,,18,4
P Simran Singh,2026,13,510,302,168.87,0,0,,7,1
RM Patidar,2026,14,501,260,192.69,0,0,,10,0
SS Iyer,2026,13,498,295,168.81,0,0,,8,0
C Connolly,2026,13,491,301,163.12,0,0,,4,1
SV Samson,2026,14,477,288,165.62,0,0,,4,1
D Padikkal,2026,15,464,275,168.73,0,0,,13,1
RD Rickelton,2026,12,448,240,186.67,0,0,,9,0
YBK Jaiswal,2026,16,427,280,152.5,0,0,,4,1
A Raghuvanshi,2026,12,422,288,146.53,0,0,,5,1
TM Head,2026,15,410,241,170.12,1,1,7,0,0
Washington Sundar,2026,16,377,251,150.2,1,9.1,9.16,6,0
Priyansh Arya,2026,13,364,172,211.63,0,0,,2,0
Tilak Varma,2026,14,359,246,145.93,0,0,,12,0
FH Allen,2026,11,349,163,214.11,0,0,,1,0
RD Gaikwad,2026,14,337,273,123.44,0,0,,5,3
AM Rahane,2026,14,335,248,135.08,0,0,,8,0
C Green,2026,14,322,221,145.7,7,22,10.64,8,0
Naman Dhir,2026,14,318,216,147.22,0,0,,9,0
D Ferreira,2026,13,317,177,179.1,1,3,13.67,13,0
RR Pant,2026,13,313,227,137.89,0,0,,10,1
R Parag,2026,14,309,196,157.65,2,4,9.5,4,0
TH David,2026,15,305,162,188.27,0,1,18,3,0
Nithish Kumar Reddy,2026,14,302,176,171.59,8,31,10.42,10,0
RK Singh,2026,11,299,199,150.25,0,0,,11,0
Kartik Sharma,2026,11,295,216,136.57,0,0,,1,0
RG Sharma,2026,9,283,180,157.22,0,0,,0,0
P Nissanka,2026,10,278,175,158.86,0,0,,2,0
T Stubbs,2026,13,275,216,127.31,0,0,,7,0
S Dube,2026,12,270,170,158.82,1,5,12.8,4,0
SA Yadav,2026,13,270,183,147.54,0,0,,3,0
JP Inglis,2026,5,266,143,186.01,0,0,,1,0
RA Jadeja,2026,12,266,197,135.03,10,33,8.39,1,0
Sameer Rizvi,2026,9,252,171,147.37,0,0,,3,1
N Pooran,2026,14,234,184,127.17,0,0,,5,1
AK Markram,2026,11,231,168,137.5,0,6,13.83,8,0
KH Pandya,2026,15,226,155,145.81,14,50.3,8.42,2,0
N Rana,2026,9,225,149,151.01,0,4,13.75,3,1
MP Stoinis,2026,9,216,120,180,2,7.5,12.51,1,0
A Badoni,2026,10,215,141,152.48,0,1,14,1,1
DA Miller,2026,10,211,137,154.01,0,0,,7,0
VR Iyer,2026,6,209,112,186.61,0,0,,1,0
HH Pandya,2026,10,206,149,138.26,4,22.4,11.43,2,0
PD Salt,2026,6,202,120,168.33,0,0,,6,0
A Mhatre,2026,6,201,113,177.88,0,0,,0,0
R Powell,2026,7,190,141,134.75,0,0,,6,0
R Tewatia,2026,15,190,132,143.94,0,0,,2,0
AR Patel,2026,13,173,132,131.06,11,44,8.18,7,0
Ashutosh Sharma,2026,8,171,94,181.91,0,0,,2,0
MD Choudhary,2026,10,170,120,141.67,0,0,,3,0
SN Khan,2026,7,161,95,169.47,0,0,,6,0
Suryansh Shedge,2026,7,158,90,175.56,0,0,,3,0
D Brevis,2026,8,151,118,127.97,0,0,,12,1
WG Jacks,2026,7,139,76,182.89,2,8.5,10.64,2,0
J Overton,2026,10,136,86,158.14,14,28,8.89,1,0
Q de Kock,2026,3,132,81,162.96,0,0,,2,0
Shashank Singh,2026,9,132,70,188.57,4,10,8.8,1,0
Urvil Patel,2026,7,129,64,201.56,0,0,,6,0
SE Rutherford,2026,7,123,75,164,0,0,,1,0
S Arora,2026,10,121,77,157.14,0,0,,3,0
Abdul Samad,2026,7,116,88,131.82,0,0.1,36,2,0
JM Sharma,2026,12,116,95,122.11,0,0,,15,0
Abishek Porel,2026,4,108,88,122.73,0,0,,0,0
JG Bethell,2026,7,96,77,124.68,0,0,,4,0
Himmat Singh,2026,5,92,69,133.33,0,0,,1,0
PR Veer,2026,5,90,67,134.33,0,2,12.5,0,0
R Shepherd,2026,13,83,66,125.76,7,25,11.92,3,0
Ramandeep Singh,2026,6,82,68,120.59,1,2.4,11.62,5,0
SB Dubey,2026,6,81,58,139.66,0,0,,0,0
Aniket Verma,2026,8,79,54,146.3,0,0,,5,0
SO Hetmyer,2026,7,78,69,113.04,0,0,,5,0
MK Pandey,2026,2,70,49,142.86,0,0,,4,0
GD Phillips,2026,5,67,54,124.07,0,0,,8,0
JO Holder,2026,11,65,52,125,17,38.2,7.57,8,0
N Wadhera,2026,6,65,57,114.04,0,0,,2,0
JC Archer,2026,16,64,47,136.17,25,60,9.32,8,1
MD Shanaka,2026,5,63,46,136.96,1,6,10,2,0
N Sindhu,2026,5,63,50,126,0,0,,3,0
MW Short,2026,3,60,51,117.65,0,3.1,12.32,2,0
A Kamboj,2026,14,58,38,152.63,21,50.2,10.53,2,0
Shahbaz Ahmed,2026,5,58,41,141.46,5,11.1,11.64,0,0
Shivang Kumar,2026,13,53,46,115.22,9,39,9.62,0,1
AS Roy,2026,12,52,39,133.33,9,27.1,9.61,8,1
Azmatullah Omarzai,2026,3,52,27,192.59,3,11,9.36,0,0
M Jansen,2026,12,51,45,113.33,9,47.2,10.2,7,0
C Bosch,2026,6,50,31,161.29,12,20.1,9.67,4,1
Rashid Khan,2026,17,50,41,121.95,21,56.5,9.08,4,0
K Rabada,2026,17,47,38,123.68,29,64.4,9.68,5,0
SU Parakh,2026,4,46,33,139.39,0,0,,1,0
M Shahrukh Khan,2026,5,43,33,130.3,0,0,,3,0
SP Narine,2026,13,40,32,125,17,51.3,6.6,2,0
Salil Arora,2026,1,35,21,166.67,0,0,,0,0
B Kumar,2026,16,34,26,130.77,29,63,7.95,1,0
GF Linde,2026,3,31,21,147.62,1,6.1,8.92,0,0
Mohammed Shami,2026,13,31,22,140.91,12,51,9,3,0
PJ Cummins,2026,8,30,19,157.89,8,32,9.59,2,0
Akshat Raghuwanshi,2026,2,29,25,116,0,0,,1,0
XC Bartlett,2026,9,29,13,223.08,5,33.3,11.58,10,0
MJ Santner,2026,4,26,19,136.84,5,14,8.93,1,0
TU Deshpande,2026,7,26,14,185.71,4,23,11.96,2,0
DL Chahar,2026,8,25,19,131.58,8,25.3,10.39,1,0
SN Thakur,2026,7,24,30,80,12,22,12.27,0,0
Arshad Khan,2026,6,23,11,209.09,6,17.2,9.92,2,0
R Smaran,2026,4,19,25,76,0,0,,4,0
TL Seifert,2026,3,19,18,105.56,0,0,,2,1
KK Nair,2026,2,18,18,100,0,0,,1,0
Kumar Kushagra,2026,1,18,14,128.57,0,0,,1,0
M Tiwari,2026,3,18,8,225,4,10,8.7,1,0
AA Kulkarni,2026,2,17,25,68,0,0,,0,0
RA Bawa,2026,2,16,14,114.29,2,4,12.5,3,0
LS Livingstone,2026,2,15,25,60,0,0,,5,0
V Nigam,2026,5,15,10,150,2,9,12.56,0,0
Vishnu Vinod,2026,1,15,8,187.5,0,0,,0,0
Auqib Nabi,2026,5,14,4,350,0,13,11.46,1,0
N Burger,2026,13,14,9,155.56,14,43.3,10.11,3,0
Harsh Dubey,2026,8,13,9,144.44,8,22,10.36,3,0
KA Jamieson,2026,2,12,13,92.31,2,7,12.86,0,0
T Dahiya,2026,2,12,15,80,0,0,,1,0
Kartik Tyagi,2026,13,11,10,110,18,51,9.76,3,0
Noor Ahmad,2026,14,11,23,47.83,13,51,8.39,4,0
HV Patel,2026,5,10,9,111.11,0,13.4,10.83,0,0
Krish Bhagat,2026,3,10,21,47.62,0,6,10.5,1,0
Kuldeep Yadav,2026,11,9,21,42.86,10,37,10.3,1,0
TA Boult,2026,5,8,4,200,2,16.1,11.63,1,0
E Malinga,2026,15,7,17,41.18,20,54.2,9.33,4,1
JJ Bumrah,2026,13,7,7,100,4,49,8.37,1,1
LG Pretorius,2026,2,7,8,87.5,0,0,,0,0
MJ Henry,2026,3,7,10,70,2,10,13,1,0
Avesh Khan,2026,7,6,6,100,6,24.4,11.07,2,0
DA Payne,2026,2,6,5,120,2,5,14,0,0
M Prasidh Krishna,2026,12,6,7,85.71,16,39,10.44,5,1
R Minz,2026,2,6,4,150,0,0,,0,0
AJ Hosein,2026,7,5,3,166.67,8,24.4,8.03,2,0
Arjun Tendulkar,2026,1,5,5,100,1,4,9,1,0
CV Varun,2026,11,5,6,83.33,11,41,8.78,2,1
Harpreet Brar,2026,2,5,3,166.67,2,8,7.5,1,0
MP Yadav,2026,4,5,5,100,0,16,11.38,0,0
Mohammed Siraj,2026,17,5,16,31.25,19,62,9.06,4,0
Sakib Hussain,2026,11,5,7,71.43,15,42,9.45,1,0
JD Unadkat,2026,4,4,3,133.33,4,12.5,10.91,3,0
L Ngidi,2026,11,4,7,57.14,13,41.2,8.23,0,0
Ravi Singh,2026,1,4,2,200,0,0,,0,1
SR Dubey,2026,4,4,2,200,5,12.5,8.26,0,0
PP Hinge,2026,7,3,9,33.33,14,26,11.73,2,0
Rasikh Salam,2026,12,3,2,150,20,42.5,9.46,2,0
AF Milne,2026,1,2,2,100,0,3.2,12.3,0,0
AM Ghazanfar,2026,11,2,3,66.67,15,38.5,10.02,1,0
Brijesh Sharma,2026,13,2,4,50,14,45.3,9.89,1,0
DS Rathi,2026,10,2,5,40,5,39,10.18,4,0
DV Malewar,2026,2,2,5,40,0,0,,0,0
Mukesh Choudhary,2026,8,2,2,100,8,28,8.89,2,1
Vijaykumar Vyshak,2026,9,2,4,50,9,31,10.65,1,1
Arshdeep Singh,2026,14,1,1,100,14,53,10.21,4,0
Ashok Sharma,2026,6,1,4,25,6,21,10.86,1,0
Ashwani Kumar,2026,3,1,6,16.67,6,10,10.2,0,0
SS Mishra,2026,2,1,3,33.33,2,6.2,10.58,0,0
T Natarajan,2026,10,1,2,50,6,31.5,11.18,2,0
VG Arora,2026,10,1,3,33.33,11,38,10.26,2,0
A Nortje,2026,1,0,1,0,0,4,9.75,0,0
Abhinandan Singh,2026,3,0,0,,3,9.4,12.62,2,0
Akash Singh,2026,2,0,0,,4,7,11.43,1,0
B Muzarabani,2026,2,0,0,,4,7,10.71,0,0
BJ Dwarshuis,2026,1,0,0,,1,4,12.75,1,0
D Madushanka,2026,1,0,0,,1,4,9,2,0
Gurjapneet Singh,2026,8,0,0,,4,25.1,9.26,5,0
JA Duffy,2026,6,0,0,,9,24,10.96,1,0
JM Cox,2026,0,0,0,,0,0,,1,0
JR Hazlewood,2026,13,0,1,0,15,51.3,9.59,6,0
K Khejroliya,2026,1,0,0,,0,2,15.5,0,0
KK Ahmed,2026,5,0,0,,2,16.5,8.67,0,0
LH Ferguson,2026,3,0,0,,1,11,12.82,0,0
M Markande,2026,3,0,0,,0,5,15.2,1,0
M Pathirana,2026,1,0,0,,0,1.2,6.75,0,0
M Siddharth,2026,4,0,0,,6,15,9.67,2,0
MA Starc,2026,6,0,2,0,11,22,10.18,2,1
MJ Suthar,2026,3,0,0,,2,6,11.33,2,0
Mohsin Khan,2026,7,0,4,0,11,28,8.14,2,0
Mukesh Kumar,2026,10,0,0,,6,31.2,11.27,2,0
Navdeep Saini,2026,1,0,0,,0,3,12.33,0,0
P Dubey,2026,0,0,0,,0,0,,2,0
PVD Chameera,2026,1,0,3,0,0,2,9,0,0
Prince Yadav,2026,14,0,1,0,17,52.1,8.88,3,0
R Sai Kishore,2026,2,0,0,,1,4,11.5,0,0
RD Chahar,2026,1,0,0,,0,4,11.5,1,0
RS Ghosh,2026,1,0,0,,1,3,8,1,0
Raghu Sharma,2026,5,0,0,,1,15,8.67,0,0
Ravi Bishnoi,2026,9,0,3,0,11,26,9.88,4,0
SH Johnson,2026,3,0,1,0,2,11,10.18,1,0
Sandeep Sharma,2026,6,0,0,,5,19.4,11.39,2,0
Suyash Sharma,2026,12,0,0,,9,40.5,9.21,0,0
T Vijay,2026,1,0,0,,0,2,14.5,1,0
YS Chahal,2026,12,0,0,,12,41,9.39,3,0
Yash Raj Punja,2026,8,0,0,,9,30,9.3,0,0
Yash Thakur,2026,1,0,0,,2,4,13.75,0,0
